block=-2 position=0 command=['/tmp/mostream-ms-bench-8evqzlt5/PADDEDFAA', '50000', '4', '8', '1024', '160']
[36m{MoStream} Starting pipeline execution with 2 stages and total parallelism of 8 nodes[0m
[36m{MoStream} Cooperative MoStream runtime is used[0m
[36m{MoStream} CPU pinning is disabled[0m
[36m{MoStream} Pipeline starts...[0m
[36m{MoStream} ...terminated successfully![0m
PIPE_COOP_MPMC_RESULT backend= PADDEDFAA  producers= 4  consumers= 4  workers= 8  capacity= 1024  work_iterations= 160  messages= 200000  time_ms= 424.815929  throughput_Mtransfer_s= 0.47079213924673713  count= 200000  checksum= 476513354054716080  valid= True

block=-2 position=1 command=['/tmp/mostream-ms-bench-8evqzlt5/MICHAELSCOTT', '50000', '4', '8', '1024', '160']
[36m{MoStream} Starting pipeline execution with 2 stages and total parallelism of 8 nodes[0m
[36m{MoStream} Cooperative MoStream runtime is used[0m
[36m{MoStream} CPU pinning is disabled[0m
[36m{MoStream} Pipeline starts...[0m
[36m{MoStream} ...terminated successfully![0m
PIPE_COOP_MPMC_RESULT backend= MICHAELSCOTT  producers= 4  consumers= 4  workers= 8  capacity= 1024  work_iterations= 160  messages= 200000  time_ms= 440.579784  throughput_Mtransfer_s= 0.45394729232515124  count= 200000  checksum= 476513354054716080  valid= True

block=-2 position=2 command=['/tmp/mostream-ms-bench-8evqzlt5/MPMC', '50000', '4', '8', '1024', '160']
[36m{MoStream} Starting pipeline execution with 2 stages and total parallelism of 8 nodes[0m
[36m{MoStream} Cooperative MoStream runtime is used[0m
[36m{MoStream} CPU pinning is disabled[0m
[36m{MoStream} Pipeline starts...[0m
[36m{MoStream} ...terminated successfully![0m
PIPE_COOP_MPMC_RESULT backend= MPMC  producers= 4  consumers= 4  workers= 8  capacity= 1024  work_iterations= 160  messages= 200000  time_ms= 436.416443  throughput_Mtransfer_s= 0.458277874740847  count= 200000  checksum= 476513354054716080  valid= True

block=-2 position=3 command=['/tmp/mostream-ms-bench-8evqzlt5/SCQ', '50000', '4', '8', '1024', '160']
[36m{MoStream} Starting pipeline execution with 2 stages and total parallelism of 8 nodes[0m
[36m{MoStream} Cooperative MoStream runtime is used[0m
[36m{MoStream} CPU pinning is disabled[0m
[36m{MoStream} Pipeline starts...[0m
[36m{MoStream} ...terminated successfully![0m
PIPE_COOP_MPMC_RESULT backend= SCQ  producers= 4  consumers= 4  workers= 8  capacity= 1024  work_iterations= 160  messages= 200000  time_ms= 457.018058  throughput_Mtransfer_s= 0.43761946929458095  count= 200000  checksum= 476513354054716080  valid= True

block=-2 position=0 command=['/tmp/mostream-ms-bench-8evqzlt5/SCQ', '50000', '4', '4', '1024', '160']
[36m{MoStream} Starting pipeline execution with 2 stages and total parallelism of 8 nodes[0m
[36m{MoStream} Cooperative MoStream runtime is used[0m
[36m{MoStream} CPU pinning is disabled[0m
[36m{MoStream} Pipeline starts...[0m
[36m{MoStream} ...terminated successfully![0m
PIPE_COOP_MPMC_RESULT backend= SCQ  producers= 4  consumers= 4  workers= 4  capacity= 1024  work_iterations= 160  messages= 200000  time_ms= 554.021742  throughput_Mtransfer_s= 0.3609966628349398  count= 200000  checksum= 476513354054716080  valid= True

block=-2 position=1 command=['/tmp/mostream-ms-bench-8evqzlt5/MICHAELSCOTT', '50000', '4', '4', '1024', '160']
[36m{MoStream} Starting pipeline execution with 2 stages and total parallelism of 8 nodes[0m
[36m{MoStream} Cooperative MoStream runtime is used[0m
[36m{MoStream} CPU pinning is disabled[0m
[36m{MoStream} Pipeline starts...[0m
[36m{MoStream} ...terminated successfully![0m
PIPE_COOP_MPMC_RESULT backend= MICHAELSCOTT  producers= 4  consumers= 4  workers= 4  capacity= 1024  work_iterations= 160  messages= 200000  time_ms= 495.985241  throughput_Mtransfer_s= 0.4032378052152564  count= 200000  checksum= 476513354054716080  valid= True

block=-2 position=2 command=['/tmp/mostream-ms-bench-8evqzlt5/PADDEDFAA', '50000', '4', '4', '1024', '160']
[36m{MoStream} Starting pipeline execution with 2 stages and total parallelism of 8 nodes[0m
[36m{MoStream} Cooperative MoStream runtime is used[0m
[36m{MoStream} CPU pinning is disabled[0m
[36m{MoStream} Pipeline starts...[0m
[36m{MoStream} ...terminated successfully![0m
PIPE_COOP_MPMC_RESULT backend= PADDEDFAA  producers= 4  consumers= 4  workers= 4  capacity= 1024  work_iterations= 160  messages= 200000  time_ms= 438.044815  throughput_Mtransfer_s= 0.45657428909414216  count= 200000  checksum= 476513354054716080  valid= True

block=-2 position=3 command=['/tmp/mostream-ms-bench-8evqzlt5/MPMC', '50000', '4', '4', '1024', '160']
[36m{MoStream} Starting pipeline execution with 2 stages and total parallelism of 8 nodes[0m
[36m{MoStream} Cooperative MoStream runtime is used[0m
[36m{MoStream} CPU pinning is disabled[0m
[36m{MoStream} Pipeline starts...[0m
[36m{MoStream} ...terminated successfully![0m
PIPE_COOP_MPMC_RESULT backend= MPMC  producers= 4  consumers= 4  workers= 4  capacity= 1024  work_iterations= 160  messages= 200000  time_ms= 465.24021  throughput_Mtransfer_s= 0.4298854563753206  count= 200000  checksum= 476513354054716080  valid= True

block=-2 position=0 command=['/tmp/mostream-ms-bench-8evqzlt5/MICHAELSCOTT', '50000', '4', '1', '1024', '160']
[36m{MoStream} Starting pipeline execution with 2 stages and total parallelism of 8 nodes[0m
[36m{MoStream} Cooperative MoStream runtime is used[0m
[36m{MoStream} CPU pinning is disabled[0m
[36m{MoStream} Pipeline starts...[0m
[36m{MoStream} ...terminated successfully![0m
PIPE_COOP_MPMC_RESULT backend= MICHAELSCOTT  producers= 4  consumers= 4  workers= 1  capacity= 1024  work_iterations= 160  messages= 200000  time_ms= 315.851518  throughput_Mtransfer_s= 0.6332089244541798  count= 200000  checksum= 476513354054716080  valid= True

block=-2 position=1 command=['/tmp/mostream-ms-bench-8evqzlt5/MPMC', '50000', '4', '1', '1024', '160']
[36m{MoStream} Starting pipeline execution with 2 stages and total parallelism of 8 nodes[0m
[36m{MoStream} Cooperative MoStream runtime is used[0m
[36m{MoStream} CPU pinning is disabled[0m
[36m{MoStream} Pipeline starts...[0m
[36m{MoStream} ...terminated successfully![0m
PIPE_COOP_MPMC_RESULT backend= MPMC  producers= 4  consumers= 4  workers= 1  capacity= 1024  work_iterations= 160  messages= 200000  time_ms= 307.835375  throughput_Mtransfer_s= 0.6496979107745495  count= 200000  checksum= 476513354054716080  valid= True

block=-2 position=2 command=['/tmp/mostream-ms-bench-8evqzlt5/PADDEDFAA', '50000', '4', '1', '1024', '160']
[36m{MoStream} Starting pipeline execution with 2 stages and total parallelism of 8 nodes[0m
[36m{MoStream} Cooperative MoStream runtime is used[0m
[36m{MoStream} CPU pinning is disabled[0m
[36m{MoStream} Pipeline starts...[0m
[36m{MoStream} ...terminated successfully![0m
PIPE_COOP_MPMC_RESULT backend= PADDEDFAA  producers= 4  consumers= 4  workers= 1  capacity= 1024  work_iterations= 160  messages= 200000  time_ms= 307.433358  throughput_Mtransfer_s= 0.650547491986865  count= 200000  checksum= 476513354054716080  valid= True

block=-2 position=3 command=['/tmp/mostream-ms-bench-8evqzlt5/SCQ', '50000', '4', '1', '1024', '160']
[36m{MoStream} Starting pipeline execution with 2 stages and total parallelism of 8 nodes[0m
[36m{MoStream} Cooperative MoStream runtime is used[0m
[36m{MoStream} CPU pinning is disabled[0m
[36m{MoStream} Pipeline starts...[0m
[36m{MoStream} ...terminated successfully![0m
PIPE_COOP_MPMC_RESULT backend= SCQ  producers= 4  consumers= 4  workers= 1  capacity= 1024  work_iterations= 160  messages= 200000  time_ms= 323.467293  throughput_Mtransfer_s= 0.6183005340202974  count= 200000  checksum= 476513354054716080  valid= True

block=-2 position=0 command=['/tmp/mostream-ms-bench-8evqzlt5/SCQ', '50000', '4', '8', '1024', '0']
[36m{MoStream} Starting pipeline execution with 2 stages and total parallelism of 8 nodes[0m
[36m{MoStream} Cooperative MoStream runtime is used[0m
[36m{MoStream} CPU pinning is disabled[0m
[36m{MoStream} Pipeline starts...[0m
[36m{MoStream} ...terminated successfully![0m
PIPE_COOP_MPMC_RESULT backend= SCQ  producers= 4  consumers= 4  workers= 8  capacity= 1024  work_iterations= 0  messages= 200000  time_ms= 413.61585  throughput_Mtransfer_s= 0.4835404639353158  count= 200000  checksum= 5000100000  valid= True

block=-2 position=1 command=['/tmp/mostream-ms-bench-8evqzlt5/MPMC', '50000', '4', '8', '1024', '0']
[36m{MoStream} Starting pipeline execution with 2 stages and total parallelism of 8 nodes[0m
[36m{MoStream} Cooperative MoStream runtime is used[0m
[36m{MoStream} CPU pinning is disabled[0m
[36m{MoStream} Pipeline starts...[0m
[36m{MoStream} ...terminated successfully![0m
PIPE_COOP_MPMC_RESULT backend= MPMC  producers= 4  consumers= 4  workers= 8  capacity= 1024  work_iterations= 0  messages= 200000  time_ms= 421.695798  throughput_Mtransfer_s= 0.4742755345169458  count= 200000  checksum= 5000100000  valid= True

block=-2 position=2 command=['/tmp/mostream-ms-bench-8evqzlt5/PADDEDFAA', '50000', '4', '8', '1024', '0']
[36m{MoStream} Starting pipeline execution with 2 stages and total parallelism of 8 nodes[0m
[36m{MoStream} Cooperative MoStream runtime is used[0m
[36m{MoStream} CPU pinning is disabled[0m
[36m{MoStream} Pipeline starts...[0m
[36m{MoStream} ...terminated successfully![0m
PIPE_COOP_MPMC_RESULT backend= PADDEDFAA  producers= 4  consumers= 4  workers= 8  capacity= 1024  work_iterations= 0  messages= 200000  time_ms= 403.773516  throughput_Mtransfer_s= 0.49532718733340597  count= 200000  checksum= 5000100000  valid= True

block=-2 position=3 command=['/tmp/mostream-ms-bench-8evqzlt5/MICHAELSCOTT', '50000', '4', '8', '1024', '0']
[36m{MoStream} Starting pipeline execution with 2 stages and total parallelism of 8 nodes[0m
[36m{MoStream} Cooperative MoStream runtime is used[0m
[36m{MoStream} CPU pinning is disabled[0m
[36m{MoStream} Pipeline starts...[0m
[36m{MoStream} ...terminated successfully![0m
PIPE_COOP_MPMC_RESULT backend= MICHAELSCOTT  producers= 4  consumers= 4  workers= 8  capacity= 1024  work_iterations= 0  messages= 200000  time_ms= 443.737944  throughput_Mtransfer_s= 0.4507164706203263  count= 200000  checksum= 5000100000  valid= True

block=-2 position=0 command=['/tmp/mostream-ms-bench-8evqzlt5/PADDEDFAA', '50000', '4', '2', '1024', '160']
[36m{MoStream} Starting pipeline execution with 2 stages and total parallelism of 8 nodes[0m
[36m{MoStream} Cooperative MoStream runtime is used[0m
[36m{MoStream} CPU pinning is disabled[0m
[36m{MoStream} Pipeline starts...[0m
[36m{MoStream} ...terminated successfully![0m
PIPE_COOP_MPMC_RESULT backend= PADDEDFAA  producers= 4  consumers= 4  workers= 2  capacity= 1024  work_iterations= 160  messages= 200000  time_ms= 486.519746  throughput_Mtransfer_s= 0.4110830066905445  count= 200000  checksum= 476513354054716080  valid= True

block=-2 position=1 command=['/tmp/mostream-ms-bench-8evqzlt5/SCQ', '50000', '4', '2', '1024', '160']
[36m{MoStream} Starting pipeline execution with 2 stages and total parallelism of 8 nodes[0m
[36m{MoStream} Cooperative MoStream runtime is used[0m
[36m{MoStream} CPU pinning is disabled[0m
[36m{MoStream} Pipeline starts...[0m
[36m{MoStream} ...terminated successfully![0m
PIPE_COOP_MPMC_RESULT backend= SCQ  producers= 4  consumers= 4  workers= 2  capacity= 1024  work_iterations= 160  messages= 200000  time_ms= 533.349777  throughput_Mtransfer_s= 0.3749884384033407  count= 200000  checksum= 476513354054716080  valid= True

block=-2 position=2 command=['/tmp/mostream-ms-bench-8evqzlt5/MICHAELSCOTT', '50000', '4', '2', '1024', '160']
[36m{MoStream} Starting pipeline execution with 2 stages and total parallelism of 8 nodes[0m
[36m{MoStream} Cooperative MoStream runtime is used[0m
[36m{MoStream} CPU pinning is disabled[0m
[36m{MoStream} Pipeline starts...[0m
[36m{MoStream} ...terminated successfully![0m
PIPE_COOP_MPMC_RESULT backend= MICHAELSCOTT  producers= 4  consumers= 4  workers= 2  capacity= 1024  work_iterations= 160  messages= 200000  time_ms= 516.525278  throughput_Mtransfer_s= 0.3872027343451718  count= 200000  checksum= 476513354054716080  valid= True

block=-2 position=3 command=['/tmp/mostream-ms-bench-8evqzlt5/MPMC', '50000', '4', '2', '1024', '160']
[36m{MoStream} Starting pipeline execution with 2 stages and total parallelism of 8 nodes[0m
[36m{MoStream} Cooperative MoStream runtime is used[0m
[36m{MoStream} CPU pinning is disabled[0m
[36m{MoStream} Pipeline starts...[0m
[36m{MoStream} ...terminated successfully![0m
PIPE_COOP_MPMC_RESULT backend= MPMC  producers= 4  consumers= 4  workers= 2  capacity= 1024  work_iterations= 160  messages= 200000  time_ms= 471.71976  throughput_Mtransfer_s= 0.423980543024104  count= 200000  checksum= 476513354054716080  valid= True

block=-2 position=0 command=['/tmp/mostream-ms-bench-8evqzlt5/PADDEDFAA', '50000', '4', '4', '1024', '0']
[36m{MoStream} Starting pipeline execution with 2 stages and total parallelism of 8 nodes[0m
[36m{MoStream} Cooperative MoStream runtime is used[0m
[36m{MoStream} CPU pinning is disabled[0m
[36m{MoStream} Pipeline starts...[0m
[36m{MoStream} ...terminated successfully![0m
PIPE_COOP_MPMC_RESULT backend= PADDEDFAA  producers= 4  consumers= 4  workers= 4  capacity= 1024  work_iterations= 0  messages= 200000  time_ms= 434.475937  throughput_Mtransfer_s= 0.46032468767079265  count= 200000  checksum= 5000100000  valid= True

block=-2 position=1 command=['/tmp/mostream-ms-bench-8evqzlt5/SCQ', '50000', '4', '4', '1024', '0']
[36m{MoStream} Starting pipeline execution with 2 stages and total parallelism of 8 nodes[0m
[36m{MoStream} Cooperative MoStream runtime is used[0m
[36m{MoStream} CPU pinning is disabled[0m
[36m{MoStream} Pipeline starts...[0m
[36m{MoStream} ...terminated successfully![0m
PIPE_COOP_MPMC_RESULT backend= SCQ  producers= 4  consumers= 4  workers= 4  capacity= 1024  work_iterations= 0  messages= 200000  time_ms= 452.550463  throughput_Mtransfer_s= 0.44193966496947323  count= 200000  checksum= 5000100000  valid= True

block=-2 position=2 command=['/tmp/mostream-ms-bench-8evqzlt5/MICHAELSCOTT', '50000', '4', '4', '1024', '0']
[36m{MoStream} Starting pipeline execution with 2 stages and total parallelism of 8 nodes[0m
[36m{MoStream} Cooperative MoStream runtime is used[0m
[36m{MoStream} CPU pinning is disabled[0m
[36m{MoStream} Pipeline starts...[0m
[36m{MoStream} ...terminated successfully![0m
PIPE_COOP_MPMC_RESULT backend= MICHAELSCOTT  producers= 4  consumers= 4  workers= 4  capacity= 1024  work_iterations= 0  messages= 200000  time_ms= 427.080286  throughput_Mtransfer_s= 0.4682960243217595  count= 200000  checksum= 5000100000  valid= True

block=-2 position=3 command=['/tmp/mostream-ms-bench-8evqzlt5/MPMC', '50000', '4', '4', '1024', '0']
[36m{MoStream} Starting pipeline execution with 2 stages and total parallelism of 8 nodes[0m
[36m{MoStream} Cooperative MoStream runtime is used[0m
[36m{MoStream} CPU pinning is disabled[0m
[36m{MoStream} Pipeline starts...[0m
[36m{MoStream} ...terminated successfully![0m
PIPE_COOP_MPMC_RESULT backend= MPMC  producers= 4  consumers= 4  workers= 4  capacity= 1024  work_iterations= 0  messages= 200000  time_ms= 419.78024  throughput_Mtransfer_s= 0.47643976762698503  count= 200000  checksum= 5000100000  valid= True

block=-2 position=0 command=['/tmp/mostream-ms-bench-8evqzlt5/MPMC', '50000', '4', '1', '1024', '0']
[36m{MoStream} Starting pipeline execution with 2 stages and total parallelism of 8 nodes[0m
[36m{MoStream} Cooperative MoStream runtime is used[0m
[36m{MoStream} CPU pinning is disabled[0m
[36m{MoStream} Pipeline starts...[0m
[36m{MoStream} ...terminated successfully![0m
PIPE_COOP_MPMC_RESULT backend= MPMC  producers= 4  consumers= 4  workers= 1  capacity= 1024  work_iterations= 0  messages= 200000  time_ms= 222.589402  throughput_Mtransfer_s= 0.8985153749593163  count= 200000  checksum= 5000100000  valid= True

block=-2 position=1 command=['/tmp/mostream-ms-bench-8evqzlt5/PADDEDFAA', '50000', '4', '1', '1024', '0']
[36m{MoStream} Starting pipeline execution with 2 stages and total parallelism of 8 nodes[0m
[36m{MoStream} Cooperative MoStream runtime is used[0m
[36m{MoStream} CPU pinning is disabled[0m
[36m{MoStream} Pipeline starts...[0m
[36m{MoStream} ...terminated successfully![0m
PIPE_COOP_MPMC_RESULT backend= PADDEDFAA  producers= 4  consumers= 4  workers= 1  capacity= 1024  work_iterations= 0  messages= 200000  time_ms= 219.027321  throughput_Mtransfer_s= 0.9131280932756329  count= 200000  checksum= 5000100000  valid= True

block=-2 position=2 command=['/tmp/mostream-ms-bench-8evqzlt5/MICHAELSCOTT', '50000', '4', '1', '1024', '0']
[36m{MoStream} Starting pipeline execution with 2 stages and total parallelism of 8 nodes[0m
[36m{MoStream} Cooperative MoStream runtime is used[0m
[36m{MoStream} CPU pinning is disabled[0m
[36m{MoStream} Pipeline starts...[0m
[36m{MoStream} ...terminated successfully![0m
PIPE_COOP_MPMC_RESULT backend= MICHAELSCOTT  producers= 4  consumers= 4  workers= 1  capacity= 1024  work_iterations= 0  messages= 200000  time_ms= 230.860758  throughput_Mtransfer_s= 0.8663230673443427  count= 200000  checksum= 5000100000  valid= True

block=-2 position=3 command=['/tmp/mostream-ms-bench-8evqzlt5/SCQ', '50000', '4', '1', '1024', '0']
[36m{MoStream} Starting pipeline execution with 2 stages and total parallelism of 8 nodes[0m
[36m{MoStream} Cooperative MoStream runtime is used[0m
[36m{MoStream} CPU pinning is disabled[0m
[36m{MoStream} Pipeline starts...[0m
[36m{MoStream} ...terminated successfully![0m
PIPE_COOP_MPMC_RESULT backend= SCQ  producers= 4  consumers= 4  workers= 1  capacity= 1024  work_iterations= 0  messages= 200000  time_ms= 236.851915  throughput_Mtransfer_s= 0.8444094699424322  count= 200000  checksum= 5000100000  valid= True

block=-2 position=0 command=['/tmp/mostream-ms-bench-8evqzlt5/PADDEDFAA', '50000', '4', '2', '1024', '0']
[36m{MoStream} Starting pipeline execution with 2 stages and total parallelism of 8 nodes[0m
[36m{MoStream} Cooperative MoStream runtime is used[0m
[36m{MoStream} CPU pinning is disabled[0m
[36m{MoStream} Pipeline starts...[0m
[36m{MoStream} ...terminated successfully![0m
PIPE_COOP_MPMC_RESULT backend= PADDEDFAA  producers= 4  consumers= 4  workers= 2  capacity= 1024  work_iterations= 0  messages= 200000  time_ms= 443.512106  throughput_Mtransfer_s= 0.4509459771093599  count= 200000  checksum= 5000100000  valid= True

block=-2 position=1 command=['/tmp/mostream-ms-bench-8evqzlt5/MICHAELSCOTT', '50000', '4', '2', '1024', '0']
[36m{MoStream} Starting pipeline execution with 2 stages and total parallelism of 8 nodes[0m
[36m{MoStream} Cooperative MoStream runtime is used[0m
[36m{MoStream} CPU pinning is disabled[0m
[36m{MoStream} Pipeline starts...[0m
[36m{MoStream} ...terminated successfully![0m
PIPE_COOP_MPMC_RESULT backend= MICHAELSCOTT  producers= 4  consumers= 4  workers= 2  capacity= 1024  work_iterations= 0  messages= 200000  time_ms= 454.276827  throughput_Mtransfer_s= 0.44026018522842236  count= 200000  checksum= 5000100000  valid= True

block=-2 position=2 command=['/tmp/mostream-ms-bench-8evqzlt5/SCQ', '50000', '4', '2', '1024', '0']
[36m{MoStream} Starting pipeline execution with 2 stages and total parallelism of 8 nodes[0m
[36m{MoStream} Cooperative MoStream runtime is used[0m
[36m{MoStream} CPU pinning is disabled[0m
[36m{MoStream} Pipeline starts...[0m
[36m{MoStream} ...terminated successfully![0m
PIPE_COOP_MPMC_RESULT backend= SCQ  producers= 4  consumers= 4  workers= 2  capacity= 1024  work_iterations= 0  messages= 200000  time_ms= 500.892553  throughput_Mtransfer_s= 0.39928722997005706  count= 200000  checksum= 5000100000  valid= True

block=-2 position=3 command=['/tmp/mostream-ms-bench-8evqzlt5/MPMC', '50000', '4', '2', '1024', '0']
[36m{MoStream} Starting pipeline execution with 2 stages and total parallelism of 8 nodes[0m
[36m{MoStream} Cooperative MoStream runtime is used[0m
[36m{MoStream} CPU pinning is disabled[0m
[36m{MoStream} Pipeline starts...[0m
[36m{MoStream} ...terminated successfully![0m
PIPE_COOP_MPMC_RESULT backend= MPMC  producers= 4  consumers= 4  workers= 2  capacity= 1024  work_iterations= 0  messages= 200000  time_ms= 435.605585  throughput_Mtransfer_s= 0.45913093607374206  count= 200000  checksum= 5000100000  valid= True

block=-1 position=0 command=['/tmp/mostream-ms-bench-8evqzlt5/MPMC', '50000', '4', '1', '1024', '160']
[36m{MoStream} Starting pipeline execution with 2 stages and total parallelism of 8 nodes[0m
[36m{MoStream} Cooperative MoStream runtime is used[0m
[36m{MoStream} CPU pinning is disabled[0m
[36m{MoStream} Pipeline starts...[0m
[36m{MoStream} ...terminated successfully![0m
PIPE_COOP_MPMC_RESULT backend= MPMC  producers= 4  consumers= 4  workers= 1  capacity= 1024  work_iterations= 160  messages= 200000  time_ms= 305.611516  throughput_Mtransfer_s= 0.6544256008991494  count= 200000  checksum= 476513354054716080  valid= True

block=-1 position=1 command=['/tmp/mostream-ms-bench-8evqzlt5/PADDEDFAA', '50000', '4', '1', '1024', '160']
[36m{MoStream} Starting pipeline execution with 2 stages and total parallelism of 8 nodes[0m
[36m{MoStream} Cooperative MoStream runtime is used[0m
[36m{MoStream} CPU pinning is disabled[0m
[36m{MoStream} Pipeline starts...[0m
[36m{MoStream} ...terminated successfully![0m
PIPE_COOP_MPMC_RESULT backend= PADDEDFAA  producers= 4  consumers= 4  workers= 1  capacity= 1024  work_iterations= 160  messages= 200000  time_ms= 309.570999  throughput_Mtransfer_s= 0.6460553496485631  count= 200000  checksum= 476513354054716080  valid= True

block=-1 position=2 command=['/tmp/mostream-ms-bench-8evqzlt5/SCQ', '50000', '4', '1', '1024', '160']
[36m{MoStream} Starting pipeline execution with 2 stages and total parallelism of 8 nodes[0m
[36m{MoStream} Cooperative MoStream runtime is used[0m
[36m{MoStream} CPU pinning is disabled[0m
[36m{MoStream} Pipeline starts...[0m
[36m{MoStream} ...terminated successfully![0m
PIPE_COOP_MPMC_RESULT backend= SCQ  producers= 4  consumers= 4  workers= 1  capacity= 1024  work_iterations= 160  messages= 200000  time_ms= 324.049943  throughput_Mtransfer_s= 0.6171888140094504  count= 200000  checksum= 476513354054716080  valid= True

block=-1 position=3 command=['/tmp/mostream-ms-bench-8evqzlt5/MICHAELSCOTT', '50000', '4', '1', '1024', '160']
[36m{MoStream} Starting pipeline execution with 2 stages and total parallelism of 8 nodes[0m
[36m{MoStream} Cooperative MoStream runtime is used[0m
[36m{MoStream} CPU pinning is disabled[0m
[36m{MoStream} Pipeline starts...[0m
[36m{MoStream} ...terminated successfully![0m
PIPE_COOP_MPMC_RESULT backend= MICHAELSCOTT  producers= 4  consumers= 4  workers= 1  capacity= 1024  work_iterations= 160  messages= 200000  time_ms= 317.012939  throughput_Mtransfer_s= 0.6308890754771369  count= 200000  checksum= 476513354054716080  valid= True

block=-1 position=0 command=['/tmp/mostream-ms-bench-8evqzlt5/MICHAELSCOTT', '50000', '4', '2', '1024', '0']
[36m{MoStream} Starting pipeline execution with 2 stages and total parallelism of 8 nodes[0m
[36m{MoStream} Cooperative MoStream runtime is used[0m
[36m{MoStream} CPU pinning is disabled[0m
[36m{MoStream} Pipeline starts...[0m
[36m{MoStream} ...terminated successfully![0m
PIPE_COOP_MPMC_RESULT backend= MICHAELSCOTT  producers= 4  consumers= 4  workers= 2  capacity= 1024  work_iterations= 0  messages= 200000  time_ms= 459.0394  throughput_Mtransfer_s= 0.4356924481863648  count= 200000  checksum= 5000100000  valid= True

block=-1 position=1 command=['/tmp/mostream-ms-bench-8evqzlt5/SCQ', '50000', '4', '2', '1024', '0']
[36m{MoStream} Starting pipeline execution with 2 stages and total parallelism of 8 nodes[0m
[36m{MoStream} Cooperative MoStream runtime is used[0m
[36m{MoStream} CPU pinning is disabled[0m
[36m{MoStream} Pipeline starts...[0m
[36m{MoStream} ...terminated successfully![0m
PIPE_COOP_MPMC_RESULT backend= SCQ  producers= 4  consumers= 4  workers= 2  capacity= 1024  work_iterations= 0  messages= 200000  time_ms= 480.388957  throughput_Mtransfer_s= 0.41632930375624766  count= 200000  checksum= 5000100000  valid= True

block=-1 position=2 command=['/tmp/mostream-ms-bench-8evqzlt5/MPMC', '50000', '4', '2', '1024', '0']
[36m{MoStream} Starting pipeline execution with 2 stages and total parallelism of 8 nodes[0m
[36m{MoStream} Cooperative MoStream runtime is used[0m
[36m{MoStream} CPU pinning is disabled[0m
[36m{MoStream} Pipeline starts...[0m
[36m{MoStream} ...terminated successfully![0m
PIPE_COOP_MPMC_RESULT backend= MPMC  producers= 4  consumers= 4  workers= 2  capacity= 1024  work_iterations= 0  messages= 200000  time_ms= 449.088059  throughput_Mtransfer_s= 0.44534695588510403  count= 200000  checksum= 5000100000  valid= True

block=-1 position=3 command=['/tmp/mostream-ms-bench-8evqzlt5/PADDEDFAA', '50000', '4', '2', '1024', '0']
[36m{MoStream} Starting pipeline execution with 2 stages and total parallelism of 8 nodes[0m
[36m{MoStream} Cooperative MoStream runtime is used[0m
[36m{MoStream} CPU pinning is disabled[0m
[36m{MoStream} Pipeline starts...[0m
[36m{MoStream} ...terminated successfully![0m
PIPE_COOP_MPMC_RESULT backend= PADDEDFAA  producers= 4  consumers= 4  workers= 2  capacity= 1024  work_iterations= 0  messages= 200000  time_ms= 432.64754  throughput_Mtransfer_s= 0.46227005011978106  count= 200000  checksum= 5000100000  valid= True

block=-1 position=0 command=['/tmp/mostream-ms-bench-8evqzlt5/PADDEDFAA', '50000', '4', '1', '1024', '0']
[36m{MoStream} Starting pipeline execution with 2 stages and total parallelism of 8 nodes[0m
[36m{MoStream} Cooperative MoStream runtime is used[0m
[36m{MoStream} CPU pinning is disabled[0m
[36m{MoStream} Pipeline starts...[0m
[36m{MoStream} ...terminated successfully![0m
PIPE_COOP_MPMC_RESULT backend= PADDEDFAA  producers= 4  consumers= 4  workers= 1  capacity= 1024  work_iterations= 0  messages= 200000  time_ms= 222.323527  throughput_Mtransfer_s= 0.8995899026017161  count= 200000  checksum= 5000100000  valid= True

block=-1 position=1 command=['/tmp/mostream-ms-bench-8evqzlt5/MICHAELSCOTT', '50000', '4', '1', '1024', '0']
[36m{MoStream} Starting pipeline execution with 2 stages and total parallelism of 8 nodes[0m
[36m{MoStream} Cooperative MoStream runtime is used[0m
[36m{MoStream} CPU pinning is disabled[0m
[36m{MoStream} Pipeline starts...[0m
[36m{MoStream} ...terminated successfully![0m
PIPE_COOP_MPMC_RESULT backend= MICHAELSCOTT  producers= 4  consumers= 4  workers= 1  capacity= 1024  work_iterations= 0  messages= 200000  time_ms= 233.774479  throughput_Mtransfer_s= 0.8555253800822287  count= 200000  checksum= 5000100000  valid= True

block=-1 position=2 command=['/tmp/mostream-ms-bench-8evqzlt5/SCQ', '50000', '4', '1', '1024', '0']
[36m{MoStream} Starting pipeline execution with 2 stages and total parallelism of 8 nodes[0m
[36m{MoStream} Cooperative MoStream runtime is used[0m
[36m{MoStream} CPU pinning is disabled[0m
[36m{MoStream} Pipeline starts...[0m
[36m{MoStream} ...terminated successfully![0m
PIPE_COOP_MPMC_RESULT backend= SCQ  producers= 4  consumers= 4  workers= 1  capacity= 1024  work_iterations= 0  messages= 200000  time_ms= 245.364086  throughput_Mtransfer_s= 0.8151152161690036  count= 200000  checksum= 5000100000  valid= True

block=-1 position=3 command=['/tmp/mostream-ms-bench-8evqzlt5/MPMC', '50000', '4', '1', '1024', '0']
[36m{MoStream} Starting pipeline execution with 2 stages and total parallelism of 8 nodes[0m
[36m{MoStream} Cooperative MoStream runtime is used[0m
[36m{MoStream} CPU pinning is disabled[0m
[36m{MoStream} Pipeline starts...[0m
[36m{MoStream} ...terminated successfully![0m
PIPE_COOP_MPMC_RESULT backend= MPMC  producers= 4  consumers= 4  workers= 1  capacity= 1024  work_iterations= 0  messages= 200000  time_ms= 219.010466  throughput_Mtransfer_s= 0.9131983674241394  count= 200000  checksum= 5000100000  valid= True

block=-1 position=0 command=['/tmp/mostream-ms-bench-8evqzlt5/SCQ', '50000', '4', '2', '1024', '160']
[36m{MoStream} Starting pipeline execution with 2 stages and total parallelism of 8 nodes[0m
[36m{MoStream} Cooperative MoStream runtime is used[0m
[36m{MoStream} CPU pinning is disabled[0m
[36m{MoStream} Pipeline starts...[0m
[36m{MoStream} ...terminated successfully![0m
PIPE_COOP_MPMC_RESULT backend= SCQ  producers= 4  consumers= 4  workers= 2  capacity= 1024  work_iterations= 160  messages= 200000  time_ms= 521.500627  throughput_Mtransfer_s= 0.38350864724847206  count= 200000  checksum= 476513354054716080  valid= True

block=-1 position=1 command=['/tmp/mostream-ms-bench-8evqzlt5/MICHAELSCOTT', '50000', '4', '2', '1024', '160']
[36m{MoStream} Starting pipeline execution with 2 stages and total parallelism of 8 nodes[0m
[36m{MoStream} Cooperative MoStream runtime is used[0m
[36m{MoStream} CPU pinning is disabled[0m
[36m{MoStream} Pipeline starts...[0m
[36m{MoStream} ...terminated successfully![0m
PIPE_COOP_MPMC_RESULT backend= MICHAELSCOTT  producers= 4  consumers= 4  workers= 2  capacity= 1024  work_iterations= 160  messages= 200000  time_ms= 505.287567  throughput_Mtransfer_s= 0.3958142116724594  count= 200000  checksum= 476513354054716080  valid= True

block=-1 position=2 command=['/tmp/mostream-ms-bench-8evqzlt5/MPMC', '50000', '4', '2', '1024', '160']
[36m{MoStream} Starting pipeline execution with 2 stages and total parallelism of 8 nodes[0m
[36m{MoStream} Cooperative MoStream runtime is used[0m
[36m{MoStream} CPU pinning is disabled[0m
[36m{MoStream} Pipeline starts...[0m
[36m{MoStream} ...terminated successfully![0m
PIPE_COOP_MPMC_RESULT backend= MPMC  producers= 4  consumers= 4  workers= 2  capacity= 1024  work_iterations= 160  messages= 200000  time_ms= 515.824315  throughput_Mtransfer_s= 0.38772891115068897  count= 200000  checksum= 476513354054716080  valid= True

block=-1 position=3 command=['/tmp/mostream-ms-bench-8evqzlt5/PADDEDFAA', '50000', '4', '2', '1024', '160']
[36m{MoStream} Starting pipeline execution with 2 stages and total parallelism of 8 nodes[0m
[36m{MoStream} Cooperative MoStream runtime is used[0m
[36m{MoStream} CPU pinning is disabled[0m
[36m{MoStream} Pipeline starts...[0m
[36m{MoStream} ...terminated successfully![0m
PIPE_COOP_MPMC_RESULT backend= PADDEDFAA  producers= 4  consumers= 4  workers= 2  capacity= 1024  work_iterations= 160  messages= 200000  time_ms= 465.188504  throughput_Mtransfer_s= 0.4299332384189786  count= 200000  checksum= 476513354054716080  valid= True

block=-1 position=0 command=['/tmp/mostream-ms-bench-8evqzlt5/MICHAELSCOTT', '50000', '4', '8', '1024', '160']
[36m{MoStream} Starting pipeline execution with 2 stages and total parallelism of 8 nodes[0m
[36m{MoStream} Cooperative MoStream runtime is used[0m
[36m{MoStream} CPU pinning is disabled[0m
[36m{MoStream} Pipeline starts...[0m
[36m{MoStream} ...terminated successfully![0m
PIPE_COOP_MPMC_RESULT backend= MICHAELSCOTT  producers= 4  consumers= 4  workers= 8  capacity= 1024  work_iterations= 160  messages= 200000  time_ms= 438.549373  throughput_Mtransfer_s= 0.4560489931426717  count= 200000  checksum= 476513354054716080  valid= True

block=-1 position=1 command=['/tmp/mostream-ms-bench-8evqzlt5/MPMC', '50000', '4', '8', '1024', '160']
[36m{MoStream} Starting pipeline execution with 2 stages and total parallelism of 8 nodes[0m
[36m{MoStream} Cooperative MoStream runtime is used[0m
[36m{MoStream} CPU pinning is disabled[0m
[36m{MoStream} Pipeline starts...[0m
[36m{MoStream} ...terminated successfully![0m
PIPE_COOP_MPMC_RESULT backend= MPMC  producers= 4  consumers= 4  workers= 8  capacity= 1024  work_iterations= 160  messages= 200000  time_ms= 425.65044  throughput_Mtransfer_s= 0.4698691254730055  count= 200000  checksum= 476513354054716080  valid= True

block=-1 position=2 command=['/tmp/mostream-ms-bench-8evqzlt5/SCQ', '50000', '4', '8', '1024', '160']
[36m{MoStream} Starting pipeline execution with 2 stages and total parallelism of 8 nodes[0m
[36m{MoStream} Cooperative MoStream runtime is used[0m
[36m{MoStream} CPU pinning is disabled[0m
[36m{MoStream} Pipeline starts...[0m
[36m{MoStream} ...terminated successfully![0m
PIPE_COOP_MPMC_RESULT backend= SCQ  producers= 4  consumers= 4  workers= 8  capacity= 1024  work_iterations= 160  messages= 200000  time_ms= 473.703446  throughput_Mtransfer_s= 0.42220507722462297  count= 200000  checksum= 476513354054716080  valid= True

block=-1 position=3 command=['/tmp/mostream-ms-bench-8evqzlt5/PADDEDFAA', '50000', '4', '8', '1024', '160']
[36m{MoStream} Starting pipeline execution with 2 stages and total parallelism of 8 nodes[0m
[36m{MoStream} Cooperative MoStream runtime is used[0m
[36m{MoStream} CPU pinning is disabled[0m
[36m{MoStream} Pipeline starts...[0m
[36m{MoStream} ...terminated successfully![0m
PIPE_COOP_MPMC_RESULT backend= PADDEDFAA  producers= 4  consumers= 4  workers= 8  capacity= 1024  work_iterations= 160  messages= 200000  time_ms= 418.998818  throughput_Mtransfer_s= 0.4773283155180643  count= 200000  checksum= 476513354054716080  valid= True

block=-1 position=0 command=['/tmp/mostream-ms-bench-8evqzlt5/SCQ', '50000', '4', '4', '1024', '0']
[36m{MoStream} Starting pipeline execution with 2 stages and total parallelism of 8 nodes[0m
[36m{MoStream} Cooperative MoStream runtime is used[0m
[36m{MoStream} CPU pinning is disabled[0m
[36m{MoStream} Pipeline starts...[0m
[36m{MoStream} ...terminated successfully![0m
PIPE_COOP_MPMC_RESULT backend= SCQ  producers= 4  consumers= 4  workers= 4  capacity= 1024  work_iterations= 0  messages= 200000  time_ms= 450.142619  throughput_Mtransfer_s= 0.44430363080106394  count= 200000  checksum= 5000100000  valid= True

block=-1 position=1 command=['/tmp/mostream-ms-bench-8evqzlt5/MICHAELSCOTT', '50000', '4', '4', '1024', '0']
[36m{MoStream} Starting pipeline execution with 2 stages and total parallelism of 8 nodes[0m
[36m{MoStream} Cooperative MoStream runtime is used[0m
[36m{MoStream} CPU pinning is disabled[0m
[36m{MoStream} Pipeline starts...[0m
[36m{MoStream} ...terminated successfully![0m
PIPE_COOP_MPMC_RESULT backend= MICHAELSCOTT  producers= 4  consumers= 4  workers= 4  capacity= 1024  work_iterations= 0  messages= 200000  time_ms= 429.993076  throughput_Mtransfer_s= 0.4651237686441258  count= 200000  checksum= 5000100000  valid= True

block=-1 position=2 command=['/tmp/mostream-ms-bench-8evqzlt5/MPMC', '50000', '4', '4', '1024', '0']
[36m{MoStream} Starting pipeline execution with 2 stages and total parallelism of 8 nodes[0m
[36m{MoStream} Cooperative MoStream runtime is used[0m
[36m{MoStream} CPU pinning is disabled[0m
[36m{MoStream} Pipeline starts...[0m
[36m{MoStream} ...terminated successfully![0m
PIPE_COOP_MPMC_RESULT backend= MPMC  producers= 4  consumers= 4  workers= 4  capacity= 1024  work_iterations= 0  messages= 200000  time_ms= 430.089169  throughput_Mtransfer_s= 0.46501984801202934  count= 200000  checksum= 5000100000  valid= True

block=-1 position=3 command=['/tmp/mostream-ms-bench-8evqzlt5/PADDEDFAA', '50000', '4', '4', '1024', '0']
[36m{MoStream} Starting pipeline execution with 2 stages and total parallelism of 8 nodes[0m
[36m{MoStream} Cooperative MoStream runtime is used[0m
[36m{MoStream} CPU pinning is disabled[0m
[36m{MoStream} Pipeline starts...[0m
[36m{MoStream} ...terminated successfully![0m
PIPE_COOP_MPMC_RESULT backend= PADDEDFAA  producers= 4  consumers= 4  workers= 4  capacity= 1024  work_iterations= 0  messages= 200000  time_ms= 428.644363  throughput_Mtransfer_s= 0.4665872626907729  count= 200000  checksum= 5000100000  valid= True

block=-1 position=0 command=['/tmp/mostream-ms-bench-8evqzlt5/MICHAELSCOTT', '50000', '4', '4', '1024', '160']
[36m{MoStream} Starting pipeline execution with 2 stages and total parallelism of 8 nodes[0m
[36m{MoStream} Cooperative MoStream runtime is used[0m
[36m{MoStream} CPU pinning is disabled[0m
[36m{MoStream} Pipeline starts...[0m
[36m{MoStream} ...terminated successfully![0m
PIPE_COOP_MPMC_RESULT backend= MICHAELSCOTT  producers= 4  consumers= 4  workers= 4  capacity= 1024  work_iterations= 160  messages= 200000  time_ms= 489.330745  throughput_Mtransfer_s= 0.4087215079853607  count= 200000  checksum= 476513354054716080  valid= True

block=-1 position=1 command=['/tmp/mostream-ms-bench-8evqzlt5/PADDEDFAA', '50000', '4', '4', '1024', '160']
[36m{MoStream} Starting pipeline execution with 2 stages and total parallelism of 8 nodes[0m
[36m{MoStream} Cooperative MoStream runtime is used[0m
[36m{MoStream} CPU pinning is disabled[0m
[36m{MoStream} Pipeline starts...[0m
[36m{MoStream} ...terminated successfully![0m
PIPE_COOP_MPMC_RESULT backend= PADDEDFAA  producers= 4  consumers= 4  workers= 4  capacity= 1024  work_iterations= 160  messages= 200000  time_ms= 415.138474  throughput_Mtransfer_s= 0.48176695855947094  count= 200000  checksum= 476513354054716080  valid= True

block=-1 position=2 command=['/tmp/mostream-ms-bench-8evqzlt5/MPMC', '50000', '4', '4', '1024', '160']
[36m{MoStream} Starting pipeline execution with 2 stages and total parallelism of 8 nodes[0m
[36m{MoStream} Cooperative MoStream runtime is used[0m
[36m{MoStream} CPU pinning is disabled[0m
[36m{MoStream} Pipeline starts...[0m
[36m{MoStream} ...terminated successfully![0m
PIPE_COOP_MPMC_RESULT backend= MPMC  producers= 4  consumers= 4  workers= 4  capacity= 1024  work_iterations= 160  messages= 200000  time_ms= 444.055475  throughput_Mtransfer_s= 0.4503941765384156  count= 200000  checksum= 476513354054716080  valid= True

block=-1 position=3 command=['/tmp/mostream-ms-bench-8evqzlt5/SCQ', '50000', '4', '4', '1024', '160']
[36m{MoStream} Starting pipeline execution with 2 stages and total parallelism of 8 nodes[0m
[36m{MoStream} Cooperative MoStream runtime is used[0m
[36m{MoStream} CPU pinning is disabled[0m
[36m{MoStream} Pipeline starts...[0m
[36m{MoStream} ...terminated successfully![0m
PIPE_COOP_MPMC_RESULT backend= SCQ  producers= 4  consumers= 4  workers= 4  capacity= 1024  work_iterations= 160  messages= 200000  time_ms= 538.340094  throughput_Mtransfer_s= 0.37151236222060025  count= 200000  checksum= 476513354054716080  valid= True

block=-1 position=0 command=['/tmp/mostream-ms-bench-8evqzlt5/MPMC', '50000', '4', '8', '1024', '0']
[36m{MoStream} Starting pipeline execution with 2 stages and total parallelism of 8 nodes[0m
[36m{MoStream} Cooperative MoStream runtime is used[0m
[36m{MoStream} CPU pinning is disabled[0m
[36m{MoStream} Pipeline starts...[0m
[36m{MoStream} ...terminated successfully![0m
PIPE_COOP_MPMC_RESULT backend= MPMC  producers= 4  consumers= 4  workers= 8  capacity= 1024  work_iterations= 0  messages= 200000  time_ms= 408.001146  throughput_Mtransfer_s= 0.4901947015609608  count= 200000  checksum= 5000100000  valid= True

block=-1 position=1 command=['/tmp/mostream-ms-bench-8evqzlt5/PADDEDFAA', '50000', '4', '8', '1024', '0']
[36m{MoStream} Starting pipeline execution with 2 stages and total parallelism of 8 nodes[0m
[36m{MoStream} Cooperative MoStream runtime is used[0m
[36m{MoStream} CPU pinning is disabled[0m
[36m{MoStream} Pipeline starts...[0m
[36m{MoStream} ...terminated successfully![0m
PIPE_COOP_MPMC_RESULT backend= PADDEDFAA  producers= 4  consumers= 4  workers= 8  capacity= 1024  work_iterations= 0  messages= 200000  time_ms= 418.959196  throughput_Mtransfer_s= 0.47737345762903366  count= 200000  checksum= 5000100000  valid= True

block=-1 position=2 command=['/tmp/mostream-ms-bench-8evqzlt5/MICHAELSCOTT', '50000', '4', '8', '1024', '0']
[36m{MoStream} Starting pipeline execution with 2 stages and total parallelism of 8 nodes[0m
[36m{MoStream} Cooperative MoStream runtime is used[0m
[36m{MoStream} CPU pinning is disabled[0m
[36m{MoStream} Pipeline starts...[0m
[36m{MoStream} ...terminated successfully![0m
PIPE_COOP_MPMC_RESULT backend= MICHAELSCOTT  producers= 4  consumers= 4  workers= 8  capacity= 1024  work_iterations= 0  messages= 200000  time_ms= 414.21409  throughput_Mtransfer_s= 0.48284209742840956  count= 200000  checksum= 5000100000  valid= True

block=-1 position=3 command=['/tmp/mostream-ms-bench-8evqzlt5/SCQ', '50000', '4', '8', '1024', '0']
[36m{MoStream} Starting pipeline execution with 2 stages and total parallelism of 8 nodes[0m
[36m{MoStream} Cooperative MoStream runtime is used[0m
[36m{MoStream} CPU pinning is disabled[0m
[36m{MoStream} Pipeline starts...[0m
[36m{MoStream} ...terminated successfully![0m
PIPE_COOP_MPMC_RESULT backend= SCQ  producers= 4  consumers= 4  workers= 8  capacity= 1024  work_iterations= 0  messages= 200000  time_ms= 411.244984  throughput_Mtransfer_s= 0.48632812017471316  count= 200000  checksum= 5000100000  valid= True

block=0 position=0 command=['/tmp/mostream-ms-bench-8evqzlt5/PADDEDFAA', '50000', '4', '8', '1024', '0']
[36m{MoStream} Starting pipeline execution with 2 stages and total parallelism of 8 nodes[0m
[36m{MoStream} Cooperative MoStream runtime is used[0m
[36m{MoStream} CPU pinning is disabled[0m
[36m{MoStream} Pipeline starts...[0m
[36m{MoStream} ...terminated successfully![0m
PIPE_COOP_MPMC_RESULT backend= PADDEDFAA  producers= 4  consumers= 4  workers= 8  capacity= 1024  work_iterations= 0  messages= 200000  time_ms= 407.250641  throughput_Mtransfer_s= 0.49109806066579037  count= 200000  checksum= 5000100000  valid= True

block=0 position=1 command=['/tmp/mostream-ms-bench-8evqzlt5/MICHAELSCOTT', '50000', '4', '8', '1024', '0']
[36m{MoStream} Starting pipeline execution with 2 stages and total parallelism of 8 nodes[0m
[36m{MoStream} Cooperative MoStream runtime is used[0m
[36m{MoStream} CPU pinning is disabled[0m
[36m{MoStream} Pipeline starts...[0m
[36m{MoStream} ...terminated successfully![0m
PIPE_COOP_MPMC_RESULT backend= MICHAELSCOTT  producers= 4  consumers= 4  workers= 8  capacity= 1024  work_iterations= 0  messages= 200000  time_ms= 410.122184  throughput_Mtransfer_s= 0.48765955074500433  count= 200000  checksum= 5000100000  valid= True

block=0 position=2 command=['/tmp/mostream-ms-bench-8evqzlt5/SCQ', '50000', '4', '8', '1024', '0']
[36m{MoStream} Starting pipeline execution with 2 stages and total parallelism of 8 nodes[0m
[36m{MoStream} Cooperative MoStream runtime is used[0m
[36m{MoStream} CPU pinning is disabled[0m
[36m{MoStream} Pipeline starts...[0m
[36m{MoStream} ...terminated successfully![0m
PIPE_COOP_MPMC_RESULT backend= SCQ  producers= 4  consumers= 4  workers= 8  capacity= 1024  work_iterations= 0  messages= 200000  time_ms= 411.677033  throughput_Mtransfer_s= 0.48581772595509354  count= 200000  checksum= 5000100000  valid= True

block=0 position=3 command=['/tmp/mostream-ms-bench-8evqzlt5/MPMC', '50000', '4', '8', '1024', '0']
[36m{MoStream} Starting pipeline execution with 2 stages and total parallelism of 8 nodes[0m
[36m{MoStream} Cooperative MoStream runtime is used[0m
[36m{MoStream} CPU pinning is disabled[0m
[36m{MoStream} Pipeline starts...[0m
[36m{MoStream} ...terminated successfully![0m
PIPE_COOP_MPMC_RESULT backend= MPMC  producers= 4  consumers= 4  workers= 8  capacity= 1024  work_iterations= 0  messages= 200000  time_ms= 403.222805  throughput_Mtransfer_s= 0.49600369205308215  count= 200000  checksum= 5000100000  valid= True

block=0 position=0 command=['/tmp/mostream-ms-bench-8evqzlt5/MICHAELSCOTT', '50000', '4', '2', '1024', '160']
[36m{MoStream} Starting pipeline execution with 2 stages and total parallelism of 8 nodes[0m
[36m{MoStream} Cooperative MoStream runtime is used[0m
[36m{MoStream} CPU pinning is disabled[0m
[36m{MoStream} Pipeline starts...[0m
[36m{MoStream} ...terminated successfully![0m
PIPE_COOP_MPMC_RESULT backend= MICHAELSCOTT  producers= 4  consumers= 4  workers= 2  capacity= 1024  work_iterations= 160  messages= 200000  time_ms= 536.512152  throughput_Mtransfer_s= 0.3727781360672703  count= 200000  checksum= 476513354054716080  valid= True

block=0 position=1 command=['/tmp/mostream-ms-bench-8evqzlt5/MPMC', '50000', '4', '2', '1024', '160']
[36m{MoStream} Starting pipeline execution with 2 stages and total parallelism of 8 nodes[0m
[36m{MoStream} Cooperative MoStream runtime is used[0m
[36m{MoStream} CPU pinning is disabled[0m
[36m{MoStream} Pipeline starts...[0m
[36m{MoStream} ...terminated successfully![0m
PIPE_COOP_MPMC_RESULT backend= MPMC  producers= 4  consumers= 4  workers= 2  capacity= 1024  work_iterations= 160  messages= 200000  time_ms= 497.488601  throughput_Mtransfer_s= 0.40201926154283885  count= 200000  checksum= 476513354054716080  valid= True

block=0 position=2 command=['/tmp/mostream-ms-bench-8evqzlt5/PADDEDFAA', '50000', '4', '2', '1024', '160']
[36m{MoStream} Starting pipeline execution with 2 stages and total parallelism of 8 nodes[0m
[36m{MoStream} Cooperative MoStream runtime is used[0m
[36m{MoStream} CPU pinning is disabled[0m
[36m{MoStream} Pipeline starts...[0m
[36m{MoStream} ...terminated successfully![0m
PIPE_COOP_MPMC_RESULT backend= PADDEDFAA  producers= 4  consumers= 4  workers= 2  capacity= 1024  work_iterations= 160  messages= 200000  time_ms= 452.204876  throughput_Mtransfer_s= 0.4422774070220331  count= 200000  checksum= 476513354054716080  valid= True

block=0 position=3 command=['/tmp/mostream-ms-bench-8evqzlt5/SCQ', '50000', '4', '2', '1024', '160']
[36m{MoStream} Starting pipeline execution with 2 stages and total parallelism of 8 nodes[0m
[36m{MoStream} Cooperative MoStream runtime is used[0m
[36m{MoStream} CPU pinning is disabled[0m
[36m{MoStream} Pipeline starts...[0m
[36m{MoStream} ...terminated successfully![0m
PIPE_COOP_MPMC_RESULT backend= SCQ  producers= 4  consumers= 4  workers= 2  capacity= 1024  work_iterations= 160  messages= 200000  time_ms= 519.733302  throughput_Mtransfer_s= 0.38481274767342116  count= 200000  checksum= 476513354054716080  valid= True

block=0 position=0 command=['/tmp/mostream-ms-bench-8evqzlt5/MICHAELSCOTT', '50000', '4', '4', '1024', '0']
[36m{MoStream} Starting pipeline execution with 2 stages and total parallelism of 8 nodes[0m
[36m{MoStream} Cooperative MoStream runtime is used[0m
[36m{MoStream} CPU pinning is disabled[0m
[36m{MoStream} Pipeline starts...[0m
[36m{MoStream} ...terminated successfully![0m
PIPE_COOP_MPMC_RESULT backend= MICHAELSCOTT  producers= 4  consumers= 4  workers= 4  capacity= 1024  work_iterations= 0  messages= 200000  time_ms= 442.328706  throughput_Mtransfer_s= 0.45215243163530966  count= 200000  checksum= 5000100000  valid= True

block=0 position=1 command=['/tmp/mostream-ms-bench-8evqzlt5/MPMC', '50000', '4', '4', '1024', '0']
[36m{MoStream} Starting pipeline execution with 2 stages and total parallelism of 8 nodes[0m
[36m{MoStream} Cooperative MoStream runtime is used[0m
[36m{MoStream} CPU pinning is disabled[0m
[36m{MoStream} Pipeline starts...[0m
[36m{MoStream} ...terminated successfully![0m
PIPE_COOP_MPMC_RESULT backend= MPMC  producers= 4  consumers= 4  workers= 4  capacity= 1024  work_iterations= 0  messages= 200000  time_ms= 431.581012  throughput_Mtransfer_s= 0.4634124172265484  count= 200000  checksum= 5000100000  valid= True

block=0 position=2 command=['/tmp/mostream-ms-bench-8evqzlt5/PADDEDFAA', '50000', '4', '4', '1024', '0']
[36m{MoStream} Starting pipeline execution with 2 stages and total parallelism of 8 nodes[0m
[36m{MoStream} Cooperative MoStream runtime is used[0m
[36m{MoStream} CPU pinning is disabled[0m
[36m{MoStream} Pipeline starts...[0m
[36m{MoStream} ...terminated successfully![0m
PIPE_COOP_MPMC_RESULT backend= PADDEDFAA  producers= 4  consumers= 4  workers= 4  capacity= 1024  work_iterations= 0  messages= 200000  time_ms= 440.645229  throughput_Mtransfer_s= 0.45387987169151894  count= 200000  checksum= 5000100000  valid= True

block=0 position=3 command=['/tmp/mostream-ms-bench-8evqzlt5/SCQ', '50000', '4', '4', '1024', '0']
[36m{MoStream} Starting pipeline execution with 2 stages and total parallelism of 8 nodes[0m
[36m{MoStream} Cooperative MoStream runtime is used[0m
[36m{MoStream} CPU pinning is disabled[0m
[36m{MoStream} Pipeline starts...[0m
[36m{MoStream} ...terminated successfully![0m
PIPE_COOP_MPMC_RESULT backend= SCQ  producers= 4  consumers= 4  workers= 4  capacity= 1024  work_iterations= 0  messages= 200000  time_ms= 435.257224  throughput_Mtransfer_s= 0.4594984045572096  count= 200000  checksum= 5000100000  valid= True

block=0 position=0 command=['/tmp/mostream-ms-bench-8evqzlt5/MPMC', '50000', '4', '8', '1024', '160']
[36m{MoStream} Starting pipeline execution with 2 stages and total parallelism of 8 nodes[0m
[36m{MoStream} Cooperative MoStream runtime is used[0m
[36m{MoStream} CPU pinning is disabled[0m
[36m{MoStream} Pipeline starts...[0m
[36m{MoStream} ...terminated successfully![0m
PIPE_COOP_MPMC_RESULT backend= MPMC  producers= 4  consumers= 4  workers= 8  capacity= 1024  work_iterations= 160  messages= 200000  time_ms= 438.337324  throughput_Mtransfer_s= 0.45626961029674945  count= 200000  checksum= 476513354054716080  valid= True

block=0 position=1 command=['/tmp/mostream-ms-bench-8evqzlt5/SCQ', '50000', '4', '8', '1024', '160']
[36m{MoStream} Starting pipeline execution with 2 stages and total parallelism of 8 nodes[0m
[36m{MoStream} Cooperative MoStream runtime is used[0m
[36m{MoStream} CPU pinning is disabled[0m
[36m{MoStream} Pipeline starts...[0m
[36m{MoStream} ...terminated successfully![0m
PIPE_COOP_MPMC_RESULT backend= SCQ  producers= 4  consumers= 4  workers= 8  capacity= 1024  work_iterations= 160  messages= 200000  time_ms= 480.437367  throughput_Mtransfer_s= 0.416287353435604  count= 200000  checksum= 476513354054716080  valid= True

block=0 position=2 command=['/tmp/mostream-ms-bench-8evqzlt5/PADDEDFAA', '50000', '4', '8', '1024', '160']
[36m{MoStream} Starting pipeline execution with 2 stages and total parallelism of 8 nodes[0m
[36m{MoStream} Cooperative MoStream runtime is used[0m
[36m{MoStream} CPU pinning is disabled[0m
[36m{MoStream} Pipeline starts...[0m
[36m{MoStream} ...terminated successfully![0m
PIPE_COOP_MPMC_RESULT backend= PADDEDFAA  producers= 4  consumers= 4  workers= 8  capacity= 1024  work_iterations= 160  messages= 200000  time_ms= 420.841601  throughput_Mtransfer_s= 0.47523818825126085  count= 200000  checksum= 476513354054716080  valid= True

block=0 position=3 command=['/tmp/mostream-ms-bench-8evqzlt5/MICHAELSCOTT', '50000', '4', '8', '1024', '160']
[36m{MoStream} Starting pipeline execution with 2 stages and total parallelism of 8 nodes[0m
[36m{MoStream} Cooperative MoStream runtime is used[0m
[36m{MoStream} CPU pinning is disabled[0m
[36m{MoStream} Pipeline starts...[0m
[36m{MoStream} ...terminated successfully![0m
PIPE_COOP_MPMC_RESULT backend= MICHAELSCOTT  producers= 4  consumers= 4  workers= 8  capacity= 1024  work_iterations= 160  messages= 200000  time_ms= 441.740477  throughput_Mtransfer_s= 0.45275452536807037  count= 200000  checksum= 476513354054716080  valid= True

block=0 position=0 command=['/tmp/mostream-ms-bench-8evqzlt5/PADDEDFAA', '50000', '4', '1', '1024', '160']
[36m{MoStream} Starting pipeline execution with 2 stages and total parallelism of 8 nodes[0m
[36m{MoStream} Cooperative MoStream runtime is used[0m
[36m{MoStream} CPU pinning is disabled[0m
[36m{MoStream} Pipeline starts...[0m
[36m{MoStream} ...terminated successfully![0m
PIPE_COOP_MPMC_RESULT backend= PADDEDFAA  producers= 4  consumers= 4  workers= 1  capacity= 1024  work_iterations= 160  messages= 200000  time_ms= 304.440242  throughput_Mtransfer_s= 0.6569433747855187  count= 200000  checksum= 476513354054716080  valid= True

block=0 position=1 command=['/tmp/mostream-ms-bench-8evqzlt5/SCQ', '50000', '4', '1', '1024', '160']
[36m{MoStream} Starting pipeline execution with 2 stages and total parallelism of 8 nodes[0m
[36m{MoStream} Cooperative MoStream runtime is used[0m
[36m{MoStream} CPU pinning is disabled[0m
[36m{MoStream} Pipeline starts...[0m
[36m{MoStream} ...terminated successfully![0m
PIPE_COOP_MPMC_RESULT backend= SCQ  producers= 4  consumers= 4  workers= 1  capacity= 1024  work_iterations= 160  messages= 200000  time_ms= 323.11093  throughput_Mtransfer_s= 0.6189824652480806  count= 200000  checksum= 476513354054716080  valid= True

block=0 position=2 command=['/tmp/mostream-ms-bench-8evqzlt5/MICHAELSCOTT', '50000', '4', '1', '1024', '160']
[36m{MoStream} Starting pipeline execution with 2 stages and total parallelism of 8 nodes[0m
[36m{MoStream} Cooperative MoStream runtime is used[0m
[36m{MoStream} CPU pinning is disabled[0m
[36m{MoStream} Pipeline starts...[0m
[36m{MoStream} ...terminated successfully![0m
PIPE_COOP_MPMC_RESULT backend= MICHAELSCOTT  producers= 4  consumers= 4  workers= 1  capacity= 1024  work_iterations= 160  messages= 200000  time_ms= 312.930448  throughput_Mtransfer_s= 0.6391196551126275  count= 200000  checksum= 476513354054716080  valid= True

block=0 position=3 command=['/tmp/mostream-ms-bench-8evqzlt5/MPMC', '50000', '4', '1', '1024', '160']
[36m{MoStream} Starting pipeline execution with 2 stages and total parallelism of 8 nodes[0m
[36m{MoStream} Cooperative MoStream runtime is used[0m
[36m{MoStream} CPU pinning is disabled[0m
[36m{MoStream} Pipeline starts...[0m
[36m{MoStream} ...terminated successfully![0m
PIPE_COOP_MPMC_RESULT backend= MPMC  producers= 4  consumers= 4  workers= 1  capacity= 1024  work_iterations= 160  messages= 200000  time_ms= 302.814032  throughput_Mtransfer_s= 0.660471374721499  count= 200000  checksum= 476513354054716080  valid= True

block=0 position=0 command=['/tmp/mostream-ms-bench-8evqzlt5/MICHAELSCOTT', '50000', '4', '1', '1024', '0']
[36m{MoStream} Starting pipeline execution with 2 stages and total parallelism of 8 nodes[0m
[36m{MoStream} Cooperative MoStream runtime is used[0m
[36m{MoStream} CPU pinning is disabled[0m
[36m{MoStream} Pipeline starts...[0m
[36m{MoStream} ...terminated successfully![0m
PIPE_COOP_MPMC_RESULT backend= MICHAELSCOTT  producers= 4  consumers= 4  workers= 1  capacity= 1024  work_iterations= 0  messages= 200000  time_ms= 234.390677  throughput_Mtransfer_s= 0.8532762589358449  count= 200000  checksum= 5000100000  valid= True

block=0 position=1 command=['/tmp/mostream-ms-bench-8evqzlt5/SCQ', '50000', '4', '1', '1024', '0']
[36m{MoStream} Starting pipeline execution with 2 stages and total parallelism of 8 nodes[0m
[36m{MoStream} Cooperative MoStream runtime is used[0m
[36m{MoStream} CPU pinning is disabled[0m
[36m{MoStream} Pipeline starts...[0m
[36m{MoStream} ...terminated successfully![0m
PIPE_COOP_MPMC_RESULT backend= SCQ  producers= 4  consumers= 4  workers= 1  capacity= 1024  work_iterations= 0  messages= 200000  time_ms= 243.5843  throughput_Mtransfer_s= 0.8210709803546451  count= 200000  checksum= 5000100000  valid= True

block=0 position=2 command=['/tmp/mostream-ms-bench-8evqzlt5/MPMC', '50000', '4', '1', '1024', '0']
[36m{MoStream} Starting pipeline execution with 2 stages and total parallelism of 8 nodes[0m
[36m{MoStream} Cooperative MoStream runtime is used[0m
[36m{MoStream} CPU pinning is disabled[0m
[36m{MoStream} Pipeline starts...[0m
[36m{MoStream} ...terminated successfully![0m
PIPE_COOP_MPMC_RESULT backend= MPMC  producers= 4  consumers= 4  workers= 1  capacity= 1024  work_iterations= 0  messages= 200000  time_ms= 218.701063  throughput_Mtransfer_s= 0.9144902967389783  count= 200000  checksum= 5000100000  valid= True

block=0 position=3 command=['/tmp/mostream-ms-bench-8evqzlt5/PADDEDFAA', '50000', '4', '1', '1024', '0']
[36m{MoStream} Starting pipeline execution with 2 stages and total parallelism of 8 nodes[0m
[36m{MoStream} Cooperative MoStream runtime is used[0m
[36m{MoStream} CPU pinning is disabled[0m
[36m{MoStream} Pipeline starts...[0m
[36m{MoStream} ...terminated successfully![0m
PIPE_COOP_MPMC_RESULT backend= PADDEDFAA  producers= 4  consumers= 4  workers= 1  capacity= 1024  work_iterations= 0  messages= 200000  time_ms= 221.125404  throughput_Mtransfer_s= 0.904464147412027  count= 200000  checksum= 5000100000  valid= True

block=0 position=0 command=['/tmp/mostream-ms-bench-8evqzlt5/PADDEDFAA', '50000', '4', '4', '1024', '160']
[36m{MoStream} Starting pipeline execution with 2 stages and total parallelism of 8 nodes[0m
[36m{MoStream} Cooperative MoStream runtime is used[0m
[36m{MoStream} CPU pinning is disabled[0m
[36m{MoStream} Pipeline starts...[0m
[36m{MoStream} ...terminated successfully![0m
PIPE_COOP_MPMC_RESULT backend= PADDEDFAA  producers= 4  consumers= 4  workers= 4  capacity= 1024  work_iterations= 160  messages= 200000  time_ms= 452.167224  throughput_Mtransfer_s= 0.44231423549620213  count= 200000  checksum= 476513354054716080  valid= True

block=0 position=1 command=['/tmp/mostream-ms-bench-8evqzlt5/MPMC', '50000', '4', '4', '1024', '160']
[36m{MoStream} Starting pipeline execution with 2 stages and total parallelism of 8 nodes[0m
[36m{MoStream} Cooperative MoStream runtime is used[0m
[36m{MoStream} CPU pinning is disabled[0m
[36m{MoStream} Pipeline starts...[0m
[36m{MoStream} ...terminated successfully![0m
PIPE_COOP_MPMC_RESULT backend= MPMC  producers= 4  consumers= 4  workers= 4  capacity= 1024  work_iterations= 160  messages= 200000  time_ms= 448.388415  throughput_Mtransfer_s= 0.4460418541366641  count= 200000  checksum= 476513354054716080  valid= True

block=0 position=2 command=['/tmp/mostream-ms-bench-8evqzlt5/SCQ', '50000', '4', '4', '1024', '160']
[36m{MoStream} Starting pipeline execution with 2 stages and total parallelism of 8 nodes[0m
[36m{MoStream} Cooperative MoStream runtime is used[0m
[36m{MoStream} CPU pinning is disabled[0m
[36m{MoStream} Pipeline starts...[0m
[36m{MoStream} ...terminated successfully![0m
PIPE_COOP_MPMC_RESULT backend= SCQ  producers= 4  consumers= 4  workers= 4  capacity= 1024  work_iterations= 160  messages= 200000  time_ms= 541.760764  throughput_Mtransfer_s= 0.36916663828390495  count= 200000  checksum= 476513354054716080  valid= True

block=0 position=3 command=['/tmp/mostream-ms-bench-8evqzlt5/MICHAELSCOTT', '50000', '4', '4', '1024', '160']
[36m{MoStream} Starting pipeline execution with 2 stages and total parallelism of 8 nodes[0m
[36m{MoStream} Cooperative MoStream runtime is used[0m
[36m{MoStream} CPU pinning is disabled[0m
[36m{MoStream} Pipeline starts...[0m
[36m{MoStream} ...terminated successfully![0m
PIPE_COOP_MPMC_RESULT backend= MICHAELSCOTT  producers= 4  consumers= 4  workers= 4  capacity= 1024  work_iterations= 160  messages= 200000  time_ms= 509.874915  throughput_Mtransfer_s= 0.39225306857859443  count= 200000  checksum= 476513354054716080  valid= True

block=0 position=0 command=['/tmp/mostream-ms-bench-8evqzlt5/SCQ', '50000', '4', '2', '1024', '0']
[36m{MoStream} Starting pipeline execution with 2 stages and total parallelism of 8 nodes[0m
[36m{MoStream} Cooperative MoStream runtime is used[0m
[36m{MoStream} CPU pinning is disabled[0m
[36m{MoStream} Pipeline starts...[0m
[36m{MoStream} ...terminated successfully![0m
PIPE_COOP_MPMC_RESULT backend= SCQ  producers= 4  consumers= 4  workers= 2  capacity= 1024  work_iterations= 0  messages= 200000  time_ms= 486.41914  throughput_Mtransfer_s= 0.41116803092904614  count= 200000  checksum= 5000100000  valid= True

block=0 position=1 command=['/tmp/mostream-ms-bench-8evqzlt5/MPMC', '50000', '4', '2', '1024', '0']
[36m{MoStream} Starting pipeline execution with 2 stages and total parallelism of 8 nodes[0m
[36m{MoStream} Cooperative MoStream runtime is used[0m
[36m{MoStream} CPU pinning is disabled[0m
[36m{MoStream} Pipeline starts...[0m
[36m{MoStream} ...terminated successfully![0m
PIPE_COOP_MPMC_RESULT backend= MPMC  producers= 4  consumers= 4  workers= 2  capacity= 1024  work_iterations= 0  messages= 200000  time_ms= 468.286335  throughput_Mtransfer_s= 0.42708912272658994  count= 200000  checksum= 5000100000  valid= True

block=0 position=2 command=['/tmp/mostream-ms-bench-8evqzlt5/PADDEDFAA', '50000', '4', '2', '1024', '0']
[36m{MoStream} Starting pipeline execution with 2 stages and total parallelism of 8 nodes[0m
[36m{MoStream} Cooperative MoStream runtime is used[0m
[36m{MoStream} CPU pinning is disabled[0m
[36m{MoStream} Pipeline starts...[0m
[36m{MoStream} ...terminated successfully![0m
PIPE_COOP_MPMC_RESULT backend= PADDEDFAA  producers= 4  consumers= 4  workers= 2  capacity= 1024  work_iterations= 0  messages= 200000  time_ms= 456.787624  throughput_Mtransfer_s= 0.43784023360492796  count= 200000  checksum= 5000100000  valid= True

block=0 position=3 command=['/tmp/mostream-ms-bench-8evqzlt5/MICHAELSCOTT', '50000', '4', '2', '1024', '0']
[36m{MoStream} Starting pipeline execution with 2 stages and total parallelism of 8 nodes[0m
[36m{MoStream} Cooperative MoStream runtime is used[0m
[36m{MoStream} CPU pinning is disabled[0m
[36m{MoStream} Pipeline starts...[0m
[36m{MoStream} ...terminated successfully![0m
PIPE_COOP_MPMC_RESULT backend= MICHAELSCOTT  producers= 4  consumers= 4  workers= 2  capacity= 1024  work_iterations= 0  messages= 200000  time_ms= 477.763978  throughput_Mtransfer_s= 0.41861674217724304  count= 200000  checksum= 5000100000  valid= True

block=1 position=0 command=['/tmp/mostream-ms-bench-8evqzlt5/MPMC', '50000', '4', '4', '1024', '160']
[36m{MoStream} Starting pipeline execution with 2 stages and total parallelism of 8 nodes[0m
[36m{MoStream} Cooperative MoStream runtime is used[0m
[36m{MoStream} CPU pinning is disabled[0m
[36m{MoStream} Pipeline starts...[0m
[36m{MoStream} ...terminated successfully![0m
PIPE_COOP_MPMC_RESULT backend= MPMC  producers= 4  consumers= 4  workers= 4  capacity= 1024  work_iterations= 160  messages= 200000  time_ms= 446.476758  throughput_Mtransfer_s= 0.447951649030743  count= 200000  checksum= 476513354054716080  valid= True

block=1 position=1 command=['/tmp/mostream-ms-bench-8evqzlt5/SCQ', '50000', '4', '4', '1024', '160']
[36m{MoStream} Starting pipeline execution with 2 stages and total parallelism of 8 nodes[0m
[36m{MoStream} Cooperative MoStream runtime is used[0m
[36m{MoStream} CPU pinning is disabled[0m
[36m{MoStream} Pipeline starts...[0m
[36m{MoStream} ...terminated successfully![0m
PIPE_COOP_MPMC_RESULT backend= SCQ  producers= 4  consumers= 4  workers= 4  capacity= 1024  work_iterations= 160  messages= 200000  time_ms= 546.749328  throughput_Mtransfer_s= 0.3657983462578668  count= 200000  checksum= 476513354054716080  valid= True

block=1 position=2 command=['/tmp/mostream-ms-bench-8evqzlt5/MICHAELSCOTT', '50000', '4', '4', '1024', '160']
[36m{MoStream} Starting pipeline execution with 2 stages and total parallelism of 8 nodes[0m
[36m{MoStream} Cooperative MoStream runtime is used[0m
[36m{MoStream} CPU pinning is disabled[0m
[36m{MoStream} Pipeline starts...[0m
[36m{MoStream} ...terminated successfully![0m
PIPE_COOP_MPMC_RESULT backend= MICHAELSCOTT  producers= 4  consumers= 4  workers= 4  capacity= 1024  work_iterations= 160  messages= 200000  time_ms= 485.941596  throughput_Mtransfer_s= 0.4115720935319972  count= 200000  checksum= 476513354054716080  valid= True

block=1 position=3 command=['/tmp/mostream-ms-bench-8evqzlt5/PADDEDFAA', '50000', '4', '4', '1024', '160']
[36m{MoStream} Starting pipeline execution with 2 stages and total parallelism of 8 nodes[0m
[36m{MoStream} Cooperative MoStream runtime is used[0m
[36m{MoStream} CPU pinning is disabled[0m
[36m{MoStream} Pipeline starts...[0m
[36m{MoStream} ...terminated successfully![0m
PIPE_COOP_MPMC_RESULT backend= PADDEDFAA  producers= 4  consumers= 4  workers= 4  capacity= 1024  work_iterations= 160  messages= 200000  time_ms= 453.288569  throughput_Mtransfer_s= 0.4412200387960809  count= 200000  checksum= 476513354054716080  valid= True

block=1 position=0 command=['/tmp/mostream-ms-bench-8evqzlt5/MPMC', '50000', '4', '4', '1024', '0']
[36m{MoStream} Starting pipeline execution with 2 stages and total parallelism of 8 nodes[0m
[36m{MoStream} Cooperative MoStream runtime is used[0m
[36m{MoStream} CPU pinning is disabled[0m
[36m{MoStream} Pipeline starts...[0m
[36m{MoStream} ...terminated successfully![0m
PIPE_COOP_MPMC_RESULT backend= MPMC  producers= 4  consumers= 4  workers= 4  capacity= 1024  work_iterations= 0  messages= 200000  time_ms= 431.235051  throughput_Mtransfer_s= 0.4637841927186016  count= 200000  checksum= 5000100000  valid= True

block=1 position=1 command=['/tmp/mostream-ms-bench-8evqzlt5/PADDEDFAA', '50000', '4', '4', '1024', '0']
[36m{MoStream} Starting pipeline execution with 2 stages and total parallelism of 8 nodes[0m
[36m{MoStream} Cooperative MoStream runtime is used[0m
[36m{MoStream} CPU pinning is disabled[0m
[36m{MoStream} Pipeline starts...[0m
[36m{MoStream} ...terminated successfully![0m
PIPE_COOP_MPMC_RESULT backend= PADDEDFAA  producers= 4  consumers= 4  workers= 4  capacity= 1024  work_iterations= 0  messages= 200000  time_ms= 427.364315  throughput_Mtransfer_s= 0.4679847918514207  count= 200000  checksum= 5000100000  valid= True

block=1 position=2 command=['/tmp/mostream-ms-bench-8evqzlt5/SCQ', '50000', '4', '4', '1024', '0']
[36m{MoStream} Starting pipeline execution with 2 stages and total parallelism of 8 nodes[0m
[36m{MoStream} Cooperative MoStream runtime is used[0m
[36m{MoStream} CPU pinning is disabled[0m
[36m{MoStream} Pipeline starts...[0m
[36m{MoStream} ...terminated successfully![0m
PIPE_COOP_MPMC_RESULT backend= SCQ  producers= 4  consumers= 4  workers= 4  capacity= 1024  work_iterations= 0  messages= 200000  time_ms= 467.248859  throughput_Mtransfer_s= 0.42803742833751895  count= 200000  checksum= 5000100000  valid= True

block=1 position=3 command=['/tmp/mostream-ms-bench-8evqzlt5/MICHAELSCOTT', '50000', '4', '4', '1024', '0']
[36m{MoStream} Starting pipeline execution with 2 stages and total parallelism of 8 nodes[0m
[36m{MoStream} Cooperative MoStream runtime is used[0m
[36m{MoStream} CPU pinning is disabled[0m
[36m{MoStream} Pipeline starts...[0m
[36m{MoStream} ...terminated successfully![0m
PIPE_COOP_MPMC_RESULT backend= MICHAELSCOTT  producers= 4  consumers= 4  workers= 4  capacity= 1024  work_iterations= 0  messages= 200000  time_ms= 441.546476  throughput_Mtransfer_s= 0.452953450816353  count= 200000  checksum= 5000100000  valid= True

block=1 position=0 command=['/tmp/mostream-ms-bench-8evqzlt5/MPMC', '50000', '4', '2', '1024', '0']
[36m{MoStream} Starting pipeline execution with 2 stages and total parallelism of 8 nodes[0m
[36m{MoStream} Cooperative MoStream runtime is used[0m
[36m{MoStream} CPU pinning is disabled[0m
[36m{MoStream} Pipeline starts...[0m
[36m{MoStream} ...terminated successfully![0m
PIPE_COOP_MPMC_RESULT backend= MPMC  producers= 4  consumers= 4  workers= 2  capacity= 1024  work_iterations= 0  messages= 200000  time_ms= 476.852301  throughput_Mtransfer_s= 0.41941708067798544  count= 200000  checksum= 5000100000  valid= True

block=1 position=1 command=['/tmp/mostream-ms-bench-8evqzlt5/PADDEDFAA', '50000', '4', '2', '1024', '0']
[36m{MoStream} Starting pipeline execution with 2 stages and total parallelism of 8 nodes[0m
[36m{MoStream} Cooperative MoStream runtime is used[0m
[36m{MoStream} CPU pinning is disabled[0m
[36m{MoStream} Pipeline starts...[0m
[36m{MoStream} ...terminated successfully![0m
PIPE_COOP_MPMC_RESULT backend= PADDEDFAA  producers= 4  consumers= 4  workers= 2  capacity= 1024  work_iterations= 0  messages= 200000  time_ms= 422.180997  throughput_Mtransfer_s= 0.4737304649455835  count= 200000  checksum= 5000100000  valid= True

block=1 position=2 command=['/tmp/mostream-ms-bench-8evqzlt5/MICHAELSCOTT', '50000', '4', '2', '1024', '0']
[36m{MoStream} Starting pipeline execution with 2 stages and total parallelism of 8 nodes[0m
[36m{MoStream} Cooperative MoStream runtime is used[0m
[36m{MoStream} CPU pinning is disabled[0m
[36m{MoStream} Pipeline starts...[0m
[36m{MoStream} ...terminated successfully![0m
PIPE_COOP_MPMC_RESULT backend= MICHAELSCOTT  producers= 4  consumers= 4  workers= 2  capacity= 1024  work_iterations= 0  messages= 200000  time_ms= 478.874459  throughput_Mtransfer_s= 0.417645995189733  count= 200000  checksum= 5000100000  valid= True

block=1 position=3 command=['/tmp/mostream-ms-bench-8evqzlt5/SCQ', '50000', '4', '2', '1024', '0']
[36m{MoStream} Starting pipeline execution with 2 stages and total parallelism of 8 nodes[0m
[36m{MoStream} Cooperative MoStream runtime is used[0m
[36m{MoStream} CPU pinning is disabled[0m
[36m{MoStream} Pipeline starts...[0m
[36m{MoStream} ...terminated successfully![0m
PIPE_COOP_MPMC_RESULT backend= SCQ  producers= 4  consumers= 4  workers= 2  capacity= 1024  work_iterations= 0  messages= 200000  time_ms= 472.752552  throughput_Mtransfer_s= 0.4230543000855128  count= 200000  checksum= 5000100000  valid= True

block=1 position=0 command=['/tmp/mostream-ms-bench-8evqzlt5/MPMC', '50000', '4', '2', '1024', '160']
[36m{MoStream} Starting pipeline execution with 2 stages and total parallelism of 8 nodes[0m
[36m{MoStream} Cooperative MoStream runtime is used[0m
[36m{MoStream} CPU pinning is disabled[0m
[36m{MoStream} Pipeline starts...[0m
[36m{MoStream} ...terminated successfully![0m
PIPE_COOP_MPMC_RESULT backend= MPMC  producers= 4  consumers= 4  workers= 2  capacity= 1024  work_iterations= 160  messages= 200000  time_ms= 490.421752  throughput_Mtransfer_s= 0.40781225380884  count= 200000  checksum= 476513354054716080  valid= True

block=1 position=1 command=['/tmp/mostream-ms-bench-8evqzlt5/PADDEDFAA', '50000', '4', '2', '1024', '160']
[36m{MoStream} Starting pipeline execution with 2 stages and total parallelism of 8 nodes[0m
[36m{MoStream} Cooperative MoStream runtime is used[0m
[36m{MoStream} CPU pinning is disabled[0m
[36m{MoStream} Pipeline starts...[0m
[36m{MoStream} ...terminated successfully![0m
PIPE_COOP_MPMC_RESULT backend= PADDEDFAA  producers= 4  consumers= 4  workers= 2  capacity= 1024  work_iterations= 160  messages= 200000  time_ms= 488.56506  throughput_Mtransfer_s= 0.4093620612165757  count= 200000  checksum= 476513354054716080  valid= True

block=1 position=2 command=['/tmp/mostream-ms-bench-8evqzlt5/SCQ', '50000', '4', '2', '1024', '160']
[36m{MoStream} Starting pipeline execution with 2 stages and total parallelism of 8 nodes[0m
[36m{MoStream} Cooperative MoStream runtime is used[0m
[36m{MoStream} CPU pinning is disabled[0m
[36m{MoStream} Pipeline starts...[0m
[36m{MoStream} ...terminated successfully![0m
PIPE_COOP_MPMC_RESULT backend= SCQ  producers= 4  consumers= 4  workers= 2  capacity= 1024  work_iterations= 160  messages= 200000  time_ms= 615.841705  throughput_Mtransfer_s= 0.3247587787189567  count= 200000  checksum= 476513354054716080  valid= True

block=1 position=3 command=['/tmp/mostream-ms-bench-8evqzlt5/MICHAELSCOTT', '50000', '4', '2', '1024', '160']
[36m{MoStream} Starting pipeline execution with 2 stages and total parallelism of 8 nodes[0m
[36m{MoStream} Cooperative MoStream runtime is used[0m
[36m{MoStream} CPU pinning is disabled[0m
[36m{MoStream} Pipeline starts...[0m
[36m{MoStream} ...terminated successfully![0m
PIPE_COOP_MPMC_RESULT backend= MICHAELSCOTT  producers= 4  consumers= 4  workers= 2  capacity= 1024  work_iterations= 160  messages= 200000  time_ms= 539.511455  throughput_Mtransfer_s= 0.3707057526702561  count= 200000  checksum= 476513354054716080  valid= True

block=1 position=0 command=['/tmp/mostream-ms-bench-8evqzlt5/SCQ', '50000', '4', '8', '1024', '160']
[36m{MoStream} Starting pipeline execution with 2 stages and total parallelism of 8 nodes[0m
[36m{MoStream} Cooperative MoStream runtime is used[0m
[36m{MoStream} CPU pinning is disabled[0m
[36m{MoStream} Pipeline starts...[0m
[36m{MoStream} ...terminated successfully![0m
PIPE_COOP_MPMC_RESULT backend= SCQ  producers= 4  consumers= 4  workers= 8  capacity= 1024  work_iterations= 160  messages= 200000  time_ms= 472.908329  throughput_Mtransfer_s= 0.4229149451076807  count= 200000  checksum= 476513354054716080  valid= True

block=1 position=1 command=['/tmp/mostream-ms-bench-8evqzlt5/PADDEDFAA', '50000', '4', '8', '1024', '160']
[36m{MoStream} Starting pipeline execution with 2 stages and total parallelism of 8 nodes[0m
[36m{MoStream} Cooperative MoStream runtime is used[0m
[36m{MoStream} CPU pinning is disabled[0m
[36m{MoStream} Pipeline starts...[0m
[36m{MoStream} ...terminated successfully![0m
PIPE_COOP_MPMC_RESULT backend= PADDEDFAA  producers= 4  consumers= 4  workers= 8  capacity= 1024  work_iterations= 160  messages= 200000  time_ms= 424.025501  throughput_Mtransfer_s= 0.47166974516468996  count= 200000  checksum= 476513354054716080  valid= True

block=1 position=2 command=['/tmp/mostream-ms-bench-8evqzlt5/MICHAELSCOTT', '50000', '4', '8', '1024', '160']
[36m{MoStream} Starting pipeline execution with 2 stages and total parallelism of 8 nodes[0m
[36m{MoStream} Cooperative MoStream runtime is used[0m
[36m{MoStream} CPU pinning is disabled[0m
[36m{MoStream} Pipeline starts...[0m
[36m{MoStream} ...terminated successfully![0m
PIPE_COOP_MPMC_RESULT backend= MICHAELSCOTT  producers= 4  consumers= 4  workers= 8  capacity= 1024  work_iterations= 160  messages= 200000  time_ms= 446.115006  throughput_Mtransfer_s= 0.44831489035363226  count= 200000  checksum= 476513354054716080  valid= True

block=1 position=3 command=['/tmp/mostream-ms-bench-8evqzlt5/MPMC', '50000', '4', '8', '1024', '160']
[36m{MoStream} Starting pipeline execution with 2 stages and total parallelism of 8 nodes[0m
[36m{MoStream} Cooperative MoStream runtime is used[0m
[36m{MoStream} CPU pinning is disabled[0m
[36m{MoStream} Pipeline starts...[0m
[36m{MoStream} ...terminated successfully![0m
PIPE_COOP_MPMC_RESULT backend= MPMC  producers= 4  consumers= 4  workers= 8  capacity= 1024  work_iterations= 160  messages= 200000  time_ms= 436.919607  throughput_Mtransfer_s= 0.4577501141989263  count= 200000  checksum= 476513354054716080  valid= True

block=1 position=0 command=['/tmp/mostream-ms-bench-8evqzlt5/MICHAELSCOTT', '50000', '4', '8', '1024', '0']
[36m{MoStream} Starting pipeline execution with 2 stages and total parallelism of 8 nodes[0m
[36m{MoStream} Cooperative MoStream runtime is used[0m
[36m{MoStream} CPU pinning is disabled[0m
[36m{MoStream} Pipeline starts...[0m
[36m{MoStream} ...terminated successfully![0m
PIPE_COOP_MPMC_RESULT backend= MICHAELSCOTT  producers= 4  consumers= 4  workers= 8  capacity= 1024  work_iterations= 0  messages= 200000  time_ms= 428.01499  throughput_Mtransfer_s= 0.46727335414117155  count= 200000  checksum= 5000100000  valid= True

block=1 position=1 command=['/tmp/mostream-ms-bench-8evqzlt5/SCQ', '50000', '4', '8', '1024', '0']
[36m{MoStream} Starting pipeline execution with 2 stages and total parallelism of 8 nodes[0m
[36m{MoStream} Cooperative MoStream runtime is used[0m
[36m{MoStream} CPU pinning is disabled[0m
[36m{MoStream} Pipeline starts...[0m
[36m{MoStream} ...terminated successfully![0m
PIPE_COOP_MPMC_RESULT backend= SCQ  producers= 4  consumers= 4  workers= 8  capacity= 1024  work_iterations= 0  messages= 200000  time_ms= 414.891021  throughput_Mtransfer_s= 0.4820542983021076  count= 200000  checksum= 5000100000  valid= True

block=1 position=2 command=['/tmp/mostream-ms-bench-8evqzlt5/MPMC', '50000', '4', '8', '1024', '0']
[36m{MoStream} Starting pipeline execution with 2 stages and total parallelism of 8 nodes[0m
[36m{MoStream} Cooperative MoStream runtime is used[0m
[36m{MoStream} CPU pinning is disabled[0m
[36m{MoStream} Pipeline starts...[0m
[36m{MoStream} ...terminated successfully![0m
PIPE_COOP_MPMC_RESULT backend= MPMC  producers= 4  consumers= 4  workers= 8  capacity= 1024  work_iterations= 0  messages= 200000  time_ms= 418.938156  throughput_Mtransfer_s= 0.47739743237901683  count= 200000  checksum= 5000100000  valid= True

block=1 position=3 command=['/tmp/mostream-ms-bench-8evqzlt5/PADDEDFAA', '50000', '4', '8', '1024', '0']
[36m{MoStream} Starting pipeline execution with 2 stages and total parallelism of 8 nodes[0m
[36m{MoStream} Cooperative MoStream runtime is used[0m
[36m{MoStream} CPU pinning is disabled[0m
[36m{MoStream} Pipeline starts...[0m
[36m{MoStream} ...terminated successfully![0m
PIPE_COOP_MPMC_RESULT backend= PADDEDFAA  producers= 4  consumers= 4  workers= 8  capacity= 1024  work_iterations= 0  messages= 200000  time_ms= 421.834308  throughput_Mtransfer_s= 0.47411980535257936  count= 200000  checksum= 5000100000  valid= True

block=1 position=0 command=['/tmp/mostream-ms-bench-8evqzlt5/SCQ', '50000', '4', '1', '1024', '160']
[36m{MoStream} Starting pipeline execution with 2 stages and total parallelism of 8 nodes[0m
[36m{MoStream} Cooperative MoStream runtime is used[0m
[36m{MoStream} CPU pinning is disabled[0m
[36m{MoStream} Pipeline starts...[0m
[36m{MoStream} ...terminated successfully![0m
PIPE_COOP_MPMC_RESULT backend= SCQ  producers= 4  consumers= 4  workers= 1  capacity= 1024  work_iterations= 160  messages= 200000  time_ms= 326.170402  throughput_Mtransfer_s= 0.6131764218140185  count= 200000  checksum= 476513354054716080  valid= True

block=1 position=1 command=['/tmp/mostream-ms-bench-8evqzlt5/MICHAELSCOTT', '50000', '4', '1', '1024', '160']
[36m{MoStream} Starting pipeline execution with 2 stages and total parallelism of 8 nodes[0m
[36m{MoStream} Cooperative MoStream runtime is used[0m
[36m{MoStream} CPU pinning is disabled[0m
[36m{MoStream} Pipeline starts...[0m
[36m{MoStream} ...terminated successfully![0m
PIPE_COOP_MPMC_RESULT backend= MICHAELSCOTT  producers= 4  consumers= 4  workers= 1  capacity= 1024  work_iterations= 160  messages= 200000  time_ms= 316.238573  throughput_Mtransfer_s= 0.6324339188059769  count= 200000  checksum= 476513354054716080  valid= True

block=1 position=2 command=['/tmp/mostream-ms-bench-8evqzlt5/MPMC', '50000', '4', '1', '1024', '160']
[36m{MoStream} Starting pipeline execution with 2 stages and total parallelism of 8 nodes[0m
[36m{MoStream} Cooperative MoStream runtime is used[0m
[36m{MoStream} CPU pinning is disabled[0m
[36m{MoStream} Pipeline starts...[0m
[36m{MoStream} ...terminated successfully![0m
PIPE_COOP_MPMC_RESULT backend= MPMC  producers= 4  consumers= 4  workers= 1  capacity= 1024  work_iterations= 160  messages= 200000  time_ms= 305.657363  throughput_Mtransfer_s= 0.6543274404942112  count= 200000  checksum= 476513354054716080  valid= True

block=1 position=3 command=['/tmp/mostream-ms-bench-8evqzlt5/PADDEDFAA', '50000', '4', '1', '1024', '160']
[36m{MoStream} Starting pipeline execution with 2 stages and total parallelism of 8 nodes[0m
[36m{MoStream} Cooperative MoStream runtime is used[0m
[36m{MoStream} CPU pinning is disabled[0m
[36m{MoStream} Pipeline starts...[0m
[36m{MoStream} ...terminated successfully![0m
PIPE_COOP_MPMC_RESULT backend= PADDEDFAA  producers= 4  consumers= 4  workers= 1  capacity= 1024  work_iterations= 160  messages= 200000  time_ms= 308.375902  throughput_Mtransfer_s= 0.6485591082275942  count= 200000  checksum= 476513354054716080  valid= True

block=1 position=0 command=['/tmp/mostream-ms-bench-8evqzlt5/SCQ', '50000', '4', '1', '1024', '0']
[36m{MoStream} Starting pipeline execution with 2 stages and total parallelism of 8 nodes[0m
[36m{MoStream} Cooperative MoStream runtime is used[0m
[36m{MoStream} CPU pinning is disabled[0m
[36m{MoStream} Pipeline starts...[0m
[36m{MoStream} ...terminated successfully![0m
PIPE_COOP_MPMC_RESULT backend= SCQ  producers= 4  consumers= 4  workers= 1  capacity= 1024  work_iterations= 0  messages= 200000  time_ms= 227.647392  throughput_Mtransfer_s= 0.8785516857579462  count= 200000  checksum= 5000100000  valid= True

block=1 position=1 command=['/tmp/mostream-ms-bench-8evqzlt5/MPMC', '50000', '4', '1', '1024', '0']
[36m{MoStream} Starting pipeline execution with 2 stages and total parallelism of 8 nodes[0m
[36m{MoStream} Cooperative MoStream runtime is used[0m
[36m{MoStream} CPU pinning is disabled[0m
[36m{MoStream} Pipeline starts...[0m
[36m{MoStream} ...terminated successfully![0m
PIPE_COOP_MPMC_RESULT backend= MPMC  producers= 4  consumers= 4  workers= 1  capacity= 1024  work_iterations= 0  messages= 200000  time_ms= 219.884065  throughput_Mtransfer_s= 0.9095702319310861  count= 200000  checksum= 5000100000  valid= True

block=1 position=2 command=['/tmp/mostream-ms-bench-8evqzlt5/PADDEDFAA', '50000', '4', '1', '1024', '0']
[36m{MoStream} Starting pipeline execution with 2 stages and total parallelism of 8 nodes[0m
[36m{MoStream} Cooperative MoStream runtime is used[0m
[36m{MoStream} CPU pinning is disabled[0m
[36m{MoStream} Pipeline starts...[0m
[36m{MoStream} ...terminated successfully![0m
PIPE_COOP_MPMC_RESULT backend= PADDEDFAA  producers= 4  consumers= 4  workers= 1  capacity= 1024  work_iterations= 0  messages= 200000  time_ms= 220.594898  throughput_Mtransfer_s= 0.9066392822920138  count= 200000  checksum= 5000100000  valid= True

block=1 position=3 command=['/tmp/mostream-ms-bench-8evqzlt5/MICHAELSCOTT', '50000', '4', '1', '1024', '0']
[36m{MoStream} Starting pipeline execution with 2 stages and total parallelism of 8 nodes[0m
[36m{MoStream} Cooperative MoStream runtime is used[0m
[36m{MoStream} CPU pinning is disabled[0m
[36m{MoStream} Pipeline starts...[0m
[36m{MoStream} ...terminated successfully![0m
PIPE_COOP_MPMC_RESULT backend= MICHAELSCOTT  producers= 4  consumers= 4  workers= 1  capacity= 1024  work_iterations= 0  messages= 200000  time_ms= 235.556081  throughput_Mtransfer_s= 0.8490547098208855  count= 200000  checksum= 5000100000  valid= True

block=2 position=0 command=['/tmp/mostream-ms-bench-8evqzlt5/PADDEDFAA', '50000', '4', '2', '1024', '0']
[36m{MoStream} Starting pipeline execution with 2 stages and total parallelism of 8 nodes[0m
[36m{MoStream} Cooperative MoStream runtime is used[0m
[36m{MoStream} CPU pinning is disabled[0m
[36m{MoStream} Pipeline starts...[0m
[36m{MoStream} ...terminated successfully![0m
PIPE_COOP_MPMC_RESULT backend= PADDEDFAA  producers= 4  consumers= 4  workers= 2  capacity= 1024  work_iterations= 0  messages= 200000  time_ms= 464.038442  throughput_Mtransfer_s= 0.43099877488167243  count= 200000  checksum= 5000100000  valid= True

block=2 position=1 command=['/tmp/mostream-ms-bench-8evqzlt5/MICHAELSCOTT', '50000', '4', '2', '1024', '0']
[36m{MoStream} Starting pipeline execution with 2 stages and total parallelism of 8 nodes[0m
[36m{MoStream} Cooperative MoStream runtime is used[0m
[36m{MoStream} CPU pinning is disabled[0m
[36m{MoStream} Pipeline starts...[0m
[36m{MoStream} ...terminated successfully![0m
PIPE_COOP_MPMC_RESULT backend= MICHAELSCOTT  producers= 4  consumers= 4  workers= 2  capacity= 1024  work_iterations= 0  messages= 200000  time_ms= 472.935318  throughput_Mtransfer_s= 0.42289081062032247  count= 200000  checksum= 5000100000  valid= True

block=2 position=2 command=['/tmp/mostream-ms-bench-8evqzlt5/SCQ', '50000', '4', '2', '1024', '0']
[36m{MoStream} Starting pipeline execution with 2 stages and total parallelism of 8 nodes[0m
[36m{MoStream} Cooperative MoStream runtime is used[0m
[36m{MoStream} CPU pinning is disabled[0m
[36m{MoStream} Pipeline starts...[0m
[36m{MoStream} ...terminated successfully![0m
PIPE_COOP_MPMC_RESULT backend= SCQ  producers= 4  consumers= 4  workers= 2  capacity= 1024  work_iterations= 0  messages= 200000  time_ms= 529.145257  throughput_Mtransfer_s= 0.37796804819512914  count= 200000  checksum= 5000100000  valid= True

block=2 position=3 command=['/tmp/mostream-ms-bench-8evqzlt5/MPMC', '50000', '4', '2', '1024', '0']
[36m{MoStream} Starting pipeline execution with 2 stages and total parallelism of 8 nodes[0m
[36m{MoStream} Cooperative MoStream runtime is used[0m
[36m{MoStream} CPU pinning is disabled[0m
[36m{MoStream} Pipeline starts...[0m
[36m{MoStream} ...terminated successfully![0m
PIPE_COOP_MPMC_RESULT backend= MPMC  producers= 4  consumers= 4  workers= 2  capacity= 1024  work_iterations= 0  messages= 200000  time_ms= 434.296107  throughput_Mtransfer_s= 0.46051529538578156  count= 200000  checksum= 5000100000  valid= True

block=2 position=0 command=['/tmp/mostream-ms-bench-8evqzlt5/SCQ', '50000', '4', '8', '1024', '0']
[36m{MoStream} Starting pipeline execution with 2 stages and total parallelism of 8 nodes[0m
[36m{MoStream} Cooperative MoStream runtime is used[0m
[36m{MoStream} CPU pinning is disabled[0m
[36m{MoStream} Pipeline starts...[0m
[36m{MoStream} ...terminated successfully![0m
PIPE_COOP_MPMC_RESULT backend= SCQ  producers= 4  consumers= 4  workers= 8  capacity= 1024  work_iterations= 0  messages= 200000  time_ms= 398.910076  throughput_Mtransfer_s= 0.5013661274377036  count= 200000  checksum= 5000100000  valid= True

block=2 position=1 command=['/tmp/mostream-ms-bench-8evqzlt5/MPMC', '50000', '4', '8', '1024', '0']
[36m{MoStream} Starting pipeline execution with 2 stages and total parallelism of 8 nodes[0m
[36m{MoStream} Cooperative MoStream runtime is used[0m
[36m{MoStream} CPU pinning is disabled[0m
[36m{MoStream} Pipeline starts...[0m
[36m{MoStream} ...terminated successfully![0m
PIPE_COOP_MPMC_RESULT backend= MPMC  producers= 4  consumers= 4  workers= 8  capacity= 1024  work_iterations= 0  messages= 200000  time_ms= 441.082246  throughput_Mtransfer_s= 0.4534301750154778  count= 200000  checksum= 5000100000  valid= True

block=2 position=2 command=['/tmp/mostream-ms-bench-8evqzlt5/PADDEDFAA', '50000', '4', '8', '1024', '0']
[36m{MoStream} Starting pipeline execution with 2 stages and total parallelism of 8 nodes[0m
[36m{MoStream} Cooperative MoStream runtime is used[0m
[36m{MoStream} CPU pinning is disabled[0m
[36m{MoStream} Pipeline starts...[0m
[36m{MoStream} ...terminated successfully![0m
PIPE_COOP_MPMC_RESULT backend= PADDEDFAA  producers= 4  consumers= 4  workers= 8  capacity= 1024  work_iterations= 0  messages= 200000  time_ms= 418.198628  throughput_Mtransfer_s= 0.4782416454986553  count= 200000  checksum= 5000100000  valid= True

block=2 position=3 command=['/tmp/mostream-ms-bench-8evqzlt5/MICHAELSCOTT', '50000', '4', '8', '1024', '0']
[36m{MoStream} Starting pipeline execution with 2 stages and total parallelism of 8 nodes[0m
[36m{MoStream} Cooperative MoStream runtime is used[0m
[36m{MoStream} CPU pinning is disabled[0m
[36m{MoStream} Pipeline starts...[0m
[36m{MoStream} ...terminated successfully![0m
PIPE_COOP_MPMC_RESULT backend= MICHAELSCOTT  producers= 4  consumers= 4  workers= 8  capacity= 1024  work_iterations= 0  messages= 200000  time_ms= 393.629664  throughput_Mtransfer_s= 0.5080917885294336  count= 200000  checksum= 5000100000  valid= True

block=2 position=0 command=['/tmp/mostream-ms-bench-8evqzlt5/MICHAELSCOTT', '50000', '4', '1', '1024', '160']
[36m{MoStream} Starting pipeline execution with 2 stages and total parallelism of 8 nodes[0m
[36m{MoStream} Cooperative MoStream runtime is used[0m
[36m{MoStream} CPU pinning is disabled[0m
[36m{MoStream} Pipeline starts...[0m
[36m{MoStream} ...terminated successfully![0m
PIPE_COOP_MPMC_RESULT backend= MICHAELSCOTT  producers= 4  consumers= 4  workers= 1  capacity= 1024  work_iterations= 160  messages= 200000  time_ms= 312.816654  throughput_Mtransfer_s= 0.6393521490706822  count= 200000  checksum= 476513354054716080  valid= True

block=2 position=1 command=['/tmp/mostream-ms-bench-8evqzlt5/MPMC', '50000', '4', '1', '1024', '160']
[36m{MoStream} Starting pipeline execution with 2 stages and total parallelism of 8 nodes[0m
[36m{MoStream} Cooperative MoStream runtime is used[0m
[36m{MoStream} CPU pinning is disabled[0m
[36m{MoStream} Pipeline starts...[0m
[36m{MoStream} ...terminated successfully![0m
PIPE_COOP_MPMC_RESULT backend= MPMC  producers= 4  consumers= 4  workers= 1  capacity= 1024  work_iterations= 160  messages= 200000  time_ms= 305.570163  throughput_Mtransfer_s= 0.6545141647222932  count= 200000  checksum= 476513354054716080  valid= True

block=2 position=2 command=['/tmp/mostream-ms-bench-8evqzlt5/PADDEDFAA', '50000', '4', '1', '1024', '160']
[36m{MoStream} Starting pipeline execution with 2 stages and total parallelism of 8 nodes[0m
[36m{MoStream} Cooperative MoStream runtime is used[0m
[36m{MoStream} CPU pinning is disabled[0m
[36m{MoStream} Pipeline starts...[0m
[36m{MoStream} ...terminated successfully![0m
PIPE_COOP_MPMC_RESULT backend= PADDEDFAA  producers= 4  consumers= 4  workers= 1  capacity= 1024  work_iterations= 160  messages= 200000  time_ms= 305.049874  throughput_Mtransfer_s= 0.6556304953595884  count= 200000  checksum= 476513354054716080  valid= True

block=2 position=3 command=['/tmp/mostream-ms-bench-8evqzlt5/SCQ', '50000', '4', '1', '1024', '160']
[36m{MoStream} Starting pipeline execution with 2 stages and total parallelism of 8 nodes[0m
[36m{MoStream} Cooperative MoStream runtime is used[0m
[36m{MoStream} CPU pinning is disabled[0m
[36m{MoStream} Pipeline starts...[0m
[36m{MoStream} ...terminated successfully![0m
PIPE_COOP_MPMC_RESULT backend= SCQ  producers= 4  consumers= 4  workers= 1  capacity= 1024  work_iterations= 160  messages= 200000  time_ms= 334.273185  throughput_Mtransfer_s= 0.5983130235229608  count= 200000  checksum= 476513354054716080  valid= True

block=2 position=0 command=['/tmp/mostream-ms-bench-8evqzlt5/PADDEDFAA', '50000', '4', '2', '1024', '160']
[36m{MoStream} Starting pipeline execution with 2 stages and total parallelism of 8 nodes[0m
[36m{MoStream} Cooperative MoStream runtime is used[0m
[36m{MoStream} CPU pinning is disabled[0m
[36m{MoStream} Pipeline starts...[0m
[36m{MoStream} ...terminated successfully![0m
PIPE_COOP_MPMC_RESULT backend= PADDEDFAA  producers= 4  consumers= 4  workers= 2  capacity= 1024  work_iterations= 160  messages= 200000  time_ms= 490.661872  throughput_Mtransfer_s= 0.4076126787369368  count= 200000  checksum= 476513354054716080  valid= True

block=2 position=1 command=['/tmp/mostream-ms-bench-8evqzlt5/SCQ', '50000', '4', '2', '1024', '160']
[36m{MoStream} Starting pipeline execution with 2 stages and total parallelism of 8 nodes[0m
[36m{MoStream} Cooperative MoStream runtime is used[0m
[36m{MoStream} CPU pinning is disabled[0m
[36m{MoStream} Pipeline starts...[0m
[36m{MoStream} ...terminated successfully![0m
PIPE_COOP_MPMC_RESULT backend= SCQ  producers= 4  consumers= 4  workers= 2  capacity= 1024  work_iterations= 160  messages= 200000  time_ms= 557.029712  throughput_Mtransfer_s= 0.3590472746631512  count= 200000  checksum= 476513354054716080  valid= True

block=2 position=2 command=['/tmp/mostream-ms-bench-8evqzlt5/MICHAELSCOTT', '50000', '4', '2', '1024', '160']
[36m{MoStream} Starting pipeline execution with 2 stages and total parallelism of 8 nodes[0m
[36m{MoStream} Cooperative MoStream runtime is used[0m
[36m{MoStream} CPU pinning is disabled[0m
[36m{MoStream} Pipeline starts...[0m
[36m{MoStream} ...terminated successfully![0m
PIPE_COOP_MPMC_RESULT backend= MICHAELSCOTT  producers= 4  consumers= 4  workers= 2  capacity= 1024  work_iterations= 160  messages= 200000  time_ms= 527.849835  throughput_Mtransfer_s= 0.3788956379990154  count= 200000  checksum= 476513354054716080  valid= True

block=2 position=3 command=['/tmp/mostream-ms-bench-8evqzlt5/MPMC', '50000', '4', '2', '1024', '160']
[36m{MoStream} Starting pipeline execution with 2 stages and total parallelism of 8 nodes[0m
[36m{MoStream} Cooperative MoStream runtime is used[0m
[36m{MoStream} CPU pinning is disabled[0m
[36m{MoStream} Pipeline starts...[0m
[36m{MoStream} ...terminated successfully![0m
PIPE_COOP_MPMC_RESULT backend= MPMC  producers= 4  consumers= 4  workers= 2  capacity= 1024  work_iterations= 160  messages= 200000  time_ms= 478.912997  throughput_Mtransfer_s= 0.4176123873288826  count= 200000  checksum= 476513354054716080  valid= True

block=2 position=0 command=['/tmp/mostream-ms-bench-8evqzlt5/PADDEDFAA', '50000', '4', '4', '1024', '0']
[36m{MoStream} Starting pipeline execution with 2 stages and total parallelism of 8 nodes[0m
[36m{MoStream} Cooperative MoStream runtime is used[0m
[36m{MoStream} CPU pinning is disabled[0m
[36m{MoStream} Pipeline starts...[0m
[36m{MoStream} ...terminated successfully![0m
PIPE_COOP_MPMC_RESULT backend= PADDEDFAA  producers= 4  consumers= 4  workers= 4  capacity= 1024  work_iterations= 0  messages= 200000  time_ms= 436.245474  throughput_Mtransfer_s= 0.4584574784608539  count= 200000  checksum= 5000100000  valid= True

block=2 position=1 command=['/tmp/mostream-ms-bench-8evqzlt5/SCQ', '50000', '4', '4', '1024', '0']
[36m{MoStream} Starting pipeline execution with 2 stages and total parallelism of 8 nodes[0m
[36m{MoStream} Cooperative MoStream runtime is used[0m
[36m{MoStream} CPU pinning is disabled[0m
[36m{MoStream} Pipeline starts...[0m
[36m{MoStream} ...terminated successfully![0m
PIPE_COOP_MPMC_RESULT backend= SCQ  producers= 4  consumers= 4  workers= 4  capacity= 1024  work_iterations= 0  messages= 200000  time_ms= 441.73857  throughput_Mtransfer_s= 0.4527564799243136  count= 200000  checksum= 5000100000  valid= True

block=2 position=2 command=['/tmp/mostream-ms-bench-8evqzlt5/MICHAELSCOTT', '50000', '4', '4', '1024', '0']
[36m{MoStream} Starting pipeline execution with 2 stages and total parallelism of 8 nodes[0m
[36m{MoStream} Cooperative MoStream runtime is used[0m
[36m{MoStream} CPU pinning is disabled[0m
[36m{MoStream} Pipeline starts...[0m
[36m{MoStream} ...terminated successfully![0m
PIPE_COOP_MPMC_RESULT backend= MICHAELSCOTT  producers= 4  consumers= 4  workers= 4  capacity= 1024  work_iterations= 0  messages= 200000  time_ms= 439.168894  throughput_Mtransfer_s= 0.45540565994639864  count= 200000  checksum= 5000100000  valid= True

block=2 position=3 command=['/tmp/mostream-ms-bench-8evqzlt5/MPMC', '50000', '4', '4', '1024', '0']
[36m{MoStream} Starting pipeline execution with 2 stages and total parallelism of 8 nodes[0m
[36m{MoStream} Cooperative MoStream runtime is used[0m
[36m{MoStream} CPU pinning is disabled[0m
[36m{MoStream} Pipeline starts...[0m
[36m{MoStream} ...terminated successfully![0m
PIPE_COOP_MPMC_RESULT backend= MPMC  producers= 4  consumers= 4  workers= 4  capacity= 1024  work_iterations= 0  messages= 200000  time_ms= 419.013199  throughput_Mtransfer_s= 0.4773119330782704  count= 200000  checksum= 5000100000  valid= True

block=2 position=0 command=['/tmp/mostream-ms-bench-8evqzlt5/MPMC', '50000', '4', '1', '1024', '0']
[36m{MoStream} Starting pipeline execution with 2 stages and total parallelism of 8 nodes[0m
[36m{MoStream} Cooperative MoStream runtime is used[0m
[36m{MoStream} CPU pinning is disabled[0m
[36m{MoStream} Pipeline starts...[0m
[36m{MoStream} ...terminated successfully![0m
PIPE_COOP_MPMC_RESULT backend= MPMC  producers= 4  consumers= 4  workers= 1  capacity= 1024  work_iterations= 0  messages= 200000  time_ms= 221.784194  throughput_Mtransfer_s= 0.90177751801375  count= 200000  checksum= 5000100000  valid= True

block=2 position=1 command=['/tmp/mostream-ms-bench-8evqzlt5/PADDEDFAA', '50000', '4', '1', '1024', '0']
[36m{MoStream} Starting pipeline execution with 2 stages and total parallelism of 8 nodes[0m
[36m{MoStream} Cooperative MoStream runtime is used[0m
[36m{MoStream} CPU pinning is disabled[0m
[36m{MoStream} Pipeline starts...[0m
[36m{MoStream} ...terminated successfully![0m
PIPE_COOP_MPMC_RESULT backend= PADDEDFAA  producers= 4  consumers= 4  workers= 1  capacity= 1024  work_iterations= 0  messages= 200000  time_ms= 226.060209  throughput_Mtransfer_s= 0.8847200526121781  count= 200000  checksum= 5000100000  valid= True

block=2 position=2 command=['/tmp/mostream-ms-bench-8evqzlt5/MICHAELSCOTT', '50000', '4', '1', '1024', '0']
[36m{MoStream} Starting pipeline execution with 2 stages and total parallelism of 8 nodes[0m
[36m{MoStream} Cooperative MoStream runtime is used[0m
[36m{MoStream} CPU pinning is disabled[0m
[36m{MoStream} Pipeline starts...[0m
[36m{MoStream} ...terminated successfully![0m
PIPE_COOP_MPMC_RESULT backend= MICHAELSCOTT  producers= 4  consumers= 4  workers= 1  capacity= 1024  work_iterations= 0  messages= 200000  time_ms= 235.142751  throughput_Mtransfer_s= 0.8505471640076202  count= 200000  checksum= 5000100000  valid= True

block=2 position=3 command=['/tmp/mostream-ms-bench-8evqzlt5/SCQ', '50000', '4', '1', '1024', '0']
[36m{MoStream} Starting pipeline execution with 2 stages and total parallelism of 8 nodes[0m
[36m{MoStream} Cooperative MoStream runtime is used[0m
[36m{MoStream} CPU pinning is disabled[0m
[36m{MoStream} Pipeline starts...[0m
[36m{MoStream} ...terminated successfully![0m
PIPE_COOP_MPMC_RESULT backend= SCQ  producers= 4  consumers= 4  workers= 1  capacity= 1024  work_iterations= 0  messages= 200000  time_ms= 243.576054  throughput_Mtransfer_s= 0.8210987768116155  count= 200000  checksum= 5000100000  valid= True

block=2 position=0 command=['/tmp/mostream-ms-bench-8evqzlt5/SCQ', '50000', '4', '4', '1024', '160']
[36m{MoStream} Starting pipeline execution with 2 stages and total parallelism of 8 nodes[0m
[36m{MoStream} Cooperative MoStream runtime is used[0m
[36m{MoStream} CPU pinning is disabled[0m
[36m{MoStream} Pipeline starts...[0m
[36m{MoStream} ...terminated successfully![0m
PIPE_COOP_MPMC_RESULT backend= SCQ  producers= 4  consumers= 4  workers= 4  capacity= 1024  work_iterations= 160  messages= 200000  time_ms= 546.687933  throughput_Mtransfer_s= 0.3658394267136677  count= 200000  checksum= 476513354054716080  valid= True

block=2 position=1 command=['/tmp/mostream-ms-bench-8evqzlt5/MICHAELSCOTT', '50000', '4', '4', '1024', '160']
[36m{MoStream} Starting pipeline execution with 2 stages and total parallelism of 8 nodes[0m
[36m{MoStream} Cooperative MoStream runtime is used[0m
[36m{MoStream} CPU pinning is disabled[0m
[36m{MoStream} Pipeline starts...[0m
[36m{MoStream} ...terminated successfully![0m
PIPE_COOP_MPMC_RESULT backend= MICHAELSCOTT  producers= 4  consumers= 4  workers= 4  capacity= 1024  work_iterations= 160  messages= 200000  time_ms= 514.62878  throughput_Mtransfer_s= 0.38862964484807866  count= 200000  checksum= 476513354054716080  valid= True

block=2 position=2 command=['/tmp/mostream-ms-bench-8evqzlt5/PADDEDFAA', '50000', '4', '4', '1024', '160']
[36m{MoStream} Starting pipeline execution with 2 stages and total parallelism of 8 nodes[0m
[36m{MoStream} Cooperative MoStream runtime is used[0m
[36m{MoStream} CPU pinning is disabled[0m
[36m{MoStream} Pipeline starts...[0m
[36m{MoStream} ...terminated successfully![0m
PIPE_COOP_MPMC_RESULT backend= PADDEDFAA  producers= 4  consumers= 4  workers= 4  capacity= 1024  work_iterations= 160  messages= 200000  time_ms= 446.366076  throughput_Mtransfer_s= 0.44806272419322474  count= 200000  checksum= 476513354054716080  valid= True

block=2 position=3 command=['/tmp/mostream-ms-bench-8evqzlt5/MPMC', '50000', '4', '4', '1024', '160']
[36m{MoStream} Starting pipeline execution with 2 stages and total parallelism of 8 nodes[0m
[36m{MoStream} Cooperative MoStream runtime is used[0m
[36m{MoStream} CPU pinning is disabled[0m
[36m{MoStream} Pipeline starts...[0m
[36m{MoStream} ...terminated successfully![0m
PIPE_COOP_MPMC_RESULT backend= MPMC  producers= 4  consumers= 4  workers= 4  capacity= 1024  work_iterations= 160  messages= 200000  time_ms= 460.752939  throughput_Mtransfer_s= 0.43407210908751254  count= 200000  checksum= 476513354054716080  valid= True

block=2 position=0 command=['/tmp/mostream-ms-bench-8evqzlt5/PADDEDFAA', '50000', '4', '8', '1024', '160']
[36m{MoStream} Starting pipeline execution with 2 stages and total parallelism of 8 nodes[0m
[36m{MoStream} Cooperative MoStream runtime is used[0m
[36m{MoStream} CPU pinning is disabled[0m
[36m{MoStream} Pipeline starts...[0m
[36m{MoStream} ...terminated successfully![0m
PIPE_COOP_MPMC_RESULT backend= PADDEDFAA  producers= 4  consumers= 4  workers= 8  capacity= 1024  work_iterations= 160  messages= 200000  time_ms= 435.632875  throughput_Mtransfer_s= 0.45910217404965137  count= 200000  checksum= 476513354054716080  valid= True

block=2 position=1 command=['/tmp/mostream-ms-bench-8evqzlt5/MICHAELSCOTT', '50000', '4', '8', '1024', '160']
[36m{MoStream} Starting pipeline execution with 2 stages and total parallelism of 8 nodes[0m
[36m{MoStream} Cooperative MoStream runtime is used[0m
[36m{MoStream} CPU pinning is disabled[0m
[36m{MoStream} Pipeline starts...[0m
[36m{MoStream} ...terminated successfully![0m
PIPE_COOP_MPMC_RESULT backend= MICHAELSCOTT  producers= 4  consumers= 4  workers= 8  capacity= 1024  work_iterations= 160  messages= 200000  time_ms= 440.108187  throughput_Mtransfer_s= 0.45443371858928855  count= 200000  checksum= 476513354054716080  valid= True

block=2 position=2 command=['/tmp/mostream-ms-bench-8evqzlt5/MPMC', '50000', '4', '8', '1024', '160']
[36m{MoStream} Starting pipeline execution with 2 stages and total parallelism of 8 nodes[0m
[36m{MoStream} Cooperative MoStream runtime is used[0m
[36m{MoStream} CPU pinning is disabled[0m
[36m{MoStream} Pipeline starts...[0m
[36m{MoStream} ...terminated successfully![0m
PIPE_COOP_MPMC_RESULT backend= MPMC  producers= 4  consumers= 4  workers= 8  capacity= 1024  work_iterations= 160  messages= 200000  time_ms= 432.849896  throughput_Mtransfer_s= 0.46205394028788216  count= 200000  checksum= 476513354054716080  valid= True

block=2 position=3 command=['/tmp/mostream-ms-bench-8evqzlt5/SCQ', '50000', '4', '8', '1024', '160']
[36m{MoStream} Starting pipeline execution with 2 stages and total parallelism of 8 nodes[0m
[36m{MoStream} Cooperative MoStream runtime is used[0m
[36m{MoStream} CPU pinning is disabled[0m
[36m{MoStream} Pipeline starts...[0m
[36m{MoStream} ...terminated successfully![0m
PIPE_COOP_MPMC_RESULT backend= SCQ  producers= 4  consumers= 4  workers= 8  capacity= 1024  work_iterations= 160  messages= 200000  time_ms= 471.440502  throughput_Mtransfer_s= 0.424231688095394  count= 200000  checksum= 476513354054716080  valid= True

block=3 position=0 command=['/tmp/mostream-ms-bench-8evqzlt5/SCQ', '50000', '4', '2', '1024', '160']
[36m{MoStream} Starting pipeline execution with 2 stages and total parallelism of 8 nodes[0m
[36m{MoStream} Cooperative MoStream runtime is used[0m
[36m{MoStream} CPU pinning is disabled[0m
[36m{MoStream} Pipeline starts...[0m
[36m{MoStream} ...terminated successfully![0m
PIPE_COOP_MPMC_RESULT backend= SCQ  producers= 4  consumers= 4  workers= 2  capacity= 1024  work_iterations= 160  messages= 200000  time_ms= 584.956076  throughput_Mtransfer_s= 0.34190601346963356  count= 200000  checksum= 476513354054716080  valid= True

block=3 position=1 command=['/tmp/mostream-ms-bench-8evqzlt5/MICHAELSCOTT', '50000', '4', '2', '1024', '160']
[36m{MoStream} Starting pipeline execution with 2 stages and total parallelism of 8 nodes[0m
[36m{MoStream} Cooperative MoStream runtime is used[0m
[36m{MoStream} CPU pinning is disabled[0m
[36m{MoStream} Pipeline starts...[0m
[36m{MoStream} ...terminated successfully![0m
PIPE_COOP_MPMC_RESULT backend= MICHAELSCOTT  producers= 4  consumers= 4  workers= 2  capacity= 1024  work_iterations= 160  messages= 200000  time_ms= 532.202965  throughput_Mtransfer_s= 0.3757964783228894  count= 200000  checksum= 476513354054716080  valid= True

block=3 position=2 command=['/tmp/mostream-ms-bench-8evqzlt5/MPMC', '50000', '4', '2', '1024', '160']
[36m{MoStream} Starting pipeline execution with 2 stages and total parallelism of 8 nodes[0m
[36m{MoStream} Cooperative MoStream runtime is used[0m
[36m{MoStream} CPU pinning is disabled[0m
[36m{MoStream} Pipeline starts...[0m
[36m{MoStream} ...terminated successfully![0m
PIPE_COOP_MPMC_RESULT backend= MPMC  producers= 4  consumers= 4  workers= 2  capacity= 1024  work_iterations= 160  messages= 200000  time_ms= 482.908177  throughput_Mtransfer_s= 0.4141574103020418  count= 200000  checksum= 476513354054716080  valid= True

block=3 position=3 command=['/tmp/mostream-ms-bench-8evqzlt5/PADDEDFAA', '50000', '4', '2', '1024', '160']
[36m{MoStream} Starting pipeline execution with 2 stages and total parallelism of 8 nodes[0m
[36m{MoStream} Cooperative MoStream runtime is used[0m
[36m{MoStream} CPU pinning is disabled[0m
[36m{MoStream} Pipeline starts...[0m
[36m{MoStream} ...terminated successfully![0m
PIPE_COOP_MPMC_RESULT backend= PADDEDFAA  producers= 4  consumers= 4  workers= 2  capacity= 1024  work_iterations= 160  messages= 200000  time_ms= 461.91423  throughput_Mtransfer_s= 0.43298081550767553  count= 200000  checksum= 476513354054716080  valid= True

block=3 position=0 command=['/tmp/mostream-ms-bench-8evqzlt5/MICHAELSCOTT', '50000', '4', '4', '1024', '160']
[36m{MoStream} Starting pipeline execution with 2 stages and total parallelism of 8 nodes[0m
[36m{MoStream} Cooperative MoStream runtime is used[0m
[36m{MoStream} CPU pinning is disabled[0m
[36m{MoStream} Pipeline starts...[0m
[36m{MoStream} ...terminated successfully![0m
PIPE_COOP_MPMC_RESULT backend= MICHAELSCOTT  producers= 4  consumers= 4  workers= 4  capacity= 1024  work_iterations= 160  messages= 200000  time_ms= 505.904599  throughput_Mtransfer_s= 0.3953314526006118  count= 200000  checksum= 476513354054716080  valid= True

block=3 position=1 command=['/tmp/mostream-ms-bench-8evqzlt5/PADDEDFAA', '50000', '4', '4', '1024', '160']
[36m{MoStream} Starting pipeline execution with 2 stages and total parallelism of 8 nodes[0m
[36m{MoStream} Cooperative MoStream runtime is used[0m
[36m{MoStream} CPU pinning is disabled[0m
[36m{MoStream} Pipeline starts...[0m
[36m{MoStream} ...terminated successfully![0m
PIPE_COOP_MPMC_RESULT backend= PADDEDFAA  producers= 4  consumers= 4  workers= 4  capacity= 1024  work_iterations= 160  messages= 200000  time_ms= 459.728791  throughput_Mtransfer_s= 0.43503910112951794  count= 200000  checksum= 476513354054716080  valid= True

block=3 position=2 command=['/tmp/mostream-ms-bench-8evqzlt5/MPMC', '50000', '4', '4', '1024', '160']
[36m{MoStream} Starting pipeline execution with 2 stages and total parallelism of 8 nodes[0m
[36m{MoStream} Cooperative MoStream runtime is used[0m
[36m{MoStream} CPU pinning is disabled[0m
[36m{MoStream} Pipeline starts...[0m
[36m{MoStream} ...terminated successfully![0m
PIPE_COOP_MPMC_RESULT backend= MPMC  producers= 4  consumers= 4  workers= 4  capacity= 1024  work_iterations= 160  messages= 200000  time_ms= 445.367556  throughput_Mtransfer_s= 0.44906728679625685  count= 200000  checksum= 476513354054716080  valid= True

block=3 position=3 command=['/tmp/mostream-ms-bench-8evqzlt5/SCQ', '50000', '4', '4', '1024', '160']
[36m{MoStream} Starting pipeline execution with 2 stages and total parallelism of 8 nodes[0m
[36m{MoStream} Cooperative MoStream runtime is used[0m
[36m{MoStream} CPU pinning is disabled[0m
[36m{MoStream} Pipeline starts...[0m
[36m{MoStream} ...terminated successfully![0m
PIPE_COOP_MPMC_RESULT backend= SCQ  producers= 4  consumers= 4  workers= 4  capacity= 1024  work_iterations= 160  messages= 200000  time_ms= 548.661557  throughput_Mtransfer_s= 0.36452344336565207  count= 200000  checksum= 476513354054716080  valid= True

block=3 position=0 command=['/tmp/mostream-ms-bench-8evqzlt5/SCQ', '50000', '4', '4', '1024', '0']
[36m{MoStream} Starting pipeline execution with 2 stages and total parallelism of 8 nodes[0m
[36m{MoStream} Cooperative MoStream runtime is used[0m
[36m{MoStream} CPU pinning is disabled[0m
[36m{MoStream} Pipeline starts...[0m
[36m{MoStream} ...terminated successfully![0m
PIPE_COOP_MPMC_RESULT backend= SCQ  producers= 4  consumers= 4  workers= 4  capacity= 1024  work_iterations= 0  messages= 200000  time_ms= 471.249286  throughput_Mtransfer_s= 0.4244038260463274  count= 200000  checksum= 5000100000  valid= True

block=3 position=1 command=['/tmp/mostream-ms-bench-8evqzlt5/MICHAELSCOTT', '50000', '4', '4', '1024', '0']
[36m{MoStream} Starting pipeline execution with 2 stages and total parallelism of 8 nodes[0m
[36m{MoStream} Cooperative MoStream runtime is used[0m
[36m{MoStream} CPU pinning is disabled[0m
[36m{MoStream} Pipeline starts...[0m
[36m{MoStream} ...terminated successfully![0m
PIPE_COOP_MPMC_RESULT backend= MICHAELSCOTT  producers= 4  consumers= 4  workers= 4  capacity= 1024  work_iterations= 0  messages= 200000  time_ms= 431.320389  throughput_Mtransfer_s= 0.4636924316601226  count= 200000  checksum= 5000100000  valid= True

block=3 position=2 command=['/tmp/mostream-ms-bench-8evqzlt5/MPMC', '50000', '4', '4', '1024', '0']
[36m{MoStream} Starting pipeline execution with 2 stages and total parallelism of 8 nodes[0m
[36m{MoStream} Cooperative MoStream runtime is used[0m
[36m{MoStream} CPU pinning is disabled[0m
[36m{MoStream} Pipeline starts...[0m
[36m{MoStream} ...terminated successfully![0m
PIPE_COOP_MPMC_RESULT backend= MPMC  producers= 4  consumers= 4  workers= 4  capacity= 1024  work_iterations= 0  messages= 200000  time_ms= 440.306377  throughput_Mtransfer_s= 0.45422916961295795  count= 200000  checksum= 5000100000  valid= True

block=3 position=3 command=['/tmp/mostream-ms-bench-8evqzlt5/PADDEDFAA', '50000', '4', '4', '1024', '0']
[36m{MoStream} Starting pipeline execution with 2 stages and total parallelism of 8 nodes[0m
[36m{MoStream} Cooperative MoStream runtime is used[0m
[36m{MoStream} CPU pinning is disabled[0m
[36m{MoStream} Pipeline starts...[0m
[36m{MoStream} ...terminated successfully![0m
PIPE_COOP_MPMC_RESULT backend= PADDEDFAA  producers= 4  consumers= 4  workers= 4  capacity= 1024  work_iterations= 0  messages= 200000  time_ms= 427.450104  throughput_Mtransfer_s= 0.46789086756193654  count= 200000  checksum= 5000100000  valid= True

block=3 position=0 command=['/tmp/mostream-ms-bench-8evqzlt5/MICHAELSCOTT', '50000', '4', '2', '1024', '0']
[36m{MoStream} Starting pipeline execution with 2 stages and total parallelism of 8 nodes[0m
[36m{MoStream} Cooperative MoStream runtime is used[0m
[36m{MoStream} CPU pinning is disabled[0m
[36m{MoStream} Pipeline starts...[0m
[36m{MoStream} ...terminated successfully![0m
PIPE_COOP_MPMC_RESULT backend= MICHAELSCOTT  producers= 4  consumers= 4  workers= 2  capacity= 1024  work_iterations= 0  messages= 200000  time_ms= 479.650153  throughput_Mtransfer_s= 0.41697057480142197  count= 200000  checksum= 5000100000  valid= True

block=3 position=1 command=['/tmp/mostream-ms-bench-8evqzlt5/SCQ', '50000', '4', '2', '1024', '0']
[36m{MoStream} Starting pipeline execution with 2 stages and total parallelism of 8 nodes[0m
[36m{MoStream} Cooperative MoStream runtime is used[0m
[36m{MoStream} CPU pinning is disabled[0m
[36m{MoStream} Pipeline starts...[0m
[36m{MoStream} ...terminated successfully![0m
PIPE_COOP_MPMC_RESULT backend= SCQ  producers= 4  consumers= 4  workers= 2  capacity= 1024  work_iterations= 0  messages= 200000  time_ms= 508.053767  throughput_Mtransfer_s= 0.39365912230309275  count= 200000  checksum= 5000100000  valid= True

block=3 position=2 command=['/tmp/mostream-ms-bench-8evqzlt5/MPMC', '50000', '4', '2', '1024', '0']
[36m{MoStream} Starting pipeline execution with 2 stages and total parallelism of 8 nodes[0m
[36m{MoStream} Cooperative MoStream runtime is used[0m
[36m{MoStream} CPU pinning is disabled[0m
[36m{MoStream} Pipeline starts...[0m
[36m{MoStream} ...terminated successfully![0m
PIPE_COOP_MPMC_RESULT backend= MPMC  producers= 4  consumers= 4  workers= 2  capacity= 1024  work_iterations= 0  messages= 200000  time_ms= 462.101916  throughput_Mtransfer_s= 0.432804957251032  count= 200000  checksum= 5000100000  valid= True

block=3 position=3 command=['/tmp/mostream-ms-bench-8evqzlt5/PADDEDFAA', '50000', '4', '2', '1024', '0']
[36m{MoStream} Starting pipeline execution with 2 stages and total parallelism of 8 nodes[0m
[36m{MoStream} Cooperative MoStream runtime is used[0m
[36m{MoStream} CPU pinning is disabled[0m
[36m{MoStream} Pipeline starts...[0m
[36m{MoStream} ...terminated successfully![0m
PIPE_COOP_MPMC_RESULT backend= PADDEDFAA  producers= 4  consumers= 4  workers= 2  capacity= 1024  work_iterations= 0  messages= 200000  time_ms= 474.159425  throughput_Mtransfer_s= 0.42179906051640753  count= 200000  checksum= 5000100000  valid= True

block=3 position=0 command=['/tmp/mostream-ms-bench-8evqzlt5/MICHAELSCOTT', '50000', '4', '8', '1024', '160']
[36m{MoStream} Starting pipeline execution with 2 stages and total parallelism of 8 nodes[0m
[36m{MoStream} Cooperative MoStream runtime is used[0m
[36m{MoStream} CPU pinning is disabled[0m
[36m{MoStream} Pipeline starts...[0m
[36m{MoStream} ...terminated successfully![0m
PIPE_COOP_MPMC_RESULT backend= MICHAELSCOTT  producers= 4  consumers= 4  workers= 8  capacity= 1024  work_iterations= 160  messages= 200000  time_ms= 451.855862  throughput_Mtransfer_s= 0.4426190226121267  count= 200000  checksum= 476513354054716080  valid= True

block=3 position=1 command=['/tmp/mostream-ms-bench-8evqzlt5/MPMC', '50000', '4', '8', '1024', '160']
[36m{MoStream} Starting pipeline execution with 2 stages and total parallelism of 8 nodes[0m
[36m{MoStream} Cooperative MoStream runtime is used[0m
[36m{MoStream} CPU pinning is disabled[0m
[36m{MoStream} Pipeline starts...[0m
[36m{MoStream} ...terminated successfully![0m
PIPE_COOP_MPMC_RESULT backend= MPMC  producers= 4  consumers= 4  workers= 8  capacity= 1024  work_iterations= 160  messages= 200000  time_ms= 429.319574  throughput_Mtransfer_s= 0.46585343905144194  count= 200000  checksum= 476513354054716080  valid= True

block=3 position=2 command=['/tmp/mostream-ms-bench-8evqzlt5/SCQ', '50000', '4', '8', '1024', '160']
[36m{MoStream} Starting pipeline execution with 2 stages and total parallelism of 8 nodes[0m
[36m{MoStream} Cooperative MoStream runtime is used[0m
[36m{MoStream} CPU pinning is disabled[0m
[36m{MoStream} Pipeline starts...[0m
[36m{MoStream} ...terminated successfully![0m
PIPE_COOP_MPMC_RESULT backend= SCQ  producers= 4  consumers= 4  workers= 8  capacity= 1024  work_iterations= 160  messages= 200000  time_ms= 482.542862  throughput_Mtransfer_s= 0.4144709532559617  count= 200000  checksum= 476513354054716080  valid= True

block=3 position=3 command=['/tmp/mostream-ms-bench-8evqzlt5/PADDEDFAA', '50000', '4', '8', '1024', '160']
[36m{MoStream} Starting pipeline execution with 2 stages and total parallelism of 8 nodes[0m
[36m{MoStream} Cooperative MoStream runtime is used[0m
[36m{MoStream} CPU pinning is disabled[0m
[36m{MoStream} Pipeline starts...[0m
[36m{MoStream} ...terminated successfully![0m
PIPE_COOP_MPMC_RESULT backend= PADDEDFAA  producers= 4  consumers= 4  workers= 8  capacity= 1024  work_iterations= 160  messages= 200000  time_ms= 433.983568  throughput_Mtransfer_s= 0.4608469415597781  count= 200000  checksum= 476513354054716080  valid= True

block=3 position=0 command=['/tmp/mostream-ms-bench-8evqzlt5/PADDEDFAA', '50000', '4', '1', '1024', '0']
[36m{MoStream} Starting pipeline execution with 2 stages and total parallelism of 8 nodes[0m
[36m{MoStream} Cooperative MoStream runtime is used[0m
[36m{MoStream} CPU pinning is disabled[0m
[36m{MoStream} Pipeline starts...[0m
[36m{MoStream} ...terminated successfully![0m
PIPE_COOP_MPMC_RESULT backend= PADDEDFAA  producers= 4  consumers= 4  workers= 1  capacity= 1024  work_iterations= 0  messages= 200000  time_ms= 204.019999  throughput_Mtransfer_s= 0.9802960542118226  count= 200000  checksum= 5000100000  valid= True

block=3 position=1 command=['/tmp/mostream-ms-bench-8evqzlt5/MICHAELSCOTT', '50000', '4', '1', '1024', '0']
[36m{MoStream} Starting pipeline execution with 2 stages and total parallelism of 8 nodes[0m
[36m{MoStream} Cooperative MoStream runtime is used[0m
[36m{MoStream} CPU pinning is disabled[0m
[36m{MoStream} Pipeline starts...[0m
[36m{MoStream} ...terminated successfully![0m
PIPE_COOP_MPMC_RESULT backend= MICHAELSCOTT  producers= 4  consumers= 4  workers= 1  capacity= 1024  work_iterations= 0  messages= 200000  time_ms= 233.072612  throughput_Mtransfer_s= 0.8581016803467238  count= 200000  checksum= 5000100000  valid= True

block=3 position=2 command=['/tmp/mostream-ms-bench-8evqzlt5/SCQ', '50000', '4', '1', '1024', '0']
[36m{MoStream} Starting pipeline execution with 2 stages and total parallelism of 8 nodes[0m
[36m{MoStream} Cooperative MoStream runtime is used[0m
[36m{MoStream} CPU pinning is disabled[0m
[36m{MoStream} Pipeline starts...[0m
[36m{MoStream} ...terminated successfully![0m
PIPE_COOP_MPMC_RESULT backend= SCQ  producers= 4  consumers= 4  workers= 1  capacity= 1024  work_iterations= 0  messages= 200000  time_ms= 240.617739  throughput_Mtransfer_s= 0.8311939129309166  count= 200000  checksum= 5000100000  valid= True

block=3 position=3 command=['/tmp/mostream-ms-bench-8evqzlt5/MPMC', '50000', '4', '1', '1024', '0']
[36m{MoStream} Starting pipeline execution with 2 stages and total parallelism of 8 nodes[0m
[36m{MoStream} Cooperative MoStream runtime is used[0m
[36m{MoStream} CPU pinning is disabled[0m
[36m{MoStream} Pipeline starts...[0m
[36m{MoStream} ...terminated successfully![0m
PIPE_COOP_MPMC_RESULT backend= MPMC  producers= 4  consumers= 4  workers= 1  capacity= 1024  work_iterations= 0  messages= 200000  time_ms= 222.172194  throughput_Mtransfer_s= 0.9002026599242208  count= 200000  checksum= 5000100000  valid= True

block=3 position=0 command=['/tmp/mostream-ms-bench-8evqzlt5/MPMC', '50000', '4', '1', '1024', '160']
[36m{MoStream} Starting pipeline execution with 2 stages and total parallelism of 8 nodes[0m
[36m{MoStream} Cooperative MoStream runtime is used[0m
[36m{MoStream} CPU pinning is disabled[0m
[36m{MoStream} Pipeline starts...[0m
[36m{MoStream} ...terminated successfully![0m
PIPE_COOP_MPMC_RESULT backend= MPMC  producers= 4  consumers= 4  workers= 1  capacity= 1024  work_iterations= 160  messages= 200000  time_ms= 306.504226  throughput_Mtransfer_s= 0.6525195512312447  count= 200000  checksum= 476513354054716080  valid= True

block=3 position=1 command=['/tmp/mostream-ms-bench-8evqzlt5/PADDEDFAA', '50000', '4', '1', '1024', '160']
[36m{MoStream} Starting pipeline execution with 2 stages and total parallelism of 8 nodes[0m
[36m{MoStream} Cooperative MoStream runtime is used[0m
[36m{MoStream} CPU pinning is disabled[0m
[36m{MoStream} Pipeline starts...[0m
[36m{MoStream} ...terminated successfully![0m
PIPE_COOP_MPMC_RESULT backend= PADDEDFAA  producers= 4  consumers= 4  workers= 1  capacity= 1024  work_iterations= 160  messages= 200000  time_ms= 310.197514  throughput_Mtransfer_s= 0.6447504927457285  count= 200000  checksum= 476513354054716080  valid= True

block=3 position=2 command=['/tmp/mostream-ms-bench-8evqzlt5/SCQ', '50000', '4', '1', '1024', '160']
[36m{MoStream} Starting pipeline execution with 2 stages and total parallelism of 8 nodes[0m
[36m{MoStream} Cooperative MoStream runtime is used[0m
[36m{MoStream} CPU pinning is disabled[0m
[36m{MoStream} Pipeline starts...[0m
[36m{MoStream} ...terminated successfully![0m
PIPE_COOP_MPMC_RESULT backend= SCQ  producers= 4  consumers= 4  workers= 1  capacity= 1024  work_iterations= 160  messages= 200000  time_ms= 330.08828  throughput_Mtransfer_s= 0.6058985190264858  count= 200000  checksum= 476513354054716080  valid= True

block=3 position=3 command=['/tmp/mostream-ms-bench-8evqzlt5/MICHAELSCOTT', '50000', '4', '1', '1024', '160']
[36m{MoStream} Starting pipeline execution with 2 stages and total parallelism of 8 nodes[0m
[36m{MoStream} Cooperative MoStream runtime is used[0m
[36m{MoStream} CPU pinning is disabled[0m
[36m{MoStream} Pipeline starts...[0m
[36m{MoStream} ...terminated successfully![0m
PIPE_COOP_MPMC_RESULT backend= MICHAELSCOTT  producers= 4  consumers= 4  workers= 1  capacity= 1024  work_iterations= 160  messages= 200000  time_ms= 315.393108  throughput_Mtransfer_s= 0.634129265754279  count= 200000  checksum= 476513354054716080  valid= True

block=3 position=0 command=['/tmp/mostream-ms-bench-8evqzlt5/MPMC', '50000', '4', '8', '1024', '0']
[36m{MoStream} Starting pipeline execution with 2 stages and total parallelism of 8 nodes[0m
[36m{MoStream} Cooperative MoStream runtime is used[0m
[36m{MoStream} CPU pinning is disabled[0m
[36m{MoStream} Pipeline starts...[0m
[36m{MoStream} ...terminated successfully![0m
PIPE_COOP_MPMC_RESULT backend= MPMC  producers= 4  consumers= 4  workers= 8  capacity= 1024  work_iterations= 0  messages= 200000  time_ms= 422.394032  throughput_Mtransfer_s= 0.4734915383463562  count= 200000  checksum= 5000100000  valid= True

block=3 position=1 command=['/tmp/mostream-ms-bench-8evqzlt5/PADDEDFAA', '50000', '4', '8', '1024', '0']
[36m{MoStream} Starting pipeline execution with 2 stages and total parallelism of 8 nodes[0m
[36m{MoStream} Cooperative MoStream runtime is used[0m
[36m{MoStream} CPU pinning is disabled[0m
[36m{MoStream} Pipeline starts...[0m
[36m{MoStream} ...terminated successfully![0m
PIPE_COOP_MPMC_RESULT backend= PADDEDFAA  producers= 4  consumers= 4  workers= 8  capacity= 1024  work_iterations= 0  messages= 200000  time_ms= 418.053923  throughput_Mtransfer_s= 0.4784071838502996  count= 200000  checksum= 5000100000  valid= True

block=3 position=2 command=['/tmp/mostream-ms-bench-8evqzlt5/MICHAELSCOTT', '50000', '4', '8', '1024', '0']
[36m{MoStream} Starting pipeline execution with 2 stages and total parallelism of 8 nodes[0m
[36m{MoStream} Cooperative MoStream runtime is used[0m
[36m{MoStream} CPU pinning is disabled[0m
[36m{MoStream} Pipeline starts...[0m
[36m{MoStream} ...terminated successfully![0m
PIPE_COOP_MPMC_RESULT backend= MICHAELSCOTT  producers= 4  consumers= 4  workers= 8  capacity= 1024  work_iterations= 0  messages= 200000  time_ms= 412.666865  throughput_Mtransfer_s= 0.4846524326589681  count= 200000  checksum= 5000100000  valid= True

block=3 position=3 command=['/tmp/mostream-ms-bench-8evqzlt5/SCQ', '50000', '4', '8', '1024', '0']
[36m{MoStream} Starting pipeline execution with 2 stages and total parallelism of 8 nodes[0m
[36m{MoStream} Cooperative MoStream runtime is used[0m
[36m{MoStream} CPU pinning is disabled[0m
[36m{MoStream} Pipeline starts...[0m
[36m{MoStream} ...terminated successfully![0m
PIPE_COOP_MPMC_RESULT backend= SCQ  producers= 4  consumers= 4  workers= 8  capacity= 1024  work_iterations= 0  messages= 200000  time_ms= 395.461948  throughput_Mtransfer_s= 0.505737659492842  count= 200000  checksum= 5000100000  valid= True

block=4 position=0 command=['/tmp/mostream-ms-bench-8evqzlt5/SCQ', '50000', '4', '2', '1024', '0']
[36m{MoStream} Starting pipeline execution with 2 stages and total parallelism of 8 nodes[0m
[36m{MoStream} Cooperative MoStream runtime is used[0m
[36m{MoStream} CPU pinning is disabled[0m
[36m{MoStream} Pipeline starts...[0m
[36m{MoStream} ...terminated successfully![0m
PIPE_COOP_MPMC_RESULT backend= SCQ  producers= 4  consumers= 4  workers= 2  capacity= 1024  work_iterations= 0  messages= 200000  time_ms= 522.596966  throughput_Mtransfer_s= 0.3827040970612906  count= 200000  checksum= 5000100000  valid= True

block=4 position=1 command=['/tmp/mostream-ms-bench-8evqzlt5/MPMC', '50000', '4', '2', '1024', '0']
[36m{MoStream} Starting pipeline execution with 2 stages and total parallelism of 8 nodes[0m
[36m{MoStream} Cooperative MoStream runtime is used[0m
[36m{MoStream} CPU pinning is disabled[0m
[36m{MoStream} Pipeline starts...[0m
[36m{MoStream} ...terminated successfully![0m
PIPE_COOP_MPMC_RESULT backend= MPMC  producers= 4  consumers= 4  workers= 2  capacity= 1024  work_iterations= 0  messages= 200000  time_ms= 466.279618  throughput_Mtransfer_s= 0.42892717648233125  count= 200000  checksum= 5000100000  valid= True

block=4 position=2 command=['/tmp/mostream-ms-bench-8evqzlt5/PADDEDFAA', '50000', '4', '2', '1024', '0']
[36m{MoStream} Starting pipeline execution with 2 stages and total parallelism of 8 nodes[0m
[36m{MoStream} Cooperative MoStream runtime is used[0m
[36m{MoStream} CPU pinning is disabled[0m
[36m{MoStream} Pipeline starts...[0m
[36m{MoStream} ...terminated successfully![0m
PIPE_COOP_MPMC_RESULT backend= PADDEDFAA  producers= 4  consumers= 4  workers= 2  capacity= 1024  work_iterations= 0  messages= 200000  time_ms= 426.293727  throughput_Mtransfer_s= 0.4691600821984416  count= 200000  checksum= 5000100000  valid= True

block=4 position=3 command=['/tmp/mostream-ms-bench-8evqzlt5/MICHAELSCOTT', '50000', '4', '2', '1024', '0']
[36m{MoStream} Starting pipeline execution with 2 stages and total parallelism of 8 nodes[0m
[36m{MoStream} Cooperative MoStream runtime is used[0m
[36m{MoStream} CPU pinning is disabled[0m
[36m{MoStream} Pipeline starts...[0m
[36m{MoStream} ...terminated successfully![0m
PIPE_COOP_MPMC_RESULT backend= MICHAELSCOTT  producers= 4  consumers= 4  workers= 2  capacity= 1024  work_iterations= 0  messages= 200000  time_ms= 467.500692  throughput_Mtransfer_s= 0.42780685338536356  count= 200000  checksum= 5000100000  valid= True

block=4 position=0 command=['/tmp/mostream-ms-bench-8evqzlt5/PADDEDFAA', '50000', '4', '4', '1024', '160']
[36m{MoStream} Starting pipeline execution with 2 stages and total parallelism of 8 nodes[0m
[36m{MoStream} Cooperative MoStream runtime is used[0m
[36m{MoStream} CPU pinning is disabled[0m
[36m{MoStream} Pipeline starts...[0m
[36m{MoStream} ...terminated successfully![0m
PIPE_COOP_MPMC_RESULT backend= PADDEDFAA  producers= 4  consumers= 4  workers= 4  capacity= 1024  work_iterations= 160  messages= 200000  time_ms= 442.230492  throughput_Mtransfer_s= 0.452252849177121  count= 200000  checksum= 476513354054716080  valid= True

block=4 position=1 command=['/tmp/mostream-ms-bench-8evqzlt5/MPMC', '50000', '4', '4', '1024', '160']
[36m{MoStream} Starting pipeline execution with 2 stages and total parallelism of 8 nodes[0m
[36m{MoStream} Cooperative MoStream runtime is used[0m
[36m{MoStream} CPU pinning is disabled[0m
[36m{MoStream} Pipeline starts...[0m
[36m{MoStream} ...terminated successfully![0m
PIPE_COOP_MPMC_RESULT backend= MPMC  producers= 4  consumers= 4  workers= 4  capacity= 1024  work_iterations= 160  messages= 200000  time_ms= 447.552632  throughput_Mtransfer_s= 0.4468748158317165  count= 200000  checksum= 476513354054716080  valid= True

block=4 position=2 command=['/tmp/mostream-ms-bench-8evqzlt5/SCQ', '50000', '4', '4', '1024', '160']
[36m{MoStream} Starting pipeline execution with 2 stages and total parallelism of 8 nodes[0m
[36m{MoStream} Cooperative MoStream runtime is used[0m
[36m{MoStream} CPU pinning is disabled[0m
[36m{MoStream} Pipeline starts...[0m
[36m{MoStream} ...terminated successfully![0m
PIPE_COOP_MPMC_RESULT backend= SCQ  producers= 4  consumers= 4  workers= 4  capacity= 1024  work_iterations= 160  messages= 200000  time_ms= 545.51155  throughput_Mtransfer_s= 0.36662835094875623  count= 200000  checksum= 476513354054716080  valid= True

block=4 position=3 command=['/tmp/mostream-ms-bench-8evqzlt5/MICHAELSCOTT', '50000', '4', '4', '1024', '160']
[36m{MoStream} Starting pipeline execution with 2 stages and total parallelism of 8 nodes[0m
[36m{MoStream} Cooperative MoStream runtime is used[0m
[36m{MoStream} CPU pinning is disabled[0m
[36m{MoStream} Pipeline starts...[0m
[36m{MoStream} ...terminated successfully![0m
PIPE_COOP_MPMC_RESULT backend= MICHAELSCOTT  producers= 4  consumers= 4  workers= 4  capacity= 1024  work_iterations= 160  messages= 200000  time_ms= 496.916578  throughput_Mtransfer_s= 0.40248204397801357  count= 200000  checksum= 476513354054716080  valid= True

block=4 position=0 command=['/tmp/mostream-ms-bench-8evqzlt5/MPMC', '50000', '4', '8', '1024', '160']
[36m{MoStream} Starting pipeline execution with 2 stages and total parallelism of 8 nodes[0m
[36m{MoStream} Cooperative MoStream runtime is used[0m
[36m{MoStream} CPU pinning is disabled[0m
[36m{MoStream} Pipeline starts...[0m
[36m{MoStream} ...terminated successfully![0m
PIPE_COOP_MPMC_RESULT backend= MPMC  producers= 4  consumers= 4  workers= 8  capacity= 1024  work_iterations= 160  messages= 200000  time_ms= 425.239633  throughput_Mtransfer_s= 0.4703230472405191  count= 200000  checksum= 476513354054716080  valid= True

block=4 position=1 command=['/tmp/mostream-ms-bench-8evqzlt5/SCQ', '50000', '4', '8', '1024', '160']
[36m{MoStream} Starting pipeline execution with 2 stages and total parallelism of 8 nodes[0m
[36m{MoStream} Cooperative MoStream runtime is used[0m
[36m{MoStream} CPU pinning is disabled[0m
[36m{MoStream} Pipeline starts...[0m
[36m{MoStream} ...terminated successfully![0m
PIPE_COOP_MPMC_RESULT backend= SCQ  producers= 4  consumers= 4  workers= 8  capacity= 1024  work_iterations= 160  messages= 200000  time_ms= 474.79583  throughput_Mtransfer_s= 0.421233691121508  count= 200000  checksum= 476513354054716080  valid= True

block=4 position=2 command=['/tmp/mostream-ms-bench-8evqzlt5/PADDEDFAA', '50000', '4', '8', '1024', '160']
[36m{MoStream} Starting pipeline execution with 2 stages and total parallelism of 8 nodes[0m
[36m{MoStream} Cooperative MoStream runtime is used[0m
[36m{MoStream} CPU pinning is disabled[0m
[36m{MoStream} Pipeline starts...[0m
[36m{MoStream} ...terminated successfully![0m
PIPE_COOP_MPMC_RESULT backend= PADDEDFAA  producers= 4  consumers= 4  workers= 8  capacity= 1024  work_iterations= 160  messages= 200000  time_ms= 439.912267  throughput_Mtransfer_s= 0.4546361058851764  count= 200000  checksum= 476513354054716080  valid= True

block=4 position=3 command=['/tmp/mostream-ms-bench-8evqzlt5/MICHAELSCOTT', '50000', '4', '8', '1024', '160']
[36m{MoStream} Starting pipeline execution with 2 stages and total parallelism of 8 nodes[0m
[36m{MoStream} Cooperative MoStream runtime is used[0m
[36m{MoStream} CPU pinning is disabled[0m
[36m{MoStream} Pipeline starts...[0m
[36m{MoStream} ...terminated successfully![0m
PIPE_COOP_MPMC_RESULT backend= MICHAELSCOTT  producers= 4  consumers= 4  workers= 8  capacity= 1024  work_iterations= 160  messages= 200000  time_ms= 437.260753  throughput_Mtransfer_s= 0.4573929826260899  count= 200000  checksum= 476513354054716080  valid= True

block=4 position=0 command=['/tmp/mostream-ms-bench-8evqzlt5/PADDEDFAA', '50000', '4', '8', '1024', '0']
[36m{MoStream} Starting pipeline execution with 2 stages and total parallelism of 8 nodes[0m
[36m{MoStream} Cooperative MoStream runtime is used[0m
[36m{MoStream} CPU pinning is disabled[0m
[36m{MoStream} Pipeline starts...[0m
[36m{MoStream} ...terminated successfully![0m
PIPE_COOP_MPMC_RESULT backend= PADDEDFAA  producers= 4  consumers= 4  workers= 8  capacity= 1024  work_iterations= 0  messages= 200000  time_ms= 420.987387  throughput_Mtransfer_s= 0.4750736154477711  count= 200000  checksum= 5000100000  valid= True

block=4 position=1 command=['/tmp/mostream-ms-bench-8evqzlt5/MICHAELSCOTT', '50000', '4', '8', '1024', '0']
[36m{MoStream} Starting pipeline execution with 2 stages and total parallelism of 8 nodes[0m
[36m{MoStream} Cooperative MoStream runtime is used[0m
[36m{MoStream} CPU pinning is disabled[0m
[36m{MoStream} Pipeline starts...[0m
[36m{MoStream} ...terminated successfully![0m
PIPE_COOP_MPMC_RESULT backend= MICHAELSCOTT  producers= 4  consumers= 4  workers= 8  capacity= 1024  work_iterations= 0  messages= 200000  time_ms= 414.411345  throughput_Mtransfer_s= 0.4826122701829025  count= 200000  checksum= 5000100000  valid= True

block=4 position=2 command=['/tmp/mostream-ms-bench-8evqzlt5/SCQ', '50000', '4', '8', '1024', '0']
[36m{MoStream} Starting pipeline execution with 2 stages and total parallelism of 8 nodes[0m
[36m{MoStream} Cooperative MoStream runtime is used[0m
[36m{MoStream} CPU pinning is disabled[0m
[36m{MoStream} Pipeline starts...[0m
[36m{MoStream} ...terminated successfully![0m
PIPE_COOP_MPMC_RESULT backend= SCQ  producers= 4  consumers= 4  workers= 8  capacity= 1024  work_iterations= 0  messages= 200000  time_ms= 414.041202  throughput_Mtransfer_s= 0.48304371408911134  count= 200000  checksum= 5000100000  valid= True

block=4 position=3 command=['/tmp/mostream-ms-bench-8evqzlt5/MPMC', '50000', '4', '8', '1024', '0']
[36m{MoStream} Starting pipeline execution with 2 stages and total parallelism of 8 nodes[0m
[36m{MoStream} Cooperative MoStream runtime is used[0m
[36m{MoStream} CPU pinning is disabled[0m
[36m{MoStream} Pipeline starts...[0m
[36m{MoStream} ...terminated successfully![0m
PIPE_COOP_MPMC_RESULT backend= MPMC  producers= 4  consumers= 4  workers= 8  capacity= 1024  work_iterations= 0  messages= 200000  time_ms= 444.604992  throughput_Mtransfer_s= 0.4498375042986472  count= 200000  checksum= 5000100000  valid= True

block=4 position=0 command=['/tmp/mostream-ms-bench-8evqzlt5/MICHAELSCOTT', '50000', '4', '4', '1024', '0']
[36m{MoStream} Starting pipeline execution with 2 stages and total parallelism of 8 nodes[0m
[36m{MoStream} Cooperative MoStream runtime is used[0m
[36m{MoStream} CPU pinning is disabled[0m
[36m{MoStream} Pipeline starts...[0m
[36m{MoStream} ...terminated successfully![0m
PIPE_COOP_MPMC_RESULT backend= MICHAELSCOTT  producers= 4  consumers= 4  workers= 4  capacity= 1024  work_iterations= 0  messages= 200000  time_ms= 440.119718  throughput_Mtransfer_s= 0.45442181256691616  count= 200000  checksum= 5000100000  valid= True

block=4 position=1 command=['/tmp/mostream-ms-bench-8evqzlt5/MPMC', '50000', '4', '4', '1024', '0']
[36m{MoStream} Starting pipeline execution with 2 stages and total parallelism of 8 nodes[0m
[36m{MoStream} Cooperative MoStream runtime is used[0m
[36m{MoStream} CPU pinning is disabled[0m
[36m{MoStream} Pipeline starts...[0m
[36m{MoStream} ...terminated successfully![0m
PIPE_COOP_MPMC_RESULT backend= MPMC  producers= 4  consumers= 4  workers= 4  capacity= 1024  work_iterations= 0  messages= 200000  time_ms= 432.819347  throughput_Mtransfer_s= 0.4620865527067116  count= 200000  checksum= 5000100000  valid= True

block=4 position=2 command=['/tmp/mostream-ms-bench-8evqzlt5/PADDEDFAA', '50000', '4', '4', '1024', '0']
[36m{MoStream} Starting pipeline execution with 2 stages and total parallelism of 8 nodes[0m
[36m{MoStream} Cooperative MoStream runtime is used[0m
[36m{MoStream} CPU pinning is disabled[0m
[36m{MoStream} Pipeline starts...[0m
[36m{MoStream} ...terminated successfully![0m
PIPE_COOP_MPMC_RESULT backend= PADDEDFAA  producers= 4  consumers= 4  workers= 4  capacity= 1024  work_iterations= 0  messages= 200000  time_ms= 444.729489  throughput_Mtransfer_s= 0.4497115773674275  count= 200000  checksum= 5000100000  valid= True

block=4 position=3 command=['/tmp/mostream-ms-bench-8evqzlt5/SCQ', '50000', '4', '4', '1024', '0']
[36m{MoStream} Starting pipeline execution with 2 stages and total parallelism of 8 nodes[0m
[36m{MoStream} Cooperative MoStream runtime is used[0m
[36m{MoStream} CPU pinning is disabled[0m
[36m{MoStream} Pipeline starts...[0m
[36m{MoStream} ...terminated successfully![0m
PIPE_COOP_MPMC_RESULT backend= SCQ  producers= 4  consumers= 4  workers= 4  capacity= 1024  work_iterations= 0  messages= 200000  time_ms= 456.797648  throughput_Mtransfer_s= 0.4378306256077746  count= 200000  checksum= 5000100000  valid= True

block=4 position=0 command=['/tmp/mostream-ms-bench-8evqzlt5/MICHAELSCOTT', '50000', '4', '2', '1024', '160']
[36m{MoStream} Starting pipeline execution with 2 stages and total parallelism of 8 nodes[0m
[36m{MoStream} Cooperative MoStream runtime is used[0m
[36m{MoStream} CPU pinning is disabled[0m
[36m{MoStream} Pipeline starts...[0m
[36m{MoStream} ...terminated successfully![0m
PIPE_COOP_MPMC_RESULT backend= MICHAELSCOTT  producers= 4  consumers= 4  workers= 2  capacity= 1024  work_iterations= 160  messages= 200000  time_ms= 513.355372  throughput_Mtransfer_s= 0.38959366339308515  count= 200000  checksum= 476513354054716080  valid= True

block=4 position=1 command=['/tmp/mostream-ms-bench-8evqzlt5/MPMC', '50000', '4', '2', '1024', '160']
[36m{MoStream} Starting pipeline execution with 2 stages and total parallelism of 8 nodes[0m
[36m{MoStream} Cooperative MoStream runtime is used[0m
[36m{MoStream} CPU pinning is disabled[0m
[36m{MoStream} Pipeline starts...[0m
[36m{MoStream} ...terminated successfully![0m
PIPE_COOP_MPMC_RESULT backend= MPMC  producers= 4  consumers= 4  workers= 2  capacity= 1024  work_iterations= 160  messages= 200000  time_ms= 496.777418  throughput_Mtransfer_s= 0.40259478944350885  count= 200000  checksum= 476513354054716080  valid= True

block=4 position=2 command=['/tmp/mostream-ms-bench-8evqzlt5/PADDEDFAA', '50000', '4', '2', '1024', '160']
[36m{MoStream} Starting pipeline execution with 2 stages and total parallelism of 8 nodes[0m
[36m{MoStream} Cooperative MoStream runtime is used[0m
[36m{MoStream} CPU pinning is disabled[0m
[36m{MoStream} Pipeline starts...[0m
[36m{MoStream} ...terminated successfully![0m
PIPE_COOP_MPMC_RESULT backend= PADDEDFAA  producers= 4  consumers= 4  workers= 2  capacity= 1024  work_iterations= 160  messages= 200000  time_ms= 482.569802  throughput_Mtransfer_s= 0.4144478149505095  count= 200000  checksum= 476513354054716080  valid= True

block=4 position=3 command=['/tmp/mostream-ms-bench-8evqzlt5/SCQ', '50000', '4', '2', '1024', '160']
[36m{MoStream} Starting pipeline execution with 2 stages and total parallelism of 8 nodes[0m
[36m{MoStream} Cooperative MoStream runtime is used[0m
[36m{MoStream} CPU pinning is disabled[0m
[36m{MoStream} Pipeline starts...[0m
[36m{MoStream} ...terminated successfully![0m
PIPE_COOP_MPMC_RESULT backend= SCQ  producers= 4  consumers= 4  workers= 2  capacity= 1024  work_iterations= 160  messages= 200000  time_ms= 557.024804  throughput_Mtransfer_s= 0.3590504382637869  count= 200000  checksum= 476513354054716080  valid= True

block=4 position=0 command=['/tmp/mostream-ms-bench-8evqzlt5/PADDEDFAA', '50000', '4', '1', '1024', '160']
[36m{MoStream} Starting pipeline execution with 2 stages and total parallelism of 8 nodes[0m
[36m{MoStream} Cooperative MoStream runtime is used[0m
[36m{MoStream} CPU pinning is disabled[0m
[36m{MoStream} Pipeline starts...[0m
[36m{MoStream} ...terminated successfully![0m
PIPE_COOP_MPMC_RESULT backend= PADDEDFAA  producers= 4  consumers= 4  workers= 1  capacity= 1024  work_iterations= 160  messages= 200000  time_ms= 306.824503  throughput_Mtransfer_s= 0.6518384224352513  count= 200000  checksum= 476513354054716080  valid= True

block=4 position=1 command=['/tmp/mostream-ms-bench-8evqzlt5/SCQ', '50000', '4', '1', '1024', '160']
[36m{MoStream} Starting pipeline execution with 2 stages and total parallelism of 8 nodes[0m
[36m{MoStream} Cooperative MoStream runtime is used[0m
[36m{MoStream} CPU pinning is disabled[0m
[36m{MoStream} Pipeline starts...[0m
[36m{MoStream} ...terminated successfully![0m
PIPE_COOP_MPMC_RESULT backend= SCQ  producers= 4  consumers= 4  workers= 1  capacity= 1024  work_iterations= 160  messages= 200000  time_ms= 326.167454  throughput_Mtransfer_s= 0.6131819638877888  count= 200000  checksum= 476513354054716080  valid= True

block=4 position=2 command=['/tmp/mostream-ms-bench-8evqzlt5/MICHAELSCOTT', '50000', '4', '1', '1024', '160']
[36m{MoStream} Starting pipeline execution with 2 stages and total parallelism of 8 nodes[0m
[36m{MoStream} Cooperative MoStream runtime is used[0m
[36m{MoStream} CPU pinning is disabled[0m
[36m{MoStream} Pipeline starts...[0m
[36m{MoStream} ...terminated successfully![0m
PIPE_COOP_MPMC_RESULT backend= MICHAELSCOTT  producers= 4  consumers= 4  workers= 1  capacity= 1024  work_iterations= 160  messages= 200000  time_ms= 318.423857  throughput_Mtransfer_s= 0.628093641865534  count= 200000  checksum= 476513354054716080  valid= True

block=4 position=3 command=['/tmp/mostream-ms-bench-8evqzlt5/MPMC', '50000', '4', '1', '1024', '160']
[36m{MoStream} Starting pipeline execution with 2 stages and total parallelism of 8 nodes[0m
[36m{MoStream} Cooperative MoStream runtime is used[0m
[36m{MoStream} CPU pinning is disabled[0m
[36m{MoStream} Pipeline starts...[0m
[36m{MoStream} ...terminated successfully![0m
PIPE_COOP_MPMC_RESULT backend= MPMC  producers= 4  consumers= 4  workers= 1  capacity= 1024  work_iterations= 160  messages= 200000  time_ms= 306.239055  throughput_Mtransfer_s= 0.6530845649324513  count= 200000  checksum= 476513354054716080  valid= True

block=4 position=0 command=['/tmp/mostream-ms-bench-8evqzlt5/MICHAELSCOTT', '50000', '4', '1', '1024', '0']
[36m{MoStream} Starting pipeline execution with 2 stages and total parallelism of 8 nodes[0m
[36m{MoStream} Cooperative MoStream runtime is used[0m
[36m{MoStream} CPU pinning is disabled[0m
[36m{MoStream} Pipeline starts...[0m
[36m{MoStream} ...terminated successfully![0m
PIPE_COOP_MPMC_RESULT backend= MICHAELSCOTT  producers= 4  consumers= 4  workers= 1  capacity= 1024  work_iterations= 0  messages= 200000  time_ms= 237.967184  throughput_Mtransfer_s= 0.8404520179555515  count= 200000  checksum= 5000100000  valid= True

block=4 position=1 command=['/tmp/mostream-ms-bench-8evqzlt5/SCQ', '50000', '4', '1', '1024', '0']
[36m{MoStream} Starting pipeline execution with 2 stages and total parallelism of 8 nodes[0m
[36m{MoStream} Cooperative MoStream runtime is used[0m
[36m{MoStream} CPU pinning is disabled[0m
[36m{MoStream} Pipeline starts...[0m
[36m{MoStream} ...terminated successfully![0m
PIPE_COOP_MPMC_RESULT backend= SCQ  producers= 4  consumers= 4  workers= 1  capacity= 1024  work_iterations= 0  messages= 200000  time_ms= 239.3182  throughput_Mtransfer_s= 0.8357074388826258  count= 200000  checksum= 5000100000  valid= True

block=4 position=2 command=['/tmp/mostream-ms-bench-8evqzlt5/MPMC', '50000', '4', '1', '1024', '0']
[36m{MoStream} Starting pipeline execution with 2 stages and total parallelism of 8 nodes[0m
[36m{MoStream} Cooperative MoStream runtime is used[0m
[36m{MoStream} CPU pinning is disabled[0m
[36m{MoStream} Pipeline starts...[0m
[36m{MoStream} ...terminated successfully![0m
PIPE_COOP_MPMC_RESULT backend= MPMC  producers= 4  consumers= 4  workers= 1  capacity= 1024  work_iterations= 0  messages= 200000  time_ms= 222.837788  throughput_Mtransfer_s= 0.8975138453627084  count= 200000  checksum= 5000100000  valid= True

block=4 position=3 command=['/tmp/mostream-ms-bench-8evqzlt5/PADDEDFAA', '50000', '4', '1', '1024', '0']
[36m{MoStream} Starting pipeline execution with 2 stages and total parallelism of 8 nodes[0m
[36m{MoStream} Cooperative MoStream runtime is used[0m
[36m{MoStream} CPU pinning is disabled[0m
[36m{MoStream} Pipeline starts...[0m
[36m{MoStream} ...terminated successfully![0m
PIPE_COOP_MPMC_RESULT backend= PADDEDFAA  producers= 4  consumers= 4  workers= 1  capacity= 1024  work_iterations= 0  messages= 200000  time_ms= 222.124948  throughput_Mtransfer_s= 0.9003941331254696  count= 200000  checksum= 5000100000  valid= True

block=5 position=0 command=['/tmp/mostream-ms-bench-8evqzlt5/MPMC', '50000', '4', '4', '1024', '160']
[36m{MoStream} Starting pipeline execution with 2 stages and total parallelism of 8 nodes[0m
[36m{MoStream} Cooperative MoStream runtime is used[0m
[36m{MoStream} CPU pinning is disabled[0m
[36m{MoStream} Pipeline starts...[0m
[36m{MoStream} ...terminated successfully![0m
PIPE_COOP_MPMC_RESULT backend= MPMC  producers= 4  consumers= 4  workers= 4  capacity= 1024  work_iterations= 160  messages= 200000  time_ms= 466.784895  throughput_Mtransfer_s= 0.4284628790312506  count= 200000  checksum= 476513354054716080  valid= True

block=5 position=1 command=['/tmp/mostream-ms-bench-8evqzlt5/SCQ', '50000', '4', '4', '1024', '160']
[36m{MoStream} Starting pipeline execution with 2 stages and total parallelism of 8 nodes[0m
[36m{MoStream} Cooperative MoStream runtime is used[0m
[36m{MoStream} CPU pinning is disabled[0m
[36m{MoStream} Pipeline starts...[0m
[36m{MoStream} ...terminated successfully![0m
PIPE_COOP_MPMC_RESULT backend= SCQ  producers= 4  consumers= 4  workers= 4  capacity= 1024  work_iterations= 160  messages= 200000  time_ms= 535.202417  throughput_Mtransfer_s= 0.3736903901164557  count= 200000  checksum= 476513354054716080  valid= True

block=5 position=2 command=['/tmp/mostream-ms-bench-8evqzlt5/MICHAELSCOTT', '50000', '4', '4', '1024', '160']
[36m{MoStream} Starting pipeline execution with 2 stages and total parallelism of 8 nodes[0m
[36m{MoStream} Cooperative MoStream runtime is used[0m
[36m{MoStream} CPU pinning is disabled[0m
[36m{MoStream} Pipeline starts...[0m
[36m{MoStream} ...terminated successfully![0m
PIPE_COOP_MPMC_RESULT backend= MICHAELSCOTT  producers= 4  consumers= 4  workers= 4  capacity= 1024  work_iterations= 160  messages= 200000  time_ms= 504.724369  throughput_Mtransfer_s= 0.39625588199011647  count= 200000  checksum= 476513354054716080  valid= True

block=5 position=3 command=['/tmp/mostream-ms-bench-8evqzlt5/PADDEDFAA', '50000', '4', '4', '1024', '160']
[36m{MoStream} Starting pipeline execution with 2 stages and total parallelism of 8 nodes[0m
[36m{MoStream} Cooperative MoStream runtime is used[0m
[36m{MoStream} CPU pinning is disabled[0m
[36m{MoStream} Pipeline starts...[0m
[36m{MoStream} ...terminated successfully![0m
PIPE_COOP_MPMC_RESULT backend= PADDEDFAA  producers= 4  consumers= 4  workers= 4  capacity= 1024  work_iterations= 160  messages= 200000  time_ms= 433.86281  throughput_Mtransfer_s= 0.46097521011307696  count= 200000  checksum= 476513354054716080  valid= True

block=5 position=0 command=['/tmp/mostream-ms-bench-8evqzlt5/MPMC', '50000', '4', '2', '1024', '160']
[36m{MoStream} Starting pipeline execution with 2 stages and total parallelism of 8 nodes[0m
[36m{MoStream} Cooperative MoStream runtime is used[0m
[36m{MoStream} CPU pinning is disabled[0m
[36m{MoStream} Pipeline starts...[0m
[36m{MoStream} ...terminated successfully![0m
PIPE_COOP_MPMC_RESULT backend= MPMC  producers= 4  consumers= 4  workers= 2  capacity= 1024  work_iterations= 160  messages= 200000  time_ms= 495.196213  throughput_Mtransfer_s= 0.40388030996513297  count= 200000  checksum= 476513354054716080  valid= True

block=5 position=1 command=['/tmp/mostream-ms-bench-8evqzlt5/PADDEDFAA', '50000', '4', '2', '1024', '160']
[36m{MoStream} Starting pipeline execution with 2 stages and total parallelism of 8 nodes[0m
[36m{MoStream} Cooperative MoStream runtime is used[0m
[36m{MoStream} CPU pinning is disabled[0m
[36m{MoStream} Pipeline starts...[0m
[36m{MoStream} ...terminated successfully![0m
PIPE_COOP_MPMC_RESULT backend= PADDEDFAA  producers= 4  consumers= 4  workers= 2  capacity= 1024  work_iterations= 160  messages= 200000  time_ms= 487.519223  throughput_Mtransfer_s= 0.410240233747665  count= 200000  checksum= 476513354054716080  valid= True

block=5 position=2 command=['/tmp/mostream-ms-bench-8evqzlt5/SCQ', '50000', '4', '2', '1024', '160']
[36m{MoStream} Starting pipeline execution with 2 stages and total parallelism of 8 nodes[0m
[36m{MoStream} Cooperative MoStream runtime is used[0m
[36m{MoStream} CPU pinning is disabled[0m
[36m{MoStream} Pipeline starts...[0m
[36m{MoStream} ...terminated successfully![0m
PIPE_COOP_MPMC_RESULT backend= SCQ  producers= 4  consumers= 4  workers= 2  capacity= 1024  work_iterations= 160  messages= 200000  time_ms= 550.737976  throughput_Mtransfer_s= 0.36314909941855905  count= 200000  checksum= 476513354054716080  valid= True

block=5 position=3 command=['/tmp/mostream-ms-bench-8evqzlt5/MICHAELSCOTT', '50000', '4', '2', '1024', '160']
[36m{MoStream} Starting pipeline execution with 2 stages and total parallelism of 8 nodes[0m
[36m{MoStream} Cooperative MoStream runtime is used[0m
[36m{MoStream} CPU pinning is disabled[0m
[36m{MoStream} Pipeline starts...[0m
[36m{MoStream} ...terminated successfully![0m
PIPE_COOP_MPMC_RESULT backend= MICHAELSCOTT  producers= 4  consumers= 4  workers= 2  capacity= 1024  work_iterations= 160  messages= 200000  time_ms= 531.377437  throughput_Mtransfer_s= 0.37638030159718655  count= 200000  checksum= 476513354054716080  valid= True

block=5 position=0 command=['/tmp/mostream-ms-bench-8evqzlt5/MPMC', '50000', '4', '4', '1024', '0']
[36m{MoStream} Starting pipeline execution with 2 stages and total parallelism of 8 nodes[0m
[36m{MoStream} Cooperative MoStream runtime is used[0m
[36m{MoStream} CPU pinning is disabled[0m
[36m{MoStream} Pipeline starts...[0m
[36m{MoStream} ...terminated successfully![0m
PIPE_COOP_MPMC_RESULT backend= MPMC  producers= 4  consumers= 4  workers= 4  capacity= 1024  work_iterations= 0  messages= 200000  time_ms= 424.178499  throughput_Mtransfer_s= 0.47149961742874663  count= 200000  checksum= 5000100000  valid= True

block=5 position=1 command=['/tmp/mostream-ms-bench-8evqzlt5/PADDEDFAA', '50000', '4', '4', '1024', '0']
[36m{MoStream} Starting pipeline execution with 2 stages and total parallelism of 8 nodes[0m
[36m{MoStream} Cooperative MoStream runtime is used[0m
[36m{MoStream} CPU pinning is disabled[0m
[36m{MoStream} Pipeline starts...[0m
[36m{MoStream} ...terminated successfully![0m
PIPE_COOP_MPMC_RESULT backend= PADDEDFAA  producers= 4  consumers= 4  workers= 4  capacity= 1024  work_iterations= 0  messages= 200000  time_ms= 433.840893  throughput_Mtransfer_s= 0.4609984978986294  count= 200000  checksum= 5000100000  valid= True

block=5 position=2 command=['/tmp/mostream-ms-bench-8evqzlt5/SCQ', '50000', '4', '4', '1024', '0']
[36m{MoStream} Starting pipeline execution with 2 stages and total parallelism of 8 nodes[0m
[36m{MoStream} Cooperative MoStream runtime is used[0m
[36m{MoStream} CPU pinning is disabled[0m
[36m{MoStream} Pipeline starts...[0m
[36m{MoStream} ...terminated successfully![0m
PIPE_COOP_MPMC_RESULT backend= SCQ  producers= 4  consumers= 4  workers= 4  capacity= 1024  work_iterations= 0  messages= 200000  time_ms= 479.422747  throughput_Mtransfer_s= 0.4171683576791153  count= 200000  checksum= 5000100000  valid= True

block=5 position=3 command=['/tmp/mostream-ms-bench-8evqzlt5/MICHAELSCOTT', '50000', '4', '4', '1024', '0']
[36m{MoStream} Starting pipeline execution with 2 stages and total parallelism of 8 nodes[0m
[36m{MoStream} Cooperative MoStream runtime is used[0m
[36m{MoStream} CPU pinning is disabled[0m
[36m{MoStream} Pipeline starts...[0m
[36m{MoStream} ...terminated successfully![0m
PIPE_COOP_MPMC_RESULT backend= MICHAELSCOTT  producers= 4  consumers= 4  workers= 4  capacity= 1024  work_iterations= 0  messages= 200000  time_ms= 441.37843  throughput_Mtransfer_s= 0.45312590377377526  count= 200000  checksum= 5000100000  valid= True

block=5 position=0 command=['/tmp/mostream-ms-bench-8evqzlt5/MICHAELSCOTT', '50000', '4', '8', '1024', '0']
[36m{MoStream} Starting pipeline execution with 2 stages and total parallelism of 8 nodes[0m
[36m{MoStream} Cooperative MoStream runtime is used[0m
[36m{MoStream} CPU pinning is disabled[0m
[36m{MoStream} Pipeline starts...[0m
[36m{MoStream} ...terminated successfully![0m
PIPE_COOP_MPMC_RESULT backend= MICHAELSCOTT  producers= 4  consumers= 4  workers= 8  capacity= 1024  work_iterations= 0  messages= 200000  time_ms= 426.858042  throughput_Mtransfer_s= 0.46853984304224494  count= 200000  checksum= 5000100000  valid= True

block=5 position=1 command=['/tmp/mostream-ms-bench-8evqzlt5/SCQ', '50000', '4', '8', '1024', '0']
[36m{MoStream} Starting pipeline execution with 2 stages and total parallelism of 8 nodes[0m
[36m{MoStream} Cooperative MoStream runtime is used[0m
[36m{MoStream} CPU pinning is disabled[0m
[36m{MoStream} Pipeline starts...[0m
[36m{MoStream} ...terminated successfully![0m
PIPE_COOP_MPMC_RESULT backend= SCQ  producers= 4  consumers= 4  workers= 8  capacity= 1024  work_iterations= 0  messages= 200000  time_ms= 413.548864  throughput_Mtransfer_s= 0.4836187870655111  count= 200000  checksum= 5000100000  valid= True

block=5 position=2 command=['/tmp/mostream-ms-bench-8evqzlt5/MPMC', '50000', '4', '8', '1024', '0']
[36m{MoStream} Starting pipeline execution with 2 stages and total parallelism of 8 nodes[0m
[36m{MoStream} Cooperative MoStream runtime is used[0m
[36m{MoStream} CPU pinning is disabled[0m
[36m{MoStream} Pipeline starts...[0m
[36m{MoStream} ...terminated successfully![0m
PIPE_COOP_MPMC_RESULT backend= MPMC  producers= 4  consumers= 4  workers= 8  capacity= 1024  work_iterations= 0  messages= 200000  time_ms= 420.669432  throughput_Mtransfer_s= 0.47543269081647943  count= 200000  checksum= 5000100000  valid= True

block=5 position=3 command=['/tmp/mostream-ms-bench-8evqzlt5/PADDEDFAA', '50000', '4', '8', '1024', '0']
[36m{MoStream} Starting pipeline execution with 2 stages and total parallelism of 8 nodes[0m
[36m{MoStream} Cooperative MoStream runtime is used[0m
[36m{MoStream} CPU pinning is disabled[0m
[36m{MoStream} Pipeline starts...[0m
[36m{MoStream} ...terminated successfully![0m
PIPE_COOP_MPMC_RESULT backend= PADDEDFAA  producers= 4  consumers= 4  workers= 8  capacity= 1024  work_iterations= 0  messages= 200000  time_ms= 412.920337  throughput_Mtransfer_s= 0.48435492776419004  count= 200000  checksum= 5000100000  valid= True

block=5 position=0 command=['/tmp/mostream-ms-bench-8evqzlt5/SCQ', '50000', '4', '8', '1024', '160']
[36m{MoStream} Starting pipeline execution with 2 stages and total parallelism of 8 nodes[0m
[36m{MoStream} Cooperative MoStream runtime is used[0m
[36m{MoStream} CPU pinning is disabled[0m
[36m{MoStream} Pipeline starts...[0m
[36m{MoStream} ...terminated successfully![0m
PIPE_COOP_MPMC_RESULT backend= SCQ  producers= 4  consumers= 4  workers= 8  capacity= 1024  work_iterations= 160  messages= 200000  time_ms= 469.987702  throughput_Mtransfer_s= 0.42554304963494555  count= 200000  checksum= 476513354054716080  valid= True

block=5 position=1 command=['/tmp/mostream-ms-bench-8evqzlt5/PADDEDFAA', '50000', '4', '8', '1024', '160']
[36m{MoStream} Starting pipeline execution with 2 stages and total parallelism of 8 nodes[0m
[36m{MoStream} Cooperative MoStream runtime is used[0m
[36m{MoStream} CPU pinning is disabled[0m
[36m{MoStream} Pipeline starts...[0m
[36m{MoStream} ...terminated successfully![0m
PIPE_COOP_MPMC_RESULT backend= PADDEDFAA  producers= 4  consumers= 4  workers= 8  capacity= 1024  work_iterations= 160  messages= 200000  time_ms= 434.453011  throughput_Mtransfer_s= 0.4603489789140856  count= 200000  checksum= 476513354054716080  valid= True

block=5 position=2 command=['/tmp/mostream-ms-bench-8evqzlt5/MICHAELSCOTT', '50000', '4', '8', '1024', '160']
[36m{MoStream} Starting pipeline execution with 2 stages and total parallelism of 8 nodes[0m
[36m{MoStream} Cooperative MoStream runtime is used[0m
[36m{MoStream} CPU pinning is disabled[0m
[36m{MoStream} Pipeline starts...[0m
[36m{MoStream} ...terminated successfully![0m
PIPE_COOP_MPMC_RESULT backend= MICHAELSCOTT  producers= 4  consumers= 4  workers= 8  capacity= 1024  work_iterations= 160  messages= 200000  time_ms= 445.717224  throughput_Mtransfer_s= 0.4487149906506642  count= 200000  checksum= 476513354054716080  valid= True

block=5 position=3 command=['/tmp/mostream-ms-bench-8evqzlt5/MPMC', '50000', '4', '8', '1024', '160']
[36m{MoStream} Starting pipeline execution with 2 stages and total parallelism of 8 nodes[0m
[36m{MoStream} Cooperative MoStream runtime is used[0m
[36m{MoStream} CPU pinning is disabled[0m
[36m{MoStream} Pipeline starts...[0m
[36m{MoStream} ...terminated successfully![0m
PIPE_COOP_MPMC_RESULT backend= MPMC  producers= 4  consumers= 4  workers= 8  capacity= 1024  work_iterations= 160  messages= 200000  time_ms= 439.871821  throughput_Mtransfer_s= 0.45467790945399067  count= 200000  checksum= 476513354054716080  valid= True

block=5 position=0 command=['/tmp/mostream-ms-bench-8evqzlt5/SCQ', '50000', '4', '1', '1024', '0']
[36m{MoStream} Starting pipeline execution with 2 stages and total parallelism of 8 nodes[0m
[36m{MoStream} Cooperative MoStream runtime is used[0m
[36m{MoStream} CPU pinning is disabled[0m
[36m{MoStream} Pipeline starts...[0m
[36m{MoStream} ...terminated successfully![0m
PIPE_COOP_MPMC_RESULT backend= SCQ  producers= 4  consumers= 4  workers= 1  capacity= 1024  work_iterations= 0  messages= 200000  time_ms= 237.94448  throughput_Mtransfer_s= 0.8405322115478367  count= 200000  checksum= 5000100000  valid= True

block=5 position=1 command=['/tmp/mostream-ms-bench-8evqzlt5/MPMC', '50000', '4', '1', '1024', '0']
[36m{MoStream} Starting pipeline execution with 2 stages and total parallelism of 8 nodes[0m
[36m{MoStream} Cooperative MoStream runtime is used[0m
[36m{MoStream} CPU pinning is disabled[0m
[36m{MoStream} Pipeline starts...[0m
[36m{MoStream} ...terminated successfully![0m
PIPE_COOP_MPMC_RESULT backend= MPMC  producers= 4  consumers= 4  workers= 1  capacity= 1024  work_iterations= 0  messages= 200000  time_ms= 221.701671  throughput_Mtransfer_s= 0.9021131825388903  count= 200000  checksum= 5000100000  valid= True

block=5 position=2 command=['/tmp/mostream-ms-bench-8evqzlt5/PADDEDFAA', '50000', '4', '1', '1024', '0']
[36m{MoStream} Starting pipeline execution with 2 stages and total parallelism of 8 nodes[0m
[36m{MoStream} Cooperative MoStream runtime is used[0m
[36m{MoStream} CPU pinning is disabled[0m
[36m{MoStream} Pipeline starts...[0m
[36m{MoStream} ...terminated successfully![0m
PIPE_COOP_MPMC_RESULT backend= PADDEDFAA  producers= 4  consumers= 4  workers= 1  capacity= 1024  work_iterations= 0  messages= 200000  time_ms= 223.644277  throughput_Mtransfer_s= 0.8942772991235541  count= 200000  checksum= 5000100000  valid= True

block=5 position=3 command=['/tmp/mostream-ms-bench-8evqzlt5/MICHAELSCOTT', '50000', '4', '1', '1024', '0']
[36m{MoStream} Starting pipeline execution with 2 stages and total parallelism of 8 nodes[0m
[36m{MoStream} Cooperative MoStream runtime is used[0m
[36m{MoStream} CPU pinning is disabled[0m
[36m{MoStream} Pipeline starts...[0m
[36m{MoStream} ...terminated successfully![0m
PIPE_COOP_MPMC_RESULT backend= MICHAELSCOTT  producers= 4  consumers= 4  workers= 1  capacity= 1024  work_iterations= 0  messages= 200000  time_ms= 237.75852  throughput_Mtransfer_s= 0.8411896238250474  count= 200000  checksum= 5000100000  valid= True

block=5 position=0 command=['/tmp/mostream-ms-bench-8evqzlt5/SCQ', '50000', '4', '1', '1024', '160']
[36m{MoStream} Starting pipeline execution with 2 stages and total parallelism of 8 nodes[0m
[36m{MoStream} Cooperative MoStream runtime is used[0m
[36m{MoStream} CPU pinning is disabled[0m
[36m{MoStream} Pipeline starts...[0m
[36m{MoStream} ...terminated successfully![0m
PIPE_COOP_MPMC_RESULT backend= SCQ  producers= 4  consumers= 4  workers= 1  capacity= 1024  work_iterations= 160  messages= 200000  time_ms= 325.209749  throughput_Mtransfer_s= 0.6149877136678334  count= 200000  checksum= 476513354054716080  valid= True

block=5 position=1 command=['/tmp/mostream-ms-bench-8evqzlt5/MICHAELSCOTT', '50000', '4', '1', '1024', '160']
[36m{MoStream} Starting pipeline execution with 2 stages and total parallelism of 8 nodes[0m
[36m{MoStream} Cooperative MoStream runtime is used[0m
[36m{MoStream} CPU pinning is disabled[0m
[36m{MoStream} Pipeline starts...[0m
[36m{MoStream} ...terminated successfully![0m
PIPE_COOP_MPMC_RESULT backend= MICHAELSCOTT  producers= 4  consumers= 4  workers= 1  capacity= 1024  work_iterations= 160  messages= 200000  time_ms= 312.333057  throughput_Mtransfer_s= 0.6403420820102306  count= 200000  checksum= 476513354054716080  valid= True

block=5 position=2 command=['/tmp/mostream-ms-bench-8evqzlt5/MPMC', '50000', '4', '1', '1024', '160']
[36m{MoStream} Starting pipeline execution with 2 stages and total parallelism of 8 nodes[0m
[36m{MoStream} Cooperative MoStream runtime is used[0m
[36m{MoStream} CPU pinning is disabled[0m
[36m{MoStream} Pipeline starts...[0m
[36m{MoStream} ...terminated successfully![0m
PIPE_COOP_MPMC_RESULT backend= MPMC  producers= 4  consumers= 4  workers= 1  capacity= 1024  work_iterations= 160  messages= 200000  time_ms= 306.676051  throughput_Mtransfer_s= 0.6521539564235487  count= 200000  checksum= 476513354054716080  valid= True

block=5 position=3 command=['/tmp/mostream-ms-bench-8evqzlt5/PADDEDFAA', '50000', '4', '1', '1024', '160']
[36m{MoStream} Starting pipeline execution with 2 stages and total parallelism of 8 nodes[0m
[36m{MoStream} Cooperative MoStream runtime is used[0m
[36m{MoStream} CPU pinning is disabled[0m
[36m{MoStream} Pipeline starts...[0m
[36m{MoStream} ...terminated successfully![0m
PIPE_COOP_MPMC_RESULT backend= PADDEDFAA  producers= 4  consumers= 4  workers= 1  capacity= 1024  work_iterations= 160  messages= 200000  time_ms= 305.330697  throughput_Mtransfer_s= 0.6550274897515463  count= 200000  checksum= 476513354054716080  valid= True

block=5 position=0 command=['/tmp/mostream-ms-bench-8evqzlt5/MPMC', '50000', '4', '2', '1024', '0']
[36m{MoStream} Starting pipeline execution with 2 stages and total parallelism of 8 nodes[0m
[36m{MoStream} Cooperative MoStream runtime is used[0m
[36m{MoStream} CPU pinning is disabled[0m
[36m{MoStream} Pipeline starts...[0m
[36m{MoStream} ...terminated successfully![0m
PIPE_COOP_MPMC_RESULT backend= MPMC  producers= 4  consumers= 4  workers= 2  capacity= 1024  work_iterations= 0  messages= 200000  time_ms= 479.236347  throughput_Mtransfer_s= 0.41733061620219725  count= 200000  checksum= 5000100000  valid= True

block=5 position=1 command=['/tmp/mostream-ms-bench-8evqzlt5/PADDEDFAA', '50000', '4', '2', '1024', '0']
[36m{MoStream} Starting pipeline execution with 2 stages and total parallelism of 8 nodes[0m
[36m{MoStream} Cooperative MoStream runtime is used[0m
[36m{MoStream} CPU pinning is disabled[0m
[36m{MoStream} Pipeline starts...[0m
[36m{MoStream} ...terminated successfully![0m
PIPE_COOP_MPMC_RESULT backend= PADDEDFAA  producers= 4  consumers= 4  workers= 2  capacity= 1024  work_iterations= 0  messages= 200000  time_ms= 430.501922  throughput_Mtransfer_s= 0.4645740002062058  count= 200000  checksum= 5000100000  valid= True

block=5 position=2 command=['/tmp/mostream-ms-bench-8evqzlt5/MICHAELSCOTT', '50000', '4', '2', '1024', '0']
[36m{MoStream} Starting pipeline execution with 2 stages and total parallelism of 8 nodes[0m
[36m{MoStream} Cooperative MoStream runtime is used[0m
[36m{MoStream} CPU pinning is disabled[0m
[36m{MoStream} Pipeline starts...[0m
[36m{MoStream} ...terminated successfully![0m
PIPE_COOP_MPMC_RESULT backend= MICHAELSCOTT  producers= 4  consumers= 4  workers= 2  capacity= 1024  work_iterations= 0  messages= 200000  time_ms= 484.617801  throughput_Mtransfer_s= 0.4126963549157782  count= 200000  checksum= 5000100000  valid= True

block=5 position=3 command=['/tmp/mostream-ms-bench-8evqzlt5/SCQ', '50000', '4', '2', '1024', '0']
[36m{MoStream} Starting pipeline execution with 2 stages and total parallelism of 8 nodes[0m
[36m{MoStream} Cooperative MoStream runtime is used[0m
[36m{MoStream} CPU pinning is disabled[0m
[36m{MoStream} Pipeline starts...[0m
[36m{MoStream} ...terminated successfully![0m
PIPE_COOP_MPMC_RESULT backend= SCQ  producers= 4  consumers= 4  workers= 2  capacity= 1024  work_iterations= 0  messages= 200000  time_ms= 474.455446  throughput_Mtransfer_s= 0.42153589275061243  count= 200000  checksum= 5000100000  valid= True

block=6 position=0 command=['/tmp/mostream-ms-bench-8evqzlt5/PADDEDFAA', '50000', '4', '8', '1024', '160']
[36m{MoStream} Starting pipeline execution with 2 stages and total parallelism of 8 nodes[0m
[36m{MoStream} Cooperative MoStream runtime is used[0m
[36m{MoStream} CPU pinning is disabled[0m
[36m{MoStream} Pipeline starts...[0m
[36m{MoStream} ...terminated successfully![0m
PIPE_COOP_MPMC_RESULT backend= PADDEDFAA  producers= 4  consumers= 4  workers= 8  capacity= 1024  work_iterations= 160  messages= 200000  time_ms= 431.452247  throughput_Mtransfer_s= 0.46355072059689606  count= 200000  checksum= 476513354054716080  valid= True

block=6 position=1 command=['/tmp/mostream-ms-bench-8evqzlt5/MICHAELSCOTT', '50000', '4', '8', '1024', '160']
[36m{MoStream} Starting pipeline execution with 2 stages and total parallelism of 8 nodes[0m
[36m{MoStream} Cooperative MoStream runtime is used[0m
[36m{MoStream} CPU pinning is disabled[0m
[36m{MoStream} Pipeline starts...[0m
[36m{MoStream} ...terminated successfully![0m
PIPE_COOP_MPMC_RESULT backend= MICHAELSCOTT  producers= 4  consumers= 4  workers= 8  capacity= 1024  work_iterations= 160  messages= 200000  time_ms= 438.99382  throughput_Mtransfer_s= 0.4555872791102162  count= 200000  checksum= 476513354054716080  valid= True

block=6 position=2 command=['/tmp/mostream-ms-bench-8evqzlt5/MPMC', '50000', '4', '8', '1024', '160']
[36m{MoStream} Starting pipeline execution with 2 stages and total parallelism of 8 nodes[0m
[36m{MoStream} Cooperative MoStream runtime is used[0m
[36m{MoStream} CPU pinning is disabled[0m
[36m{MoStream} Pipeline starts...[0m
[36m{MoStream} ...terminated successfully![0m
PIPE_COOP_MPMC_RESULT backend= MPMC  producers= 4  consumers= 4  workers= 8  capacity= 1024  work_iterations= 160  messages= 200000  time_ms= 428.784935  throughput_Mtransfer_s= 0.46643429765087246  count= 200000  checksum= 476513354054716080  valid= True

block=6 position=3 command=['/tmp/mostream-ms-bench-8evqzlt5/SCQ', '50000', '4', '8', '1024', '160']
[36m{MoStream} Starting pipeline execution with 2 stages and total parallelism of 8 nodes[0m
[36m{MoStream} Cooperative MoStream runtime is used[0m
[36m{MoStream} CPU pinning is disabled[0m
[36m{MoStream} Pipeline starts...[0m
[36m{MoStream} ...terminated successfully![0m
PIPE_COOP_MPMC_RESULT backend= SCQ  producers= 4  consumers= 4  workers= 8  capacity= 1024  work_iterations= 160  messages= 200000  time_ms= 468.709953  throughput_Mtransfer_s= 0.4267031214504634  count= 200000  checksum= 476513354054716080  valid= True

block=6 position=0 command=['/tmp/mostream-ms-bench-8evqzlt5/SCQ', '50000', '4', '4', '1024', '160']
[36m{MoStream} Starting pipeline execution with 2 stages and total parallelism of 8 nodes[0m
[36m{MoStream} Cooperative MoStream runtime is used[0m
[36m{MoStream} CPU pinning is disabled[0m
[36m{MoStream} Pipeline starts...[0m
[36m{MoStream} ...terminated successfully![0m
PIPE_COOP_MPMC_RESULT backend= SCQ  producers= 4  consumers= 4  workers= 4  capacity= 1024  work_iterations= 160  messages= 200000  time_ms= 541.822704  throughput_Mtransfer_s= 0.36912443595202316  count= 200000  checksum= 476513354054716080  valid= True

block=6 position=1 command=['/tmp/mostream-ms-bench-8evqzlt5/MICHAELSCOTT', '50000', '4', '4', '1024', '160']
[36m{MoStream} Starting pipeline execution with 2 stages and total parallelism of 8 nodes[0m
[36m{MoStream} Cooperative MoStream runtime is used[0m
[36m{MoStream} CPU pinning is disabled[0m
[36m{MoStream} Pipeline starts...[0m
[36m{MoStream} ...terminated successfully![0m
PIPE_COOP_MPMC_RESULT backend= MICHAELSCOTT  producers= 4  consumers= 4  workers= 4  capacity= 1024  work_iterations= 160  messages= 200000  time_ms= 509.45895  throughput_Mtransfer_s= 0.3925733368704191  count= 200000  checksum= 476513354054716080  valid= True

block=6 position=2 command=['/tmp/mostream-ms-bench-8evqzlt5/PADDEDFAA', '50000', '4', '4', '1024', '160']
[36m{MoStream} Starting pipeline execution with 2 stages and total parallelism of 8 nodes[0m
[36m{MoStream} Cooperative MoStream runtime is used[0m
[36m{MoStream} CPU pinning is disabled[0m
[36m{MoStream} Pipeline starts...[0m
[36m{MoStream} ...terminated successfully![0m
PIPE_COOP_MPMC_RESULT backend= PADDEDFAA  producers= 4  consumers= 4  workers= 4  capacity= 1024  work_iterations= 160  messages= 200000  time_ms= 453.058236  throughput_Mtransfer_s= 0.44144435330384324  count= 200000  checksum= 476513354054716080  valid= True

block=6 position=3 command=['/tmp/mostream-ms-bench-8evqzlt5/MPMC', '50000', '4', '4', '1024', '160']
[36m{MoStream} Starting pipeline execution with 2 stages and total parallelism of 8 nodes[0m
[36m{MoStream} Cooperative MoStream runtime is used[0m
[36m{MoStream} CPU pinning is disabled[0m
[36m{MoStream} Pipeline starts...[0m
[36m{MoStream} ...terminated successfully![0m
PIPE_COOP_MPMC_RESULT backend= MPMC  producers= 4  consumers= 4  workers= 4  capacity= 1024  work_iterations= 160  messages= 200000  time_ms= 456.895064  throughput_Mtransfer_s= 0.43773727439524274  count= 200000  checksum= 476513354054716080  valid= True

block=6 position=0 command=['/tmp/mostream-ms-bench-8evqzlt5/SCQ', '50000', '4', '8', '1024', '0']
[36m{MoStream} Starting pipeline execution with 2 stages and total parallelism of 8 nodes[0m
[36m{MoStream} Cooperative MoStream runtime is used[0m
[36m{MoStream} CPU pinning is disabled[0m
[36m{MoStream} Pipeline starts...[0m
[36m{MoStream} ...terminated successfully![0m
PIPE_COOP_MPMC_RESULT backend= SCQ  producers= 4  consumers= 4  workers= 8  capacity= 1024  work_iterations= 0  messages= 200000  time_ms= 411.932821  throughput_Mtransfer_s= 0.4855160594256217  count= 200000  checksum= 5000100000  valid= True

block=6 position=1 command=['/tmp/mostream-ms-bench-8evqzlt5/MPMC', '50000', '4', '8', '1024', '0']
[36m{MoStream} Starting pipeline execution with 2 stages and total parallelism of 8 nodes[0m
[36m{MoStream} Cooperative MoStream runtime is used[0m
[36m{MoStream} CPU pinning is disabled[0m
[36m{MoStream} Pipeline starts...[0m
[36m{MoStream} ...terminated successfully![0m
PIPE_COOP_MPMC_RESULT backend= MPMC  producers= 4  consumers= 4  workers= 8  capacity= 1024  work_iterations= 0  messages= 200000  time_ms= 424.338591  throughput_Mtransfer_s= 0.47132173279050177  count= 200000  checksum= 5000100000  valid= True

block=6 position=2 command=['/tmp/mostream-ms-bench-8evqzlt5/PADDEDFAA', '50000', '4', '8', '1024', '0']
[36m{MoStream} Starting pipeline execution with 2 stages and total parallelism of 8 nodes[0m
[36m{MoStream} Cooperative MoStream runtime is used[0m
[36m{MoStream} CPU pinning is disabled[0m
[36m{MoStream} Pipeline starts...[0m
[36m{MoStream} ...terminated successfully![0m
PIPE_COOP_MPMC_RESULT backend= PADDEDFAA  producers= 4  consumers= 4  workers= 8  capacity= 1024  work_iterations= 0  messages= 200000  time_ms= 436.157369  throughput_Mtransfer_s= 0.45855008814490533  count= 200000  checksum= 5000100000  valid= True

block=6 position=3 command=['/tmp/mostream-ms-bench-8evqzlt5/MICHAELSCOTT', '50000', '4', '8', '1024', '0']
[36m{MoStream} Starting pipeline execution with 2 stages and total parallelism of 8 nodes[0m
[36m{MoStream} Cooperative MoStream runtime is used[0m
[36m{MoStream} CPU pinning is disabled[0m
[36m{MoStream} Pipeline starts...[0m
[36m{MoStream} ...terminated successfully![0m
PIPE_COOP_MPMC_RESULT backend= MICHAELSCOTT  producers= 4  consumers= 4  workers= 8  capacity= 1024  work_iterations= 0  messages= 200000  time_ms= 418.038446  throughput_Mtransfer_s= 0.47842489587668213  count= 200000  checksum= 5000100000  valid= True

block=6 position=0 command=['/tmp/mostream-ms-bench-8evqzlt5/MPMC', '50000', '4', '1', '1024', '0']
[36m{MoStream} Starting pipeline execution with 2 stages and total parallelism of 8 nodes[0m
[36m{MoStream} Cooperative MoStream runtime is used[0m
[36m{MoStream} CPU pinning is disabled[0m
[36m{MoStream} Pipeline starts...[0m
[36m{MoStream} ...terminated successfully![0m
PIPE_COOP_MPMC_RESULT backend= MPMC  producers= 4  consumers= 4  workers= 1  capacity= 1024  work_iterations= 0  messages= 200000  time_ms= 219.610513  throughput_Mtransfer_s= 0.9107032139212753  count= 200000  checksum= 5000100000  valid= True

block=6 position=1 command=['/tmp/mostream-ms-bench-8evqzlt5/PADDEDFAA', '50000', '4', '1', '1024', '0']
[36m{MoStream} Starting pipeline execution with 2 stages and total parallelism of 8 nodes[0m
[36m{MoStream} Cooperative MoStream runtime is used[0m
[36m{MoStream} CPU pinning is disabled[0m
[36m{MoStream} Pipeline starts...[0m
[36m{MoStream} ...terminated successfully![0m
PIPE_COOP_MPMC_RESULT backend= PADDEDFAA  producers= 4  consumers= 4  workers= 1  capacity= 1024  work_iterations= 0  messages= 200000  time_ms= 221.948678  throughput_Mtransfer_s= 0.9011092194926252  count= 200000  checksum= 5000100000  valid= True

block=6 position=2 command=['/tmp/mostream-ms-bench-8evqzlt5/MICHAELSCOTT', '50000', '4', '1', '1024', '0']
[36m{MoStream} Starting pipeline execution with 2 stages and total parallelism of 8 nodes[0m
[36m{MoStream} Cooperative MoStream runtime is used[0m
[36m{MoStream} CPU pinning is disabled[0m
[36m{MoStream} Pipeline starts...[0m
[36m{MoStream} ...terminated successfully![0m
PIPE_COOP_MPMC_RESULT backend= MICHAELSCOTT  producers= 4  consumers= 4  workers= 1  capacity= 1024  work_iterations= 0  messages= 200000  time_ms= 237.179931  throughput_Mtransfer_s= 0.8432416653329746  count= 200000  checksum= 5000100000  valid= True

block=6 position=3 command=['/tmp/mostream-ms-bench-8evqzlt5/SCQ', '50000', '4', '1', '1024', '0']
[36m{MoStream} Starting pipeline execution with 2 stages and total parallelism of 8 nodes[0m
[36m{MoStream} Cooperative MoStream runtime is used[0m
[36m{MoStream} CPU pinning is disabled[0m
[36m{MoStream} Pipeline starts...[0m
[36m{MoStream} ...terminated successfully![0m
PIPE_COOP_MPMC_RESULT backend= SCQ  producers= 4  consumers= 4  workers= 1  capacity= 1024  work_iterations= 0  messages= 200000  time_ms= 240.40522  throughput_Mtransfer_s= 0.8319286910658596  count= 200000  checksum= 5000100000  valid= True

block=6 position=0 command=['/tmp/mostream-ms-bench-8evqzlt5/MICHAELSCOTT', '50000', '4', '1', '1024', '160']
[36m{MoStream} Starting pipeline execution with 2 stages and total parallelism of 8 nodes[0m
[36m{MoStream} Cooperative MoStream runtime is used[0m
[36m{MoStream} CPU pinning is disabled[0m
[36m{MoStream} Pipeline starts...[0m
[36m{MoStream} ...terminated successfully![0m
PIPE_COOP_MPMC_RESULT backend= MICHAELSCOTT  producers= 4  consumers= 4  workers= 1  capacity= 1024  work_iterations= 160  messages= 200000  time_ms= 315.535351  throughput_Mtransfer_s= 0.6338434009569976  count= 200000  checksum= 476513354054716080  valid= True

block=6 position=1 command=['/tmp/mostream-ms-bench-8evqzlt5/MPMC', '50000', '4', '1', '1024', '160']
[36m{MoStream} Starting pipeline execution with 2 stages and total parallelism of 8 nodes[0m
[36m{MoStream} Cooperative MoStream runtime is used[0m
[36m{MoStream} CPU pinning is disabled[0m
[36m{MoStream} Pipeline starts...[0m
[36m{MoStream} ...terminated successfully![0m
PIPE_COOP_MPMC_RESULT backend= MPMC  producers= 4  consumers= 4  workers= 1  capacity= 1024  work_iterations= 160  messages= 200000  time_ms= 302.626423  throughput_Mtransfer_s= 0.6608808246727352  count= 200000  checksum= 476513354054716080  valid= True

block=6 position=2 command=['/tmp/mostream-ms-bench-8evqzlt5/PADDEDFAA', '50000', '4', '1', '1024', '160']
[36m{MoStream} Starting pipeline execution with 2 stages and total parallelism of 8 nodes[0m
[36m{MoStream} Cooperative MoStream runtime is used[0m
[36m{MoStream} CPU pinning is disabled[0m
[36m{MoStream} Pipeline starts...[0m
[36m{MoStream} ...terminated successfully![0m
PIPE_COOP_MPMC_RESULT backend= PADDEDFAA  producers= 4  consumers= 4  workers= 1  capacity= 1024  work_iterations= 160  messages= 200000  time_ms= 304.630101  throughput_Mtransfer_s= 0.6565339385158133  count= 200000  checksum= 476513354054716080  valid= True

block=6 position=3 command=['/tmp/mostream-ms-bench-8evqzlt5/SCQ', '50000', '4', '1', '1024', '160']
[36m{MoStream} Starting pipeline execution with 2 stages and total parallelism of 8 nodes[0m
[36m{MoStream} Cooperative MoStream runtime is used[0m
[36m{MoStream} CPU pinning is disabled[0m
[36m{MoStream} Pipeline starts...[0m
[36m{MoStream} ...terminated successfully![0m
PIPE_COOP_MPMC_RESULT backend= SCQ  producers= 4  consumers= 4  workers= 1  capacity= 1024  work_iterations= 160  messages= 200000  time_ms= 325.29249  throughput_Mtransfer_s= 0.6148312861449706  count= 200000  checksum= 476513354054716080  valid= True

block=6 position=0 command=['/tmp/mostream-ms-bench-8evqzlt5/PADDEDFAA', '50000', '4', '2', '1024', '0']
[36m{MoStream} Starting pipeline execution with 2 stages and total parallelism of 8 nodes[0m
[36m{MoStream} Cooperative MoStream runtime is used[0m
[36m{MoStream} CPU pinning is disabled[0m
[36m{MoStream} Pipeline starts...[0m
[36m{MoStream} ...terminated successfully![0m
PIPE_COOP_MPMC_RESULT backend= PADDEDFAA  producers= 4  consumers= 4  workers= 2  capacity= 1024  work_iterations= 0  messages= 200000  time_ms= 437.464256  throughput_Mtransfer_s= 0.4571802090271805  count= 200000  checksum= 5000100000  valid= True

block=6 position=1 command=['/tmp/mostream-ms-bench-8evqzlt5/MICHAELSCOTT', '50000', '4', '2', '1024', '0']
[36m{MoStream} Starting pipeline execution with 2 stages and total parallelism of 8 nodes[0m
[36m{MoStream} Cooperative MoStream runtime is used[0m
[36m{MoStream} CPU pinning is disabled[0m
[36m{MoStream} Pipeline starts...[0m
[36m{MoStream} ...terminated successfully![0m
PIPE_COOP_MPMC_RESULT backend= MICHAELSCOTT  producers= 4  consumers= 4  workers= 2  capacity= 1024  work_iterations= 0  messages= 200000  time_ms= 464.544717  throughput_Mtransfer_s= 0.4305290592724575  count= 200000  checksum= 5000100000  valid= True

block=6 position=2 command=['/tmp/mostream-ms-bench-8evqzlt5/SCQ', '50000', '4', '2', '1024', '0']
[36m{MoStream} Starting pipeline execution with 2 stages and total parallelism of 8 nodes[0m
[36m{MoStream} Cooperative MoStream runtime is used[0m
[36m{MoStream} CPU pinning is disabled[0m
[36m{MoStream} Pipeline starts...[0m
[36m{MoStream} ...terminated successfully![0m
PIPE_COOP_MPMC_RESULT backend= SCQ  producers= 4  consumers= 4  workers= 2  capacity= 1024  work_iterations= 0  messages= 200000  time_ms= 480.113537  throughput_Mtransfer_s= 0.41656813354962746  count= 200000  checksum= 5000100000  valid= True

block=6 position=3 command=['/tmp/mostream-ms-bench-8evqzlt5/MPMC', '50000', '4', '2', '1024', '0']
[36m{MoStream} Starting pipeline execution with 2 stages and total parallelism of 8 nodes[0m
[36m{MoStream} Cooperative MoStream runtime is used[0m
[36m{MoStream} CPU pinning is disabled[0m
[36m{MoStream} Pipeline starts...[0m
[36m{MoStream} ...terminated successfully![0m
PIPE_COOP_MPMC_RESULT backend= MPMC  producers= 4  consumers= 4  workers= 2  capacity= 1024  work_iterations= 0  messages= 200000  time_ms= 442.708548  throughput_Mtransfer_s= 0.4517644868244107  count= 200000  checksum= 5000100000  valid= True

block=6 position=0 command=['/tmp/mostream-ms-bench-8evqzlt5/PADDEDFAA', '50000', '4', '2', '1024', '160']
[36m{MoStream} Starting pipeline execution with 2 stages and total parallelism of 8 nodes[0m
[36m{MoStream} Cooperative MoStream runtime is used[0m
[36m{MoStream} CPU pinning is disabled[0m
[36m{MoStream} Pipeline starts...[0m
[36m{MoStream} ...terminated successfully![0m
PIPE_COOP_MPMC_RESULT backend= PADDEDFAA  producers= 4  consumers= 4  workers= 2  capacity= 1024  work_iterations= 160  messages= 200000  time_ms= 473.784996  throughput_Mtransfer_s= 0.4221324053917486  count= 200000  checksum= 476513354054716080  valid= True

block=6 position=1 command=['/tmp/mostream-ms-bench-8evqzlt5/SCQ', '50000', '4', '2', '1024', '160']
[36m{MoStream} Starting pipeline execution with 2 stages and total parallelism of 8 nodes[0m
[36m{MoStream} Cooperative MoStream runtime is used[0m
[36m{MoStream} CPU pinning is disabled[0m
[36m{MoStream} Pipeline starts...[0m
[36m{MoStream} ...terminated successfully![0m
PIPE_COOP_MPMC_RESULT backend= SCQ  producers= 4  consumers= 4  workers= 2  capacity= 1024  work_iterations= 160  messages= 200000  time_ms= 537.002144  throughput_Mtransfer_s= 0.37243799160697577  count= 200000  checksum= 476513354054716080  valid= True

block=6 position=2 command=['/tmp/mostream-ms-bench-8evqzlt5/MICHAELSCOTT', '50000', '4', '2', '1024', '160']
[36m{MoStream} Starting pipeline execution with 2 stages and total parallelism of 8 nodes[0m
[36m{MoStream} Cooperative MoStream runtime is used[0m
[36m{MoStream} CPU pinning is disabled[0m
[36m{MoStream} Pipeline starts...[0m
[36m{MoStream} ...terminated successfully![0m
PIPE_COOP_MPMC_RESULT backend= MICHAELSCOTT  producers= 4  consumers= 4  workers= 2  capacity= 1024  work_iterations= 160  messages= 200000  time_ms= 539.219896  throughput_Mtransfer_s= 0.37090619519721874  count= 200000  checksum= 476513354054716080  valid= True

block=6 position=3 command=['/tmp/mostream-ms-bench-8evqzlt5/MPMC', '50000', '4', '2', '1024', '160']
[36m{MoStream} Starting pipeline execution with 2 stages and total parallelism of 8 nodes[0m
[36m{MoStream} Cooperative MoStream runtime is used[0m
[36m{MoStream} CPU pinning is disabled[0m
[36m{MoStream} Pipeline starts...[0m
[36m{MoStream} ...terminated successfully![0m
PIPE_COOP_MPMC_RESULT backend= MPMC  producers= 4  consumers= 4  workers= 2  capacity= 1024  work_iterations= 160  messages= 200000  time_ms= 486.665647  throughput_Mtransfer_s= 0.4109597651547408  count= 200000  checksum= 476513354054716080  valid= True

block=6 position=0 command=['/tmp/mostream-ms-bench-8evqzlt5/PADDEDFAA', '50000', '4', '4', '1024', '0']
[36m{MoStream} Starting pipeline execution with 2 stages and total parallelism of 8 nodes[0m
[36m{MoStream} Cooperative MoStream runtime is used[0m
[36m{MoStream} CPU pinning is disabled[0m
[36m{MoStream} Pipeline starts...[0m
[36m{MoStream} ...terminated successfully![0m
PIPE_COOP_MPMC_RESULT backend= PADDEDFAA  producers= 4  consumers= 4  workers= 4  capacity= 1024  work_iterations= 0  messages= 200000  time_ms= 418.336556  throughput_Mtransfer_s= 0.4780839664416035  count= 200000  checksum= 5000100000  valid= True

block=6 position=1 command=['/tmp/mostream-ms-bench-8evqzlt5/SCQ', '50000', '4', '4', '1024', '0']
[36m{MoStream} Starting pipeline execution with 2 stages and total parallelism of 8 nodes[0m
[36m{MoStream} Cooperative MoStream runtime is used[0m
[36m{MoStream} CPU pinning is disabled[0m
[36m{MoStream} Pipeline starts...[0m
[36m{MoStream} ...terminated successfully![0m
PIPE_COOP_MPMC_RESULT backend= SCQ  producers= 4  consumers= 4  workers= 4  capacity= 1024  work_iterations= 0  messages= 200000  time_ms= 437.243053  throughput_Mtransfer_s= 0.4574114983137308  count= 200000  checksum= 5000100000  valid= True

block=6 position=2 command=['/tmp/mostream-ms-bench-8evqzlt5/MICHAELSCOTT', '50000', '4', '4', '1024', '0']
[36m{MoStream} Starting pipeline execution with 2 stages and total parallelism of 8 nodes[0m
[36m{MoStream} Cooperative MoStream runtime is used[0m
[36m{MoStream} CPU pinning is disabled[0m
[36m{MoStream} Pipeline starts...[0m
[36m{MoStream} ...terminated successfully![0m
PIPE_COOP_MPMC_RESULT backend= MICHAELSCOTT  producers= 4  consumers= 4  workers= 4  capacity= 1024  work_iterations= 0  messages= 200000  time_ms= 432.015589  throughput_Mtransfer_s= 0.46294625724721244  count= 200000  checksum= 5000100000  valid= True

block=6 position=3 command=['/tmp/mostream-ms-bench-8evqzlt5/MPMC', '50000', '4', '4', '1024', '0']
[36m{MoStream} Starting pipeline execution with 2 stages and total parallelism of 8 nodes[0m
[36m{MoStream} Cooperative MoStream runtime is used[0m
[36m{MoStream} CPU pinning is disabled[0m
[36m{MoStream} Pipeline starts...[0m
[36m{MoStream} ...terminated successfully![0m
PIPE_COOP_MPMC_RESULT backend= MPMC  producers= 4  consumers= 4  workers= 4  capacity= 1024  work_iterations= 0  messages= 200000  time_ms= 440.571581  throughput_Mtransfer_s= 0.4539557443674516  count= 200000  checksum= 5000100000  valid= True

block=7 position=0 command=['/tmp/mostream-ms-bench-8evqzlt5/MICHAELSCOTT', '50000', '4', '2', '1024', '0']
[36m{MoStream} Starting pipeline execution with 2 stages and total parallelism of 8 nodes[0m
[36m{MoStream} Cooperative MoStream runtime is used[0m
[36m{MoStream} CPU pinning is disabled[0m
[36m{MoStream} Pipeline starts...[0m
[36m{MoStream} ...terminated successfully![0m
PIPE_COOP_MPMC_RESULT backend= MICHAELSCOTT  producers= 4  consumers= 4  workers= 2  capacity= 1024  work_iterations= 0  messages= 200000  time_ms= 455.779134  throughput_Mtransfer_s= 0.43880903069160687  count= 200000  checksum= 5000100000  valid= True

block=7 position=1 command=['/tmp/mostream-ms-bench-8evqzlt5/SCQ', '50000', '4', '2', '1024', '0']
[36m{MoStream} Starting pipeline execution with 2 stages and total parallelism of 8 nodes[0m
[36m{MoStream} Cooperative MoStream runtime is used[0m
[36m{MoStream} CPU pinning is disabled[0m
[36m{MoStream} Pipeline starts...[0m
[36m{MoStream} ...terminated successfully![0m
PIPE_COOP_MPMC_RESULT backend= SCQ  producers= 4  consumers= 4  workers= 2  capacity= 1024  work_iterations= 0  messages= 200000  time_ms= 481.006458  throughput_Mtransfer_s= 0.41579483325772726  count= 200000  checksum= 5000100000  valid= True

block=7 position=2 command=['/tmp/mostream-ms-bench-8evqzlt5/MPMC', '50000', '4', '2', '1024', '0']
[36m{MoStream} Starting pipeline execution with 2 stages and total parallelism of 8 nodes[0m
[36m{MoStream} Cooperative MoStream runtime is used[0m
[36m{MoStream} CPU pinning is disabled[0m
[36m{MoStream} Pipeline starts...[0m
[36m{MoStream} ...terminated successfully![0m
PIPE_COOP_MPMC_RESULT backend= MPMC  producers= 4  consumers= 4  workers= 2  capacity= 1024  work_iterations= 0  messages= 200000  time_ms= 449.60677  throughput_Mtransfer_s= 0.44483315942951657  count= 200000  checksum= 5000100000  valid= True

block=7 position=3 command=['/tmp/mostream-ms-bench-8evqzlt5/PADDEDFAA', '50000', '4', '2', '1024', '0']
[36m{MoStream} Starting pipeline execution with 2 stages and total parallelism of 8 nodes[0m
[36m{MoStream} Cooperative MoStream runtime is used[0m
[36m{MoStream} CPU pinning is disabled[0m
[36m{MoStream} Pipeline starts...[0m
[36m{MoStream} ...terminated successfully![0m
PIPE_COOP_MPMC_RESULT backend= PADDEDFAA  producers= 4  consumers= 4  workers= 2  capacity= 1024  work_iterations= 0  messages= 200000  time_ms= 463.440945  throughput_Mtransfer_s= 0.431554445410515  count= 200000  checksum= 5000100000  valid= True

block=7 position=0 command=['/tmp/mostream-ms-bench-8evqzlt5/MICHAELSCOTT', '50000', '4', '8', '1024', '160']
[36m{MoStream} Starting pipeline execution with 2 stages and total parallelism of 8 nodes[0m
[36m{MoStream} Cooperative MoStream runtime is used[0m
[36m{MoStream} CPU pinning is disabled[0m
[36m{MoStream} Pipeline starts...[0m
[36m{MoStream} ...terminated successfully![0m
PIPE_COOP_MPMC_RESULT backend= MICHAELSCOTT  producers= 4  consumers= 4  workers= 8  capacity= 1024  work_iterations= 160  messages= 200000  time_ms= 452.140854  throughput_Mtransfer_s= 0.4423400323829176  count= 200000  checksum= 476513354054716080  valid= True

block=7 position=1 command=['/tmp/mostream-ms-bench-8evqzlt5/MPMC', '50000', '4', '8', '1024', '160']
[36m{MoStream} Starting pipeline execution with 2 stages and total parallelism of 8 nodes[0m
[36m{MoStream} Cooperative MoStream runtime is used[0m
[36m{MoStream} CPU pinning is disabled[0m
[36m{MoStream} Pipeline starts...[0m
[36m{MoStream} ...terminated successfully![0m
PIPE_COOP_MPMC_RESULT backend= MPMC  producers= 4  consumers= 4  workers= 8  capacity= 1024  work_iterations= 160  messages= 200000  time_ms= 430.282681  throughput_Mtransfer_s= 0.46481071358761006  count= 200000  checksum= 476513354054716080  valid= True

block=7 position=2 command=['/tmp/mostream-ms-bench-8evqzlt5/SCQ', '50000', '4', '8', '1024', '160']
[36m{MoStream} Starting pipeline execution with 2 stages and total parallelism of 8 nodes[0m
[36m{MoStream} Cooperative MoStream runtime is used[0m
[36m{MoStream} CPU pinning is disabled[0m
[36m{MoStream} Pipeline starts...[0m
[36m{MoStream} ...terminated successfully![0m
PIPE_COOP_MPMC_RESULT backend= SCQ  producers= 4  consumers= 4  workers= 8  capacity= 1024  work_iterations= 160  messages= 200000  time_ms= 482.379929  throughput_Mtransfer_s= 0.4146109487071963  count= 200000  checksum= 476513354054716080  valid= True

block=7 position=3 command=['/tmp/mostream-ms-bench-8evqzlt5/PADDEDFAA', '50000', '4', '8', '1024', '160']
[36m{MoStream} Starting pipeline execution with 2 stages and total parallelism of 8 nodes[0m
[36m{MoStream} Cooperative MoStream runtime is used[0m
[36m{MoStream} CPU pinning is disabled[0m
[36m{MoStream} Pipeline starts...[0m
[36m{MoStream} ...terminated successfully![0m
PIPE_COOP_MPMC_RESULT backend= PADDEDFAA  producers= 4  consumers= 4  workers= 8  capacity= 1024  work_iterations= 160  messages= 200000  time_ms= 430.2044  throughput_Mtransfer_s= 0.4648952916334654  count= 200000  checksum= 476513354054716080  valid= True

block=7 position=0 command=['/tmp/mostream-ms-bench-8evqzlt5/SCQ', '50000', '4', '2', '1024', '160']
[36m{MoStream} Starting pipeline execution with 2 stages and total parallelism of 8 nodes[0m
[36m{MoStream} Cooperative MoStream runtime is used[0m
[36m{MoStream} CPU pinning is disabled[0m
[36m{MoStream} Pipeline starts...[0m
[36m{MoStream} ...terminated successfully![0m
PIPE_COOP_MPMC_RESULT backend= SCQ  producers= 4  consumers= 4  workers= 2  capacity= 1024  work_iterations= 160  messages= 200000  time_ms= 624.714686  throughput_Mtransfer_s= 0.3201461474846775  count= 200000  checksum= 476513354054716080  valid= True

block=7 position=1 command=['/tmp/mostream-ms-bench-8evqzlt5/MICHAELSCOTT', '50000', '4', '2', '1024', '160']
[36m{MoStream} Starting pipeline execution with 2 stages and total parallelism of 8 nodes[0m
[36m{MoStream} Cooperative MoStream runtime is used[0m
[36m{MoStream} CPU pinning is disabled[0m
[36m{MoStream} Pipeline starts...[0m
[36m{MoStream} ...terminated successfully![0m
PIPE_COOP_MPMC_RESULT backend= MICHAELSCOTT  producers= 4  consumers= 4  workers= 2  capacity= 1024  work_iterations= 160  messages= 200000  time_ms= 525.846172  throughput_Mtransfer_s= 0.38033936662374335  count= 200000  checksum= 476513354054716080  valid= True

block=7 position=2 command=['/tmp/mostream-ms-bench-8evqzlt5/MPMC', '50000', '4', '2', '1024', '160']
[36m{MoStream} Starting pipeline execution with 2 stages and total parallelism of 8 nodes[0m
[36m{MoStream} Cooperative MoStream runtime is used[0m
[36m{MoStream} CPU pinning is disabled[0m
[36m{MoStream} Pipeline starts...[0m
[36m{MoStream} ...terminated successfully![0m
PIPE_COOP_MPMC_RESULT backend= MPMC  producers= 4  consumers= 4  workers= 2  capacity= 1024  work_iterations= 160  messages= 200000  time_ms= 493.184197  throughput_Mtransfer_s= 0.4055279978891943  count= 200000  checksum= 476513354054716080  valid= True

block=7 position=3 command=['/tmp/mostream-ms-bench-8evqzlt5/PADDEDFAA', '50000', '4', '2', '1024', '160']
[36m{MoStream} Starting pipeline execution with 2 stages and total parallelism of 8 nodes[0m
[36m{MoStream} Cooperative MoStream runtime is used[0m
[36m{MoStream} CPU pinning is disabled[0m
[36m{MoStream} Pipeline starts...[0m
[36m{MoStream} ...terminated successfully![0m
PIPE_COOP_MPMC_RESULT backend= PADDEDFAA  producers= 4  consumers= 4  workers= 2  capacity= 1024  work_iterations= 160  messages= 200000  time_ms= 475.289793  throughput_Mtransfer_s= 0.4207959079819751  count= 200000  checksum= 476513354054716080  valid= True

block=7 position=0 command=['/tmp/mostream-ms-bench-8evqzlt5/MPMC', '50000', '4', '1', '1024', '160']
[36m{MoStream} Starting pipeline execution with 2 stages and total parallelism of 8 nodes[0m
[36m{MoStream} Cooperative MoStream runtime is used[0m
[36m{MoStream} CPU pinning is disabled[0m
[36m{MoStream} Pipeline starts...[0m
[36m{MoStream} ...terminated successfully![0m
PIPE_COOP_MPMC_RESULT backend= MPMC  producers= 4  consumers= 4  workers= 1  capacity= 1024  work_iterations= 160  messages= 200000  time_ms= 305.855891  throughput_Mtransfer_s= 0.6539027230964795  count= 200000  checksum= 476513354054716080  valid= True

block=7 position=1 command=['/tmp/mostream-ms-bench-8evqzlt5/PADDEDFAA', '50000', '4', '1', '1024', '160']
[36m{MoStream} Starting pipeline execution with 2 stages and total parallelism of 8 nodes[0m
[36m{MoStream} Cooperative MoStream runtime is used[0m
[36m{MoStream} CPU pinning is disabled[0m
[36m{MoStream} Pipeline starts...[0m
[36m{MoStream} ...terminated successfully![0m
PIPE_COOP_MPMC_RESULT backend= PADDEDFAA  producers= 4  consumers= 4  workers= 1  capacity= 1024  work_iterations= 160  messages= 200000  time_ms= 305.683123  throughput_Mtransfer_s= 0.6542723001426546  count= 200000  checksum= 476513354054716080  valid= True

block=7 position=2 command=['/tmp/mostream-ms-bench-8evqzlt5/SCQ', '50000', '4', '1', '1024', '160']
[36m{MoStream} Starting pipeline execution with 2 stages and total parallelism of 8 nodes[0m
[36m{MoStream} Cooperative MoStream runtime is used[0m
[36m{MoStream} CPU pinning is disabled[0m
[36m{MoStream} Pipeline starts...[0m
[36m{MoStream} ...terminated successfully![0m
PIPE_COOP_MPMC_RESULT backend= SCQ  producers= 4  consumers= 4  workers= 1  capacity= 1024  work_iterations= 160  messages= 200000  time_ms= 324.275317  throughput_Mtransfer_s= 0.6167598627310878  count= 200000  checksum= 476513354054716080  valid= True

block=7 position=3 command=['/tmp/mostream-ms-bench-8evqzlt5/MICHAELSCOTT', '50000', '4', '1', '1024', '160']
[36m{MoStream} Starting pipeline execution with 2 stages and total parallelism of 8 nodes[0m
[36m{MoStream} Cooperative MoStream runtime is used[0m
[36m{MoStream} CPU pinning is disabled[0m
[36m{MoStream} Pipeline starts...[0m
[36m{MoStream} ...terminated successfully![0m
PIPE_COOP_MPMC_RESULT backend= MICHAELSCOTT  producers= 4  consumers= 4  workers= 1  capacity= 1024  work_iterations= 160  messages= 200000  time_ms= 316.711282  throughput_Mtransfer_s= 0.631489976413281  count= 200000  checksum= 476513354054716080  valid= True

block=7 position=0 command=['/tmp/mostream-ms-bench-8evqzlt5/SCQ', '50000', '4', '4', '1024', '0']
[36m{MoStream} Starting pipeline execution with 2 stages and total parallelism of 8 nodes[0m
[36m{MoStream} Cooperative MoStream runtime is used[0m
[36m{MoStream} CPU pinning is disabled[0m
[36m{MoStream} Pipeline starts...[0m
[36m{MoStream} ...terminated successfully![0m
PIPE_COOP_MPMC_RESULT backend= SCQ  producers= 4  consumers= 4  workers= 4  capacity= 1024  work_iterations= 0  messages= 200000  time_ms= 451.107854  throughput_Mtransfer_s= 0.44335295479027503  count= 200000  checksum= 5000100000  valid= True

block=7 position=1 command=['/tmp/mostream-ms-bench-8evqzlt5/MICHAELSCOTT', '50000', '4', '4', '1024', '0']
[36m{MoStream} Starting pipeline execution with 2 stages and total parallelism of 8 nodes[0m
[36m{MoStream} Cooperative MoStream runtime is used[0m
[36m{MoStream} CPU pinning is disabled[0m
[36m{MoStream} Pipeline starts...[0m
[36m{MoStream} ...terminated successfully![0m
PIPE_COOP_MPMC_RESULT backend= MICHAELSCOTT  producers= 4  consumers= 4  workers= 4  capacity= 1024  work_iterations= 0  messages= 200000  time_ms= 427.291549  throughput_Mtransfer_s= 0.4680644877439408  count= 200000  checksum= 5000100000  valid= True

block=7 position=2 command=['/tmp/mostream-ms-bench-8evqzlt5/MPMC', '50000', '4', '4', '1024', '0']
[36m{MoStream} Starting pipeline execution with 2 stages and total parallelism of 8 nodes[0m
[36m{MoStream} Cooperative MoStream runtime is used[0m
[36m{MoStream} CPU pinning is disabled[0m
[36m{MoStream} Pipeline starts...[0m
[36m{MoStream} ...terminated successfully![0m
PIPE_COOP_MPMC_RESULT backend= MPMC  producers= 4  consumers= 4  workers= 4  capacity= 1024  work_iterations= 0  messages= 200000  time_ms= 429.919667  throughput_Mtransfer_s= 0.46520318876223915  count= 200000  checksum= 5000100000  valid= True

block=7 position=3 command=['/tmp/mostream-ms-bench-8evqzlt5/PADDEDFAA', '50000', '4', '4', '1024', '0']
[36m{MoStream} Starting pipeline execution with 2 stages and total parallelism of 8 nodes[0m
[36m{MoStream} Cooperative MoStream runtime is used[0m
[36m{MoStream} CPU pinning is disabled[0m
[36m{MoStream} Pipeline starts...[0m
[36m{MoStream} ...terminated successfully![0m
PIPE_COOP_MPMC_RESULT backend= PADDEDFAA  producers= 4  consumers= 4  workers= 4  capacity= 1024  work_iterations= 0  messages= 200000  time_ms= 429.378845  throughput_Mtransfer_s= 0.465789133137195  count= 200000  checksum= 5000100000  valid= True

block=7 position=0 command=['/tmp/mostream-ms-bench-8evqzlt5/MICHAELSCOTT', '50000', '4', '4', '1024', '160']
[36m{MoStream} Starting pipeline execution with 2 stages and total parallelism of 8 nodes[0m
[36m{MoStream} Cooperative MoStream runtime is used[0m
[36m{MoStream} CPU pinning is disabled[0m
[36m{MoStream} Pipeline starts...[0m
[36m{MoStream} ...terminated successfully![0m
PIPE_COOP_MPMC_RESULT backend= MICHAELSCOTT  producers= 4  consumers= 4  workers= 4  capacity= 1024  work_iterations= 160  messages= 200000  time_ms= 505.343564  throughput_Mtransfer_s= 0.3957703515939109  count= 200000  checksum= 476513354054716080  valid= True

block=7 position=1 command=['/tmp/mostream-ms-bench-8evqzlt5/PADDEDFAA', '50000', '4', '4', '1024', '160']
[36m{MoStream} Starting pipeline execution with 2 stages and total parallelism of 8 nodes[0m
[36m{MoStream} Cooperative MoStream runtime is used[0m
[36m{MoStream} CPU pinning is disabled[0m
[36m{MoStream} Pipeline starts...[0m
[36m{MoStream} ...terminated successfully![0m
PIPE_COOP_MPMC_RESULT backend= PADDEDFAA  producers= 4  consumers= 4  workers= 4  capacity= 1024  work_iterations= 160  messages= 200000  time_ms= 424.236809  throughput_Mtransfer_s= 0.47143481130605996  count= 200000  checksum= 476513354054716080  valid= True

block=7 position=2 command=['/tmp/mostream-ms-bench-8evqzlt5/MPMC', '50000', '4', '4', '1024', '160']
[36m{MoStream} Starting pipeline execution with 2 stages and total parallelism of 8 nodes[0m
[36m{MoStream} Cooperative MoStream runtime is used[0m
[36m{MoStream} CPU pinning is disabled[0m
[36m{MoStream} Pipeline starts...[0m
[36m{MoStream} ...terminated successfully![0m
PIPE_COOP_MPMC_RESULT backend= MPMC  producers= 4  consumers= 4  workers= 4  capacity= 1024  work_iterations= 160  messages= 200000  time_ms= 465.929148  throughput_Mtransfer_s= 0.4292498137506521  count= 200000  checksum= 476513354054716080  valid= True

block=7 position=3 command=['/tmp/mostream-ms-bench-8evqzlt5/SCQ', '50000', '4', '4', '1024', '160']
[36m{MoStream} Starting pipeline execution with 2 stages and total parallelism of 8 nodes[0m
[36m{MoStream} Cooperative MoStream runtime is used[0m
[36m{MoStream} CPU pinning is disabled[0m
[36m{MoStream} Pipeline starts...[0m
[36m{MoStream} ...terminated successfully![0m
PIPE_COOP_MPMC_RESULT backend= SCQ  producers= 4  consumers= 4  workers= 4  capacity= 1024  work_iterations= 160  messages= 200000  time_ms= 539.416955  throughput_Mtransfer_s= 0.3707706962974495  count= 200000  checksum= 476513354054716080  valid= True

block=7 position=0 command=['/tmp/mostream-ms-bench-8evqzlt5/MPMC', '50000', '4', '8', '1024', '0']
[36m{MoStream} Starting pipeline execution with 2 stages and total parallelism of 8 nodes[0m
[36m{MoStream} Cooperative MoStream runtime is used[0m
[36m{MoStream} CPU pinning is disabled[0m
[36m{MoStream} Pipeline starts...[0m
[36m{MoStream} ...terminated successfully![0m
PIPE_COOP_MPMC_RESULT backend= MPMC  producers= 4  consumers= 4  workers= 8  capacity= 1024  work_iterations= 0  messages= 200000  time_ms= 402.288038  throughput_Mtransfer_s= 0.49715621919635605  count= 200000  checksum= 5000100000  valid= True

block=7 position=1 command=['/tmp/mostream-ms-bench-8evqzlt5/PADDEDFAA', '50000', '4', '8', '1024', '0']
[36m{MoStream} Starting pipeline execution with 2 stages and total parallelism of 8 nodes[0m
[36m{MoStream} Cooperative MoStream runtime is used[0m
[36m{MoStream} CPU pinning is disabled[0m
[36m{MoStream} Pipeline starts...[0m
[36m{MoStream} ...terminated successfully![0m
PIPE_COOP_MPMC_RESULT backend= PADDEDFAA  producers= 4  consumers= 4  workers= 8  capacity= 1024  work_iterations= 0  messages= 200000  time_ms= 428.308253  throughput_Mtransfer_s= 0.4669534117055643  count= 200000  checksum= 5000100000  valid= True

block=7 position=2 command=['/tmp/mostream-ms-bench-8evqzlt5/MICHAELSCOTT', '50000', '4', '8', '1024', '0']
[36m{MoStream} Starting pipeline execution with 2 stages and total parallelism of 8 nodes[0m
[36m{MoStream} Cooperative MoStream runtime is used[0m
[36m{MoStream} CPU pinning is disabled[0m
[36m{MoStream} Pipeline starts...[0m
[36m{MoStream} ...terminated successfully![0m
PIPE_COOP_MPMC_RESULT backend= MICHAELSCOTT  producers= 4  consumers= 4  workers= 8  capacity= 1024  work_iterations= 0  messages= 200000  time_ms= 416.796654  throughput_Mtransfer_s= 0.4798503012934456  count= 200000  checksum= 5000100000  valid= True

block=7 position=3 command=['/tmp/mostream-ms-bench-8evqzlt5/SCQ', '50000', '4', '8', '1024', '0']
[36m{MoStream} Starting pipeline execution with 2 stages and total parallelism of 8 nodes[0m
[36m{MoStream} Cooperative MoStream runtime is used[0m
[36m{MoStream} CPU pinning is disabled[0m
[36m{MoStream} Pipeline starts...[0m
[36m{MoStream} ...terminated successfully![0m
PIPE_COOP_MPMC_RESULT backend= SCQ  producers= 4  consumers= 4  workers= 8  capacity= 1024  work_iterations= 0  messages= 200000  time_ms= 424.118647  throughput_Mtransfer_s= 0.4715661558733587  count= 200000  checksum= 5000100000  valid= True

block=7 position=0 command=['/tmp/mostream-ms-bench-8evqzlt5/PADDEDFAA', '50000', '4', '1', '1024', '0']
[36m{MoStream} Starting pipeline execution with 2 stages and total parallelism of 8 nodes[0m
[36m{MoStream} Cooperative MoStream runtime is used[0m
[36m{MoStream} CPU pinning is disabled[0m
[36m{MoStream} Pipeline starts...[0m
[36m{MoStream} ...terminated successfully![0m
PIPE_COOP_MPMC_RESULT backend= PADDEDFAA  producers= 4  consumers= 4  workers= 1  capacity= 1024  work_iterations= 0  messages= 200000  time_ms= 226.305078  throughput_Mtransfer_s= 0.8837627585183926  count= 200000  checksum= 5000100000  valid= True

block=7 position=1 command=['/tmp/mostream-ms-bench-8evqzlt5/MICHAELSCOTT', '50000', '4', '1', '1024', '0']
[36m{MoStream} Starting pipeline execution with 2 stages and total parallelism of 8 nodes[0m
[36m{MoStream} Cooperative MoStream runtime is used[0m
[36m{MoStream} CPU pinning is disabled[0m
[36m{MoStream} Pipeline starts...[0m
[36m{MoStream} ...terminated successfully![0m
PIPE_COOP_MPMC_RESULT backend= MICHAELSCOTT  producers= 4  consumers= 4  workers= 1  capacity= 1024  work_iterations= 0  messages= 200000  time_ms= 236.525543  throughput_Mtransfer_s= 0.8455746363089419  count= 200000  checksum= 5000100000  valid= True

block=7 position=2 command=['/tmp/mostream-ms-bench-8evqzlt5/SCQ', '50000', '4', '1', '1024', '0']
[36m{MoStream} Starting pipeline execution with 2 stages and total parallelism of 8 nodes[0m
[36m{MoStream} Cooperative MoStream runtime is used[0m
[36m{MoStream} CPU pinning is disabled[0m
[36m{MoStream} Pipeline starts...[0m
[36m{MoStream} ...terminated successfully![0m
PIPE_COOP_MPMC_RESULT backend= SCQ  producers= 4  consumers= 4  workers= 1  capacity= 1024  work_iterations= 0  messages= 200000  time_ms= 244.33559  throughput_Mtransfer_s= 0.8185463280236825  count= 200000  checksum= 5000100000  valid= True

block=7 position=3 command=['/tmp/mostream-ms-bench-8evqzlt5/MPMC', '50000', '4', '1', '1024', '0']
[36m{MoStream} Starting pipeline execution with 2 stages and total parallelism of 8 nodes[0m
[36m{MoStream} Cooperative MoStream runtime is used[0m
[36m{MoStream} CPU pinning is disabled[0m
[36m{MoStream} Pipeline starts...[0m
[36m{MoStream} ...terminated successfully![0m
PIPE_COOP_MPMC_RESULT backend= MPMC  producers= 4  consumers= 4  workers= 1  capacity= 1024  work_iterations= 0  messages= 200000  time_ms= 219.121005  throughput_Mtransfer_s= 0.9127376903003891  count= 200000  checksum= 5000100000  valid= True

block=8 position=0 command=['/tmp/mostream-ms-bench-8evqzlt5/PADDEDFAA', '50000', '4', '1', '1024', '160']
[36m{MoStream} Starting pipeline execution with 2 stages and total parallelism of 8 nodes[0m
[36m{MoStream} Cooperative MoStream runtime is used[0m
[36m{MoStream} CPU pinning is disabled[0m
[36m{MoStream} Pipeline starts...[0m
[36m{MoStream} ...terminated successfully![0m
PIPE_COOP_MPMC_RESULT backend= PADDEDFAA  producers= 4  consumers= 4  workers= 1  capacity= 1024  work_iterations= 160  messages= 200000  time_ms= 304.151157  throughput_Mtransfer_s= 0.6575677764066503  count= 200000  checksum= 476513354054716080  valid= True

block=8 position=1 command=['/tmp/mostream-ms-bench-8evqzlt5/SCQ', '50000', '4', '1', '1024', '160']
[36m{MoStream} Starting pipeline execution with 2 stages and total parallelism of 8 nodes[0m
[36m{MoStream} Cooperative MoStream runtime is used[0m
[36m{MoStream} CPU pinning is disabled[0m
[36m{MoStream} Pipeline starts...[0m
[36m{MoStream} ...terminated successfully![0m
PIPE_COOP_MPMC_RESULT backend= SCQ  producers= 4  consumers= 4  workers= 1  capacity= 1024  work_iterations= 160  messages= 200000  time_ms= 324.291292  throughput_Mtransfer_s= 0.6167294803586647  count= 200000  checksum= 476513354054716080  valid= True

block=8 position=2 command=['/tmp/mostream-ms-bench-8evqzlt5/MICHAELSCOTT', '50000', '4', '1', '1024', '160']
[36m{MoStream} Starting pipeline execution with 2 stages and total parallelism of 8 nodes[0m
[36m{MoStream} Cooperative MoStream runtime is used[0m
[36m{MoStream} CPU pinning is disabled[0m
[36m{MoStream} Pipeline starts...[0m
[36m{MoStream} ...terminated successfully![0m
PIPE_COOP_MPMC_RESULT backend= MICHAELSCOTT  producers= 4  consumers= 4  workers= 1  capacity= 1024  work_iterations= 160  messages= 200000  time_ms= 314.31262  throughput_Mtransfer_s= 0.6363091625146963  count= 200000  checksum= 476513354054716080  valid= True

block=8 position=3 command=['/tmp/mostream-ms-bench-8evqzlt5/MPMC', '50000', '4', '1', '1024', '160']
[36m{MoStream} Starting pipeline execution with 2 stages and total parallelism of 8 nodes[0m
[36m{MoStream} Cooperative MoStream runtime is used[0m
[36m{MoStream} CPU pinning is disabled[0m
[36m{MoStream} Pipeline starts...[0m
[36m{MoStream} ...terminated successfully![0m
PIPE_COOP_MPMC_RESULT backend= MPMC  producers= 4  consumers= 4  workers= 1  capacity= 1024  work_iterations= 160  messages= 200000  time_ms= 303.620964  throughput_Mtransfer_s= 0.6587160430727043  count= 200000  checksum= 476513354054716080  valid= True

block=8 position=0 command=['/tmp/mostream-ms-bench-8evqzlt5/MICHAELSCOTT', '50000', '4', '1', '1024', '0']
[36m{MoStream} Starting pipeline execution with 2 stages and total parallelism of 8 nodes[0m
[36m{MoStream} Cooperative MoStream runtime is used[0m
[36m{MoStream} CPU pinning is disabled[0m
[36m{MoStream} Pipeline starts...[0m
[36m{MoStream} ...terminated successfully![0m
PIPE_COOP_MPMC_RESULT backend= MICHAELSCOTT  producers= 4  consumers= 4  workers= 1  capacity= 1024  work_iterations= 0  messages= 200000  time_ms= 235.123608  throughput_Mtransfer_s= 0.8506164127933933  count= 200000  checksum= 5000100000  valid= True

block=8 position=1 command=['/tmp/mostream-ms-bench-8evqzlt5/SCQ', '50000', '4', '1', '1024', '0']
[36m{MoStream} Starting pipeline execution with 2 stages and total parallelism of 8 nodes[0m
[36m{MoStream} Cooperative MoStream runtime is used[0m
[36m{MoStream} CPU pinning is disabled[0m
[36m{MoStream} Pipeline starts...[0m
[36m{MoStream} ...terminated successfully![0m
PIPE_COOP_MPMC_RESULT backend= SCQ  producers= 4  consumers= 4  workers= 1  capacity= 1024  work_iterations= 0  messages= 200000  time_ms= 235.752249  throughput_Mtransfer_s= 0.8483482166059845  count= 200000  checksum= 5000100000  valid= True

block=8 position=2 command=['/tmp/mostream-ms-bench-8evqzlt5/MPMC', '50000', '4', '1', '1024', '0']
[36m{MoStream} Starting pipeline execution with 2 stages and total parallelism of 8 nodes[0m
[36m{MoStream} Cooperative MoStream runtime is used[0m
[36m{MoStream} CPU pinning is disabled[0m
[36m{MoStream} Pipeline starts...[0m
[36m{MoStream} ...terminated successfully![0m
PIPE_COOP_MPMC_RESULT backend= MPMC  producers= 4  consumers= 4  workers= 1  capacity= 1024  work_iterations= 0  messages= 200000  time_ms= 224.004476  throughput_Mtransfer_s= 0.8928393020146616  count= 200000  checksum= 5000100000  valid= True

block=8 position=3 command=['/tmp/mostream-ms-bench-8evqzlt5/PADDEDFAA', '50000', '4', '1', '1024', '0']
[36m{MoStream} Starting pipeline execution with 2 stages and total parallelism of 8 nodes[0m
[36m{MoStream} Cooperative MoStream runtime is used[0m
[36m{MoStream} CPU pinning is disabled[0m
[36m{MoStream} Pipeline starts...[0m
[36m{MoStream} ...terminated successfully![0m
PIPE_COOP_MPMC_RESULT backend= PADDEDFAA  producers= 4  consumers= 4  workers= 1  capacity= 1024  work_iterations= 0  messages= 200000  time_ms= 221.030468  throughput_Mtransfer_s= 0.9048526287335191  count= 200000  checksum= 5000100000  valid= True

block=8 position=0 command=['/tmp/mostream-ms-bench-8evqzlt5/MICHAELSCOTT', '50000', '4', '4', '1024', '0']
[36m{MoStream} Starting pipeline execution with 2 stages and total parallelism of 8 nodes[0m
[36m{MoStream} Cooperative MoStream runtime is used[0m
[36m{MoStream} CPU pinning is disabled[0m
[36m{MoStream} Pipeline starts...[0m
[36m{MoStream} ...terminated successfully![0m
PIPE_COOP_MPMC_RESULT backend= MICHAELSCOTT  producers= 4  consumers= 4  workers= 4  capacity= 1024  work_iterations= 0  messages= 200000  time_ms= 434.868888  throughput_Mtransfer_s= 0.45990873460692366  count= 200000  checksum= 5000100000  valid= True

block=8 position=1 command=['/tmp/mostream-ms-bench-8evqzlt5/MPMC', '50000', '4', '4', '1024', '0']
[36m{MoStream} Starting pipeline execution with 2 stages and total parallelism of 8 nodes[0m
[36m{MoStream} Cooperative MoStream runtime is used[0m
[36m{MoStream} CPU pinning is disabled[0m
[36m{MoStream} Pipeline starts...[0m
[36m{MoStream} ...terminated successfully![0m
PIPE_COOP_MPMC_RESULT backend= MPMC  producers= 4  consumers= 4  workers= 4  capacity= 1024  work_iterations= 0  messages= 200000  time_ms= 420.625989  throughput_Mtransfer_s= 0.4754817943500871  count= 200000  checksum= 5000100000  valid= True

block=8 position=2 command=['/tmp/mostream-ms-bench-8evqzlt5/PADDEDFAA', '50000', '4', '4', '1024', '0']
[36m{MoStream} Starting pipeline execution with 2 stages and total parallelism of 8 nodes[0m
[36m{MoStream} Cooperative MoStream runtime is used[0m
[36m{MoStream} CPU pinning is disabled[0m
[36m{MoStream} Pipeline starts...[0m
[36m{MoStream} ...terminated successfully![0m
PIPE_COOP_MPMC_RESULT backend= PADDEDFAA  producers= 4  consumers= 4  workers= 4  capacity= 1024  work_iterations= 0  messages= 200000  time_ms= 441.90326  throughput_Mtransfer_s= 0.45258774510964234  count= 200000  checksum= 5000100000  valid= True

block=8 position=3 command=['/tmp/mostream-ms-bench-8evqzlt5/SCQ', '50000', '4', '4', '1024', '0']
[36m{MoStream} Starting pipeline execution with 2 stages and total parallelism of 8 nodes[0m
[36m{MoStream} Cooperative MoStream runtime is used[0m
[36m{MoStream} CPU pinning is disabled[0m
[36m{MoStream} Pipeline starts...[0m
[36m{MoStream} ...terminated successfully![0m
PIPE_COOP_MPMC_RESULT backend= SCQ  producers= 4  consumers= 4  workers= 4  capacity= 1024  work_iterations= 0  messages= 200000  time_ms= 454.947933  throughput_Mtransfer_s= 0.43961074552238927  count= 200000  checksum= 5000100000  valid= True

block=8 position=0 command=['/tmp/mostream-ms-bench-8evqzlt5/PADDEDFAA', '50000', '4', '8', '1024', '0']
[36m{MoStream} Starting pipeline execution with 2 stages and total parallelism of 8 nodes[0m
[36m{MoStream} Cooperative MoStream runtime is used[0m
[36m{MoStream} CPU pinning is disabled[0m
[36m{MoStream} Pipeline starts...[0m
[36m{MoStream} ...terminated successfully![0m
PIPE_COOP_MPMC_RESULT backend= PADDEDFAA  producers= 4  consumers= 4  workers= 8  capacity= 1024  work_iterations= 0  messages= 200000  time_ms= 414.699662  throughput_Mtransfer_s= 0.48227673742352845  count= 200000  checksum= 5000100000  valid= True

block=8 position=1 command=['/tmp/mostream-ms-bench-8evqzlt5/MICHAELSCOTT', '50000', '4', '8', '1024', '0']
[36m{MoStream} Starting pipeline execution with 2 stages and total parallelism of 8 nodes[0m
[36m{MoStream} Cooperative MoStream runtime is used[0m
[36m{MoStream} CPU pinning is disabled[0m
[36m{MoStream} Pipeline starts...[0m
[36m{MoStream} ...terminated successfully![0m
PIPE_COOP_MPMC_RESULT backend= MICHAELSCOTT  producers= 4  consumers= 4  workers= 8  capacity= 1024  work_iterations= 0  messages= 200000  time_ms= 405.010064  throughput_Mtransfer_s= 0.4938148894986471  count= 200000  checksum= 5000100000  valid= True

block=8 position=2 command=['/tmp/mostream-ms-bench-8evqzlt5/SCQ', '50000', '4', '8', '1024', '0']
[36m{MoStream} Starting pipeline execution with 2 stages and total parallelism of 8 nodes[0m
[36m{MoStream} Cooperative MoStream runtime is used[0m
[36m{MoStream} CPU pinning is disabled[0m
[36m{MoStream} Pipeline starts...[0m
[36m{MoStream} ...terminated successfully![0m
PIPE_COOP_MPMC_RESULT backend= SCQ  producers= 4  consumers= 4  workers= 8  capacity= 1024  work_iterations= 0  messages= 200000  time_ms= 413.80254  throughput_Mtransfer_s= 0.48332231116802715  count= 200000  checksum= 5000100000  valid= True

block=8 position=3 command=['/tmp/mostream-ms-bench-8evqzlt5/MPMC', '50000', '4', '8', '1024', '0']
[36m{MoStream} Starting pipeline execution with 2 stages and total parallelism of 8 nodes[0m
[36m{MoStream} Cooperative MoStream runtime is used[0m
[36m{MoStream} CPU pinning is disabled[0m
[36m{MoStream} Pipeline starts...[0m
[36m{MoStream} ...terminated successfully![0m
PIPE_COOP_MPMC_RESULT backend= MPMC  producers= 4  consumers= 4  workers= 8  capacity= 1024  work_iterations= 0  messages= 200000  time_ms= 414.340758  throughput_Mtransfer_s= 0.4826944879026359  count= 200000  checksum= 5000100000  valid= True

block=8 position=0 command=['/tmp/mostream-ms-bench-8evqzlt5/MPMC', '50000', '4', '8', '1024', '160']
[36m{MoStream} Starting pipeline execution with 2 stages and total parallelism of 8 nodes[0m
[36m{MoStream} Cooperative MoStream runtime is used[0m
[36m{MoStream} CPU pinning is disabled[0m
[36m{MoStream} Pipeline starts...[0m
[36m{MoStream} ...terminated successfully![0m
PIPE_COOP_MPMC_RESULT backend= MPMC  producers= 4  consumers= 4  workers= 8  capacity= 1024  work_iterations= 160  messages= 200000  time_ms= 440.022079  throughput_Mtransfer_s= 0.4545226468056391  count= 200000  checksum= 476513354054716080  valid= True

block=8 position=1 command=['/tmp/mostream-ms-bench-8evqzlt5/SCQ', '50000', '4', '8', '1024', '160']
[36m{MoStream} Starting pipeline execution with 2 stages and total parallelism of 8 nodes[0m
[36m{MoStream} Cooperative MoStream runtime is used[0m
[36m{MoStream} CPU pinning is disabled[0m
[36m{MoStream} Pipeline starts...[0m
[36m{MoStream} ...terminated successfully![0m
PIPE_COOP_MPMC_RESULT backend= SCQ  producers= 4  consumers= 4  workers= 8  capacity= 1024  work_iterations= 160  messages= 200000  time_ms= 476.215224  throughput_Mtransfer_s= 0.4199781735663285  count= 200000  checksum= 476513354054716080  valid= True

block=8 position=2 command=['/tmp/mostream-ms-bench-8evqzlt5/PADDEDFAA', '50000', '4', '8', '1024', '160']
[36m{MoStream} Starting pipeline execution with 2 stages and total parallelism of 8 nodes[0m
[36m{MoStream} Cooperative MoStream runtime is used[0m
[36m{MoStream} CPU pinning is disabled[0m
[36m{MoStream} Pipeline starts...[0m
[36m{MoStream} ...terminated successfully![0m
PIPE_COOP_MPMC_RESULT backend= PADDEDFAA  producers= 4  consumers= 4  workers= 8  capacity= 1024  work_iterations= 160  messages= 200000  time_ms= 425.94399  throughput_Mtransfer_s= 0.46954530336253836  count= 200000  checksum= 476513354054716080  valid= True

block=8 position=3 command=['/tmp/mostream-ms-bench-8evqzlt5/MICHAELSCOTT', '50000', '4', '8', '1024', '160']
[36m{MoStream} Starting pipeline execution with 2 stages and total parallelism of 8 nodes[0m
[36m{MoStream} Cooperative MoStream runtime is used[0m
[36m{MoStream} CPU pinning is disabled[0m
[36m{MoStream} Pipeline starts...[0m
[36m{MoStream} ...terminated successfully![0m
PIPE_COOP_MPMC_RESULT backend= MICHAELSCOTT  producers= 4  consumers= 4  workers= 8  capacity= 1024  work_iterations= 160  messages= 200000  time_ms= 456.613258  throughput_Mtransfer_s= 0.43800743078730314  count= 200000  checksum= 476513354054716080  valid= True

block=8 position=0 command=['/tmp/mostream-ms-bench-8evqzlt5/MICHAELSCOTT', '50000', '4', '2', '1024', '160']
[36m{MoStream} Starting pipeline execution with 2 stages and total parallelism of 8 nodes[0m
[36m{MoStream} Cooperative MoStream runtime is used[0m
[36m{MoStream} CPU pinning is disabled[0m
[36m{MoStream} Pipeline starts...[0m
[36m{MoStream} ...terminated successfully![0m
PIPE_COOP_MPMC_RESULT backend= MICHAELSCOTT  producers= 4  consumers= 4  workers= 2  capacity= 1024  work_iterations= 160  messages= 200000  time_ms= 520.34989  throughput_Mtransfer_s= 0.3843567642533757  count= 200000  checksum= 476513354054716080  valid= True

block=8 position=1 command=['/tmp/mostream-ms-bench-8evqzlt5/MPMC', '50000', '4', '2', '1024', '160']
[36m{MoStream} Starting pipeline execution with 2 stages and total parallelism of 8 nodes[0m
[36m{MoStream} Cooperative MoStream runtime is used[0m
[36m{MoStream} CPU pinning is disabled[0m
[36m{MoStream} Pipeline starts...[0m
[36m{MoStream} ...terminated successfully![0m
PIPE_COOP_MPMC_RESULT backend= MPMC  producers= 4  consumers= 4  workers= 2  capacity= 1024  work_iterations= 160  messages= 200000  time_ms= 477.564294  throughput_Mtransfer_s= 0.418791778432246  count= 200000  checksum= 476513354054716080  valid= True

block=8 position=2 command=['/tmp/mostream-ms-bench-8evqzlt5/PADDEDFAA', '50000', '4', '2', '1024', '160']
[36m{MoStream} Starting pipeline execution with 2 stages and total parallelism of 8 nodes[0m
[36m{MoStream} Cooperative MoStream runtime is used[0m
[36m{MoStream} CPU pinning is disabled[0m
[36m{MoStream} Pipeline starts...[0m
[36m{MoStream} ...terminated successfully![0m
PIPE_COOP_MPMC_RESULT backend= PADDEDFAA  producers= 4  consumers= 4  workers= 2  capacity= 1024  work_iterations= 160  messages= 200000  time_ms= 466.773831  throughput_Mtransfer_s= 0.428473034941841  count= 200000  checksum= 476513354054716080  valid= True

block=8 position=3 command=['/tmp/mostream-ms-bench-8evqzlt5/SCQ', '50000', '4', '2', '1024', '160']
[36m{MoStream} Starting pipeline execution with 2 stages and total parallelism of 8 nodes[0m
[36m{MoStream} Cooperative MoStream runtime is used[0m
[36m{MoStream} CPU pinning is disabled[0m
[36m{MoStream} Pipeline starts...[0m
[36m{MoStream} ...terminated successfully![0m
PIPE_COOP_MPMC_RESULT backend= SCQ  producers= 4  consumers= 4  workers= 2  capacity= 1024  work_iterations= 160  messages= 200000  time_ms= 546.632226  throughput_Mtransfer_s= 0.36587670921545706  count= 200000  checksum= 476513354054716080  valid= True

block=8 position=0 command=['/tmp/mostream-ms-bench-8evqzlt5/SCQ', '50000', '4', '2', '1024', '0']
[36m{MoStream} Starting pipeline execution with 2 stages and total parallelism of 8 nodes[0m
[36m{MoStream} Cooperative MoStream runtime is used[0m
[36m{MoStream} CPU pinning is disabled[0m
[36m{MoStream} Pipeline starts...[0m
[36m{MoStream} ...terminated successfully![0m
PIPE_COOP_MPMC_RESULT backend= SCQ  producers= 4  consumers= 4  workers= 2  capacity= 1024  work_iterations= 0  messages= 200000  time_ms= 499.093963  throughput_Mtransfer_s= 0.40072614542925256  count= 200000  checksum= 5000100000  valid= True

block=8 position=1 command=['/tmp/mostream-ms-bench-8evqzlt5/MPMC', '50000', '4', '2', '1024', '0']
[36m{MoStream} Starting pipeline execution with 2 stages and total parallelism of 8 nodes[0m
[36m{MoStream} Cooperative MoStream runtime is used[0m
[36m{MoStream} CPU pinning is disabled[0m
[36m{MoStream} Pipeline starts...[0m
[36m{MoStream} ...terminated successfully![0m
PIPE_COOP_MPMC_RESULT backend= MPMC  producers= 4  consumers= 4  workers= 2  capacity= 1024  work_iterations= 0  messages= 200000  time_ms= 451.176962  throughput_Mtransfer_s= 0.44328504521469786  count= 200000  checksum= 5000100000  valid= True

block=8 position=2 command=['/tmp/mostream-ms-bench-8evqzlt5/PADDEDFAA', '50000', '4', '2', '1024', '0']
[36m{MoStream} Starting pipeline execution with 2 stages and total parallelism of 8 nodes[0m
[36m{MoStream} Cooperative MoStream runtime is used[0m
[36m{MoStream} CPU pinning is disabled[0m
[36m{MoStream} Pipeline starts...[0m
[36m{MoStream} ...terminated successfully![0m
PIPE_COOP_MPMC_RESULT backend= PADDEDFAA  producers= 4  consumers= 4  workers= 2  capacity= 1024  work_iterations= 0  messages= 200000  time_ms= 486.187398  throughput_Mtransfer_s= 0.4113640148278792  count= 200000  checksum= 5000100000  valid= True

block=8 position=3 command=['/tmp/mostream-ms-bench-8evqzlt5/MICHAELSCOTT', '50000', '4', '2', '1024', '0']
[36m{MoStream} Starting pipeline execution with 2 stages and total parallelism of 8 nodes[0m
[36m{MoStream} Cooperative MoStream runtime is used[0m
[36m{MoStream} CPU pinning is disabled[0m
[36m{MoStream} Pipeline starts...[0m
[36m{MoStream} ...terminated successfully![0m
PIPE_COOP_MPMC_RESULT backend= MICHAELSCOTT  producers= 4  consumers= 4  workers= 2  capacity= 1024  work_iterations= 0  messages= 200000  time_ms= 469.591552  throughput_Mtransfer_s= 0.4259020400775864  count= 200000  checksum= 5000100000  valid= True

block=8 position=0 command=['/tmp/mostream-ms-bench-8evqzlt5/PADDEDFAA', '50000', '4', '4', '1024', '160']
[36m{MoStream} Starting pipeline execution with 2 stages and total parallelism of 8 nodes[0m
[36m{MoStream} Cooperative MoStream runtime is used[0m
[36m{MoStream} CPU pinning is disabled[0m
[36m{MoStream} Pipeline starts...[0m
[36m{MoStream} ...terminated successfully![0m
PIPE_COOP_MPMC_RESULT backend= PADDEDFAA  producers= 4  consumers= 4  workers= 4  capacity= 1024  work_iterations= 160  messages= 200000  time_ms= 438.85265  throughput_Mtransfer_s= 0.4557338323011152  count= 200000  checksum= 476513354054716080  valid= True

block=8 position=1 command=['/tmp/mostream-ms-bench-8evqzlt5/MPMC', '50000', '4', '4', '1024', '160']
[36m{MoStream} Starting pipeline execution with 2 stages and total parallelism of 8 nodes[0m
[36m{MoStream} Cooperative MoStream runtime is used[0m
[36m{MoStream} CPU pinning is disabled[0m
[36m{MoStream} Pipeline starts...[0m
[36m{MoStream} ...terminated successfully![0m
PIPE_COOP_MPMC_RESULT backend= MPMC  producers= 4  consumers= 4  workers= 4  capacity= 1024  work_iterations= 160  messages= 200000  time_ms= 466.718035  throughput_Mtransfer_s= 0.4285242587636452  count= 200000  checksum= 476513354054716080  valid= True

block=8 position=2 command=['/tmp/mostream-ms-bench-8evqzlt5/SCQ', '50000', '4', '4', '1024', '160']
[36m{MoStream} Starting pipeline execution with 2 stages and total parallelism of 8 nodes[0m
[36m{MoStream} Cooperative MoStream runtime is used[0m
[36m{MoStream} CPU pinning is disabled[0m
[36m{MoStream} Pipeline starts...[0m
[36m{MoStream} ...terminated successfully![0m
PIPE_COOP_MPMC_RESULT backend= SCQ  producers= 4  consumers= 4  workers= 4  capacity= 1024  work_iterations= 160  messages= 200000  time_ms= 535.610919  throughput_Mtransfer_s= 0.37340538234994425  count= 200000  checksum= 476513354054716080  valid= True

block=8 position=3 command=['/tmp/mostream-ms-bench-8evqzlt5/MICHAELSCOTT', '50000', '4', '4', '1024', '160']
[36m{MoStream} Starting pipeline execution with 2 stages and total parallelism of 8 nodes[0m
[36m{MoStream} Cooperative MoStream runtime is used[0m
[36m{MoStream} CPU pinning is disabled[0m
[36m{MoStream} Pipeline starts...[0m
[36m{MoStream} ...terminated successfully![0m
PIPE_COOP_MPMC_RESULT backend= MICHAELSCOTT  producers= 4  consumers= 4  workers= 4  capacity= 1024  work_iterations= 160  messages= 200000  time_ms= 506.796022  throughput_Mtransfer_s= 0.39463608891547297  count= 200000  checksum= 476513354054716080  valid= True

block=9 position=0 command=['/tmp/mostream-ms-bench-8evqzlt5/MPMC', '50000', '4', '2', '1024', '0']
[36m{MoStream} Starting pipeline execution with 2 stages and total parallelism of 8 nodes[0m
[36m{MoStream} Cooperative MoStream runtime is used[0m
[36m{MoStream} CPU pinning is disabled[0m
[36m{MoStream} Pipeline starts...[0m
[36m{MoStream} ...terminated successfully![0m
PIPE_COOP_MPMC_RESULT backend= MPMC  producers= 4  consumers= 4  workers= 2  capacity= 1024  work_iterations= 0  messages= 200000  time_ms= 430.525757  throughput_Mtransfer_s= 0.46454828020893535  count= 200000  checksum= 5000100000  valid= True

block=9 position=1 command=['/tmp/mostream-ms-bench-8evqzlt5/PADDEDFAA', '50000', '4', '2', '1024', '0']
[36m{MoStream} Starting pipeline execution with 2 stages and total parallelism of 8 nodes[0m
[36m{MoStream} Cooperative MoStream runtime is used[0m
[36m{MoStream} CPU pinning is disabled[0m
[36m{MoStream} Pipeline starts...[0m
[36m{MoStream} ...terminated successfully![0m
PIPE_COOP_MPMC_RESULT backend= PADDEDFAA  producers= 4  consumers= 4  workers= 2  capacity= 1024  work_iterations= 0  messages= 200000  time_ms= 476.461649  throughput_Mtransfer_s= 0.4197609617054404  count= 200000  checksum= 5000100000  valid= True

block=9 position=2 command=['/tmp/mostream-ms-bench-8evqzlt5/MICHAELSCOTT', '50000', '4', '2', '1024', '0']
[36m{MoStream} Starting pipeline execution with 2 stages and total parallelism of 8 nodes[0m
[36m{MoStream} Cooperative MoStream runtime is used[0m
[36m{MoStream} CPU pinning is disabled[0m
[36m{MoStream} Pipeline starts...[0m
[36m{MoStream} ...terminated successfully![0m
PIPE_COOP_MPMC_RESULT backend= MICHAELSCOTT  producers= 4  consumers= 4  workers= 2  capacity= 1024  work_iterations= 0  messages= 200000  time_ms= 491.270251  throughput_Mtransfer_s= 0.40710789955811916  count= 200000  checksum= 5000100000  valid= True

block=9 position=3 command=['/tmp/mostream-ms-bench-8evqzlt5/SCQ', '50000', '4', '2', '1024', '0']
[36m{MoStream} Starting pipeline execution with 2 stages and total parallelism of 8 nodes[0m
[36m{MoStream} Cooperative MoStream runtime is used[0m
[36m{MoStream} CPU pinning is disabled[0m
[36m{MoStream} Pipeline starts...[0m
[36m{MoStream} ...terminated successfully![0m
PIPE_COOP_MPMC_RESULT backend= SCQ  producers= 4  consumers= 4  workers= 2  capacity= 1024  work_iterations= 0  messages= 200000  time_ms= 483.700558  throughput_Mtransfer_s= 0.4134789524059222  count= 200000  checksum= 5000100000  valid= True

block=9 position=0 command=['/tmp/mostream-ms-bench-8evqzlt5/MICHAELSCOTT', '50000', '4', '8', '1024', '0']
[36m{MoStream} Starting pipeline execution with 2 stages and total parallelism of 8 nodes[0m
[36m{MoStream} Cooperative MoStream runtime is used[0m
[36m{MoStream} CPU pinning is disabled[0m
[36m{MoStream} Pipeline starts...[0m
[36m{MoStream} ...terminated successfully![0m
PIPE_COOP_MPMC_RESULT backend= MICHAELSCOTT  producers= 4  consumers= 4  workers= 8  capacity= 1024  work_iterations= 0  messages= 200000  time_ms= 416.30652  throughput_Mtransfer_s= 0.48041524788033585  count= 200000  checksum= 5000100000  valid= True

block=9 position=1 command=['/tmp/mostream-ms-bench-8evqzlt5/SCQ', '50000', '4', '8', '1024', '0']
[36m{MoStream} Starting pipeline execution with 2 stages and total parallelism of 8 nodes[0m
[36m{MoStream} Cooperative MoStream runtime is used[0m
[36m{MoStream} CPU pinning is disabled[0m
[36m{MoStream} Pipeline starts...[0m
[36m{MoStream} ...terminated successfully![0m
PIPE_COOP_MPMC_RESULT backend= SCQ  producers= 4  consumers= 4  workers= 8  capacity= 1024  work_iterations= 0  messages= 200000  time_ms= 414.22057  throughput_Mtransfer_s= 0.48283454392426717  count= 200000  checksum= 5000100000  valid= True

block=9 position=2 command=['/tmp/mostream-ms-bench-8evqzlt5/MPMC', '50000', '4', '8', '1024', '0']
[36m{MoStream} Starting pipeline execution with 2 stages and total parallelism of 8 nodes[0m
[36m{MoStream} Cooperative MoStream runtime is used[0m
[36m{MoStream} CPU pinning is disabled[0m
[36m{MoStream} Pipeline starts...[0m
[36m{MoStream} ...terminated successfully![0m
PIPE_COOP_MPMC_RESULT backend= MPMC  producers= 4  consumers= 4  workers= 8  capacity= 1024  work_iterations= 0  messages= 200000  time_ms= 407.446209  throughput_Mtransfer_s= 0.49086234104585813  count= 200000  checksum= 5000100000  valid= True

block=9 position=3 command=['/tmp/mostream-ms-bench-8evqzlt5/PADDEDFAA', '50000', '4', '8', '1024', '0']
[36m{MoStream} Starting pipeline execution with 2 stages and total parallelism of 8 nodes[0m
[36m{MoStream} Cooperative MoStream runtime is used[0m
[36m{MoStream} CPU pinning is disabled[0m
[36m{MoStream} Pipeline starts...[0m
[36m{MoStream} ...terminated successfully![0m
PIPE_COOP_MPMC_RESULT backend= PADDEDFAA  producers= 4  consumers= 4  workers= 8  capacity= 1024  work_iterations= 0  messages= 200000  time_ms= 430.861779  throughput_Mtransfer_s= 0.46418598666186167  count= 200000  checksum= 5000100000  valid= True

block=9 position=0 command=['/tmp/mostream-ms-bench-8evqzlt5/SCQ', '50000', '4', '1', '1024', '160']
[36m{MoStream} Starting pipeline execution with 2 stages and total parallelism of 8 nodes[0m
[36m{MoStream} Cooperative MoStream runtime is used[0m
[36m{MoStream} CPU pinning is disabled[0m
[36m{MoStream} Pipeline starts...[0m
[36m{MoStream} ...terminated successfully![0m
PIPE_COOP_MPMC_RESULT backend= SCQ  producers= 4  consumers= 4  workers= 1  capacity= 1024  work_iterations= 160  messages= 200000  time_ms= 322.077835  throughput_Mtransfer_s= 0.6209679098221708  count= 200000  checksum= 476513354054716080  valid= True

block=9 position=1 command=['/tmp/mostream-ms-bench-8evqzlt5/MICHAELSCOTT', '50000', '4', '1', '1024', '160']
[36m{MoStream} Starting pipeline execution with 2 stages and total parallelism of 8 nodes[0m
[36m{MoStream} Cooperative MoStream runtime is used[0m
[36m{MoStream} CPU pinning is disabled[0m
[36m{MoStream} Pipeline starts...[0m
[36m{MoStream} ...terminated successfully![0m
PIPE_COOP_MPMC_RESULT backend= MICHAELSCOTT  producers= 4  consumers= 4  workers= 1  capacity= 1024  work_iterations= 160  messages= 200000  time_ms= 320.901136  throughput_Mtransfer_s= 0.6232449111679056  count= 200000  checksum= 476513354054716080  valid= True

block=9 position=2 command=['/tmp/mostream-ms-bench-8evqzlt5/MPMC', '50000', '4', '1', '1024', '160']
[36m{MoStream} Starting pipeline execution with 2 stages and total parallelism of 8 nodes[0m
[36m{MoStream} Cooperative MoStream runtime is used[0m
[36m{MoStream} CPU pinning is disabled[0m
[36m{MoStream} Pipeline starts...[0m
[36m{MoStream} ...terminated successfully![0m
PIPE_COOP_MPMC_RESULT backend= MPMC  producers= 4  consumers= 4  workers= 1  capacity= 1024  work_iterations= 160  messages= 200000  time_ms= 302.324251  throughput_Mtransfer_s= 0.6615413726767159  count= 200000  checksum= 476513354054716080  valid= True

block=9 position=3 command=['/tmp/mostream-ms-bench-8evqzlt5/PADDEDFAA', '50000', '4', '1', '1024', '160']
[36m{MoStream} Starting pipeline execution with 2 stages and total parallelism of 8 nodes[0m
[36m{MoStream} Cooperative MoStream runtime is used[0m
[36m{MoStream} CPU pinning is disabled[0m
[36m{MoStream} Pipeline starts...[0m
[36m{MoStream} ...terminated successfully![0m
PIPE_COOP_MPMC_RESULT backend= PADDEDFAA  producers= 4  consumers= 4  workers= 1  capacity= 1024  work_iterations= 160  messages= 200000  time_ms= 308.388547  throughput_Mtransfer_s= 0.6485325150547825  count= 200000  checksum= 476513354054716080  valid= True

block=9 position=0 command=['/tmp/mostream-ms-bench-8evqzlt5/MPMC', '50000', '4', '4', '1024', '0']
[36m{MoStream} Starting pipeline execution with 2 stages and total parallelism of 8 nodes[0m
[36m{MoStream} Cooperative MoStream runtime is used[0m
[36m{MoStream} CPU pinning is disabled[0m
[36m{MoStream} Pipeline starts...[0m
[36m{MoStream} ...terminated successfully![0m
PIPE_COOP_MPMC_RESULT backend= MPMC  producers= 4  consumers= 4  workers= 4  capacity= 1024  work_iterations= 0  messages= 200000  time_ms= 413.497099  throughput_Mtransfer_s= 0.4836793304806233  count= 200000  checksum= 5000100000  valid= True

block=9 position=1 command=['/tmp/mostream-ms-bench-8evqzlt5/PADDEDFAA', '50000', '4', '4', '1024', '0']
[36m{MoStream} Starting pipeline execution with 2 stages and total parallelism of 8 nodes[0m
[36m{MoStream} Cooperative MoStream runtime is used[0m
[36m{MoStream} CPU pinning is disabled[0m
[36m{MoStream} Pipeline starts...[0m
[36m{MoStream} ...terminated successfully![0m
PIPE_COOP_MPMC_RESULT backend= PADDEDFAA  producers= 4  consumers= 4  workers= 4  capacity= 1024  work_iterations= 0  messages= 200000  time_ms= 422.3058  throughput_Mtransfer_s= 0.4735904645401508  count= 200000  checksum= 5000100000  valid= True

block=9 position=2 command=['/tmp/mostream-ms-bench-8evqzlt5/SCQ', '50000', '4', '4', '1024', '0']
[36m{MoStream} Starting pipeline execution with 2 stages and total parallelism of 8 nodes[0m
[36m{MoStream} Cooperative MoStream runtime is used[0m
[36m{MoStream} CPU pinning is disabled[0m
[36m{MoStream} Pipeline starts...[0m
[36m{MoStream} ...terminated successfully![0m
PIPE_COOP_MPMC_RESULT backend= SCQ  producers= 4  consumers= 4  workers= 4  capacity= 1024  work_iterations= 0  messages= 200000  time_ms= 469.413226  throughput_Mtransfer_s= 0.4260638365566632  count= 200000  checksum= 5000100000  valid= True

block=9 position=3 command=['/tmp/mostream-ms-bench-8evqzlt5/MICHAELSCOTT', '50000', '4', '4', '1024', '0']
[36m{MoStream} Starting pipeline execution with 2 stages and total parallelism of 8 nodes[0m
[36m{MoStream} Cooperative MoStream runtime is used[0m
[36m{MoStream} CPU pinning is disabled[0m
[36m{MoStream} Pipeline starts...[0m
[36m{MoStream} ...terminated successfully![0m
PIPE_COOP_MPMC_RESULT backend= MICHAELSCOTT  producers= 4  consumers= 4  workers= 4  capacity= 1024  work_iterations= 0  messages= 200000  time_ms= 452.388533  throughput_Mtransfer_s= 0.442097854854336  count= 200000  checksum= 5000100000  valid= True

block=9 position=0 command=['/tmp/mostream-ms-bench-8evqzlt5/SCQ', '50000', '4', '8', '1024', '160']
[36m{MoStream} Starting pipeline execution with 2 stages and total parallelism of 8 nodes[0m
[36m{MoStream} Cooperative MoStream runtime is used[0m
[36m{MoStream} CPU pinning is disabled[0m
[36m{MoStream} Pipeline starts...[0m
[36m{MoStream} ...terminated successfully![0m
PIPE_COOP_MPMC_RESULT backend= SCQ  producers= 4  consumers= 4  workers= 8  capacity= 1024  work_iterations= 160  messages= 200000  time_ms= 482.35468  throughput_Mtransfer_s= 0.4146326516413192  count= 200000  checksum= 476513354054716080  valid= True

block=9 position=1 command=['/tmp/mostream-ms-bench-8evqzlt5/PADDEDFAA', '50000', '4', '8', '1024', '160']
[36m{MoStream} Starting pipeline execution with 2 stages and total parallelism of 8 nodes[0m
[36m{MoStream} Cooperative MoStream runtime is used[0m
[36m{MoStream} CPU pinning is disabled[0m
[36m{MoStream} Pipeline starts...[0m
[36m{MoStream} ...terminated successfully![0m
PIPE_COOP_MPMC_RESULT backend= PADDEDFAA  producers= 4  consumers= 4  workers= 8  capacity= 1024  work_iterations= 160  messages= 200000  time_ms= 427.210641  throughput_Mtransfer_s= 0.46815313291786664  count= 200000  checksum= 476513354054716080  valid= True

block=9 position=2 command=['/tmp/mostream-ms-bench-8evqzlt5/MICHAELSCOTT', '50000', '4', '8', '1024', '160']
[36m{MoStream} Starting pipeline execution with 2 stages and total parallelism of 8 nodes[0m
[36m{MoStream} Cooperative MoStream runtime is used[0m
[36m{MoStream} CPU pinning is disabled[0m
[36m{MoStream} Pipeline starts...[0m
[36m{MoStream} ...terminated successfully![0m
PIPE_COOP_MPMC_RESULT backend= MICHAELSCOTT  producers= 4  consumers= 4  workers= 8  capacity= 1024  work_iterations= 160  messages= 200000  time_ms= 442.201051  throughput_Mtransfer_s= 0.45228295940888663  count= 200000  checksum= 476513354054716080  valid= True

block=9 position=3 command=['/tmp/mostream-ms-bench-8evqzlt5/MPMC', '50000', '4', '8', '1024', '160']
[36m{MoStream} Starting pipeline execution with 2 stages and total parallelism of 8 nodes[0m
[36m{MoStream} Cooperative MoStream runtime is used[0m
[36m{MoStream} CPU pinning is disabled[0m
[36m{MoStream} Pipeline starts...[0m
[36m{MoStream} ...terminated successfully![0m
PIPE_COOP_MPMC_RESULT backend= MPMC  producers= 4  consumers= 4  workers= 8  capacity= 1024  work_iterations= 160  messages= 200000  time_ms= 419.272603  throughput_Mtransfer_s= 0.4770166201391413  count= 200000  checksum= 476513354054716080  valid= True

block=9 position=0 command=['/tmp/mostream-ms-bench-8evqzlt5/SCQ', '50000', '4', '1', '1024', '0']
[36m{MoStream} Starting pipeline execution with 2 stages and total parallelism of 8 nodes[0m
[36m{MoStream} Cooperative MoStream runtime is used[0m
[36m{MoStream} CPU pinning is disabled[0m
[36m{MoStream} Pipeline starts...[0m
[36m{MoStream} ...terminated successfully![0m
PIPE_COOP_MPMC_RESULT backend= SCQ  producers= 4  consumers= 4  workers= 1  capacity= 1024  work_iterations= 0  messages= 200000  time_ms= 241.522366  throughput_Mtransfer_s= 0.8280806589978503  count= 200000  checksum= 5000100000  valid= True

block=9 position=1 command=['/tmp/mostream-ms-bench-8evqzlt5/MPMC', '50000', '4', '1', '1024', '0']
[36m{MoStream} Starting pipeline execution with 2 stages and total parallelism of 8 nodes[0m
[36m{MoStream} Cooperative MoStream runtime is used[0m
[36m{MoStream} CPU pinning is disabled[0m
[36m{MoStream} Pipeline starts...[0m
[36m{MoStream} ...terminated successfully![0m
PIPE_COOP_MPMC_RESULT backend= MPMC  producers= 4  consumers= 4  workers= 1  capacity= 1024  work_iterations= 0  messages= 200000  time_ms= 219.779143  throughput_Mtransfer_s= 0.9100044584303435  count= 200000  checksum= 5000100000  valid= True

block=9 position=2 command=['/tmp/mostream-ms-bench-8evqzlt5/PADDEDFAA', '50000', '4', '1', '1024', '0']
[36m{MoStream} Starting pipeline execution with 2 stages and total parallelism of 8 nodes[0m
[36m{MoStream} Cooperative MoStream runtime is used[0m
[36m{MoStream} CPU pinning is disabled[0m
[36m{MoStream} Pipeline starts...[0m
[36m{MoStream} ...terminated successfully![0m
PIPE_COOP_MPMC_RESULT backend= PADDEDFAA  producers= 4  consumers= 4  workers= 1  capacity= 1024  work_iterations= 0  messages= 200000  time_ms= 223.629083  throughput_Mtransfer_s= 0.8943380588829764  count= 200000  checksum= 5000100000  valid= True

block=9 position=3 command=['/tmp/mostream-ms-bench-8evqzlt5/MICHAELSCOTT', '50000', '4', '1', '1024', '0']
[36m{MoStream} Starting pipeline execution with 2 stages and total parallelism of 8 nodes[0m
[36m{MoStream} Cooperative MoStream runtime is used[0m
[36m{MoStream} CPU pinning is disabled[0m
[36m{MoStream} Pipeline starts...[0m
[36m{MoStream} ...terminated successfully![0m
PIPE_COOP_MPMC_RESULT backend= MICHAELSCOTT  producers= 4  consumers= 4  workers= 1  capacity= 1024  work_iterations= 0  messages= 200000  time_ms= 234.141669  throughput_Mtransfer_s= 0.8541837121695753  count= 200000  checksum= 5000100000  valid= True

block=9 position=0 command=['/tmp/mostream-ms-bench-8evqzlt5/MPMC', '50000', '4', '4', '1024', '160']
[36m{MoStream} Starting pipeline execution with 2 stages and total parallelism of 8 nodes[0m
[36m{MoStream} Cooperative MoStream runtime is used[0m
[36m{MoStream} CPU pinning is disabled[0m
[36m{MoStream} Pipeline starts...[0m
[36m{MoStream} ...terminated successfully![0m
PIPE_COOP_MPMC_RESULT backend= MPMC  producers= 4  consumers= 4  workers= 4  capacity= 1024  work_iterations= 160  messages= 200000  time_ms= 449.293621  throughput_Mtransfer_s= 0.4451431995737149  count= 200000  checksum= 476513354054716080  valid= True

block=9 position=1 command=['/tmp/mostream-ms-bench-8evqzlt5/SCQ', '50000', '4', '4', '1024', '160']
[36m{MoStream} Starting pipeline execution with 2 stages and total parallelism of 8 nodes[0m
[36m{MoStream} Cooperative MoStream runtime is used[0m
[36m{MoStream} CPU pinning is disabled[0m
[36m{MoStream} Pipeline starts...[0m
[36m{MoStream} ...terminated successfully![0m
PIPE_COOP_MPMC_RESULT backend= SCQ  producers= 4  consumers= 4  workers= 4  capacity= 1024  work_iterations= 160  messages= 200000  time_ms= 536.338413  throughput_Mtransfer_s= 0.37289889210303495  count= 200000  checksum= 476513354054716080  valid= True

block=9 position=2 command=['/tmp/mostream-ms-bench-8evqzlt5/MICHAELSCOTT', '50000', '4', '4', '1024', '160']
[36m{MoStream} Starting pipeline execution with 2 stages and total parallelism of 8 nodes[0m
[36m{MoStream} Cooperative MoStream runtime is used[0m
[36m{MoStream} CPU pinning is disabled[0m
[36m{MoStream} Pipeline starts...[0m
[36m{MoStream} ...terminated successfully![0m
PIPE_COOP_MPMC_RESULT backend= MICHAELSCOTT  producers= 4  consumers= 4  workers= 4  capacity= 1024  work_iterations= 160  messages= 200000  time_ms= 491.837831  throughput_Mtransfer_s= 0.4066380977513704  count= 200000  checksum= 476513354054716080  valid= True

block=9 position=3 command=['/tmp/mostream-ms-bench-8evqzlt5/PADDEDFAA', '50000', '4', '4', '1024', '160']
[36m{MoStream} Starting pipeline execution with 2 stages and total parallelism of 8 nodes[0m
[36m{MoStream} Cooperative MoStream runtime is used[0m
[36m{MoStream} CPU pinning is disabled[0m
[36m{MoStream} Pipeline starts...[0m
[36m{MoStream} ...terminated successfully![0m
PIPE_COOP_MPMC_RESULT backend= PADDEDFAA  producers= 4  consumers= 4  workers= 4  capacity= 1024  work_iterations= 160  messages= 200000  time_ms= 464.89396  throughput_Mtransfer_s= 0.4302056322693459  count= 200000  checksum= 476513354054716080  valid= True

block=9 position=0 command=['/tmp/mostream-ms-bench-8evqzlt5/MPMC', '50000', '4', '2', '1024', '160']
[36m{MoStream} Starting pipeline execution with 2 stages and total parallelism of 8 nodes[0m
[36m{MoStream} Cooperative MoStream runtime is used[0m
[36m{MoStream} CPU pinning is disabled[0m
[36m{MoStream} Pipeline starts...[0m
[36m{MoStream} ...terminated successfully![0m
PIPE_COOP_MPMC_RESULT backend= MPMC  producers= 4  consumers= 4  workers= 2  capacity= 1024  work_iterations= 160  messages= 200000  time_ms= 473.867674  throughput_Mtransfer_s= 0.4220587538959241  count= 200000  checksum= 476513354054716080  valid= True

block=9 position=1 command=['/tmp/mostream-ms-bench-8evqzlt5/PADDEDFAA', '50000', '4', '2', '1024', '160']
[36m{MoStream} Starting pipeline execution with 2 stages and total parallelism of 8 nodes[0m
[36m{MoStream} Cooperative MoStream runtime is used[0m
[36m{MoStream} CPU pinning is disabled[0m
[36m{MoStream} Pipeline starts...[0m
[36m{MoStream} ...terminated successfully![0m
PIPE_COOP_MPMC_RESULT backend= PADDEDFAA  producers= 4  consumers= 4  workers= 2  capacity= 1024  work_iterations= 160  messages= 200000  time_ms= 484.230931  throughput_Mtransfer_s= 0.41302607329724667  count= 200000  checksum= 476513354054716080  valid= True

block=9 position=2 command=['/tmp/mostream-ms-bench-8evqzlt5/SCQ', '50000', '4', '2', '1024', '160']
[36m{MoStream} Starting pipeline execution with 2 stages and total parallelism of 8 nodes[0m
[36m{MoStream} Cooperative MoStream runtime is used[0m
[36m{MoStream} CPU pinning is disabled[0m
[36m{MoStream} Pipeline starts...[0m
[36m{MoStream} ...terminated successfully![0m
PIPE_COOP_MPMC_RESULT backend= SCQ  producers= 4  consumers= 4  workers= 2  capacity= 1024  work_iterations= 160  messages= 200000  time_ms= 587.779444  throughput_Mtransfer_s= 0.3402636857099752  count= 200000  checksum= 476513354054716080  valid= True

block=9 position=3 command=['/tmp/mostream-ms-bench-8evqzlt5/MICHAELSCOTT', '50000', '4', '2', '1024', '160']
[36m{MoStream} Starting pipeline execution with 2 stages and total parallelism of 8 nodes[0m
[36m{MoStream} Cooperative MoStream runtime is used[0m
[36m{MoStream} CPU pinning is disabled[0m
[36m{MoStream} Pipeline starts...[0m
[36m{MoStream} ...terminated successfully![0m
PIPE_COOP_MPMC_RESULT backend= MICHAELSCOTT  producers= 4  consumers= 4  workers= 2  capacity= 1024  work_iterations= 160  messages= 200000  time_ms= 530.494023  throughput_Mtransfer_s= 0.377007075157942  count= 200000  checksum= 476513354054716080  valid= True

block=10 position=0 command=['/tmp/mostream-ms-bench-8evqzlt5/PADDEDFAA', '50000', '4', '2', '1024', '160']
[36m{MoStream} Starting pipeline execution with 2 stages and total parallelism of 8 nodes[0m
[36m{MoStream} Cooperative MoStream runtime is used[0m
[36m{MoStream} CPU pinning is disabled[0m
[36m{MoStream} Pipeline starts...[0m
[36m{MoStream} ...terminated successfully![0m
PIPE_COOP_MPMC_RESULT backend= PADDEDFAA  producers= 4  consumers= 4  workers= 2  capacity= 1024  work_iterations= 160  messages= 200000  time_ms= 479.194531  throughput_Mtransfer_s= 0.4173670337652497  count= 200000  checksum= 476513354054716080  valid= True

block=10 position=1 command=['/tmp/mostream-ms-bench-8evqzlt5/SCQ', '50000', '4', '2', '1024', '160']
[36m{MoStream} Starting pipeline execution with 2 stages and total parallelism of 8 nodes[0m
[36m{MoStream} Cooperative MoStream runtime is used[0m
[36m{MoStream} CPU pinning is disabled[0m
[36m{MoStream} Pipeline starts...[0m
[36m{MoStream} ...terminated successfully![0m
PIPE_COOP_MPMC_RESULT backend= SCQ  producers= 4  consumers= 4  workers= 2  capacity= 1024  work_iterations= 160  messages= 200000  time_ms= 531.550897  throughput_Mtransfer_s= 0.37625747812443255  count= 200000  checksum= 476513354054716080  valid= True

block=10 position=2 command=['/tmp/mostream-ms-bench-8evqzlt5/MICHAELSCOTT', '50000', '4', '2', '1024', '160']
[36m{MoStream} Starting pipeline execution with 2 stages and total parallelism of 8 nodes[0m
[36m{MoStream} Cooperative MoStream runtime is used[0m
[36m{MoStream} CPU pinning is disabled[0m
[36m{MoStream} Pipeline starts...[0m
[36m{MoStream} ...terminated successfully![0m
PIPE_COOP_MPMC_RESULT backend= MICHAELSCOTT  producers= 4  consumers= 4  workers= 2  capacity= 1024  work_iterations= 160  messages= 200000  time_ms= 519.512204  throughput_Mtransfer_s= 0.38497651924265475  count= 200000  checksum= 476513354054716080  valid= True

block=10 position=3 command=['/tmp/mostream-ms-bench-8evqzlt5/MPMC', '50000', '4', '2', '1024', '160']
[36m{MoStream} Starting pipeline execution with 2 stages and total parallelism of 8 nodes[0m
[36m{MoStream} Cooperative MoStream runtime is used[0m
[36m{MoStream} CPU pinning is disabled[0m
[36m{MoStream} Pipeline starts...[0m
[36m{MoStream} ...terminated successfully![0m
PIPE_COOP_MPMC_RESULT backend= MPMC  producers= 4  consumers= 4  workers= 2  capacity= 1024  work_iterations= 160  messages= 200000  time_ms= 466.080324  throughput_Mtransfer_s= 0.42911058395161944  count= 200000  checksum= 476513354054716080  valid= True

block=10 position=0 command=['/tmp/mostream-ms-bench-8evqzlt5/MPMC', '50000', '4', '1', '1024', '0']
[36m{MoStream} Starting pipeline execution with 2 stages and total parallelism of 8 nodes[0m
[36m{MoStream} Cooperative MoStream runtime is used[0m
[36m{MoStream} CPU pinning is disabled[0m
[36m{MoStream} Pipeline starts...[0m
[36m{MoStream} ...terminated successfully![0m
PIPE_COOP_MPMC_RESULT backend= MPMC  producers= 4  consumers= 4  workers= 1  capacity= 1024  work_iterations= 0  messages= 200000  time_ms= 218.893949  throughput_Mtransfer_s= 0.9136844618761024  count= 200000  checksum= 5000100000  valid= True

block=10 position=1 command=['/tmp/mostream-ms-bench-8evqzlt5/PADDEDFAA', '50000', '4', '1', '1024', '0']
[36m{MoStream} Starting pipeline execution with 2 stages and total parallelism of 8 nodes[0m
[36m{MoStream} Cooperative MoStream runtime is used[0m
[36m{MoStream} CPU pinning is disabled[0m
[36m{MoStream} Pipeline starts...[0m
[36m{MoStream} ...terminated successfully![0m
PIPE_COOP_MPMC_RESULT backend= PADDEDFAA  producers= 4  consumers= 4  workers= 1  capacity= 1024  work_iterations= 0  messages= 200000  time_ms= 220.210704  throughput_Mtransfer_s= 0.9082210644946669  count= 200000  checksum= 5000100000  valid= True

block=10 position=2 command=['/tmp/mostream-ms-bench-8evqzlt5/MICHAELSCOTT', '50000', '4', '1', '1024', '0']
[36m{MoStream} Starting pipeline execution with 2 stages and total parallelism of 8 nodes[0m
[36m{MoStream} Cooperative MoStream runtime is used[0m
[36m{MoStream} CPU pinning is disabled[0m
[36m{MoStream} Pipeline starts...[0m
[36m{MoStream} ...terminated successfully![0m
PIPE_COOP_MPMC_RESULT backend= MICHAELSCOTT  producers= 4  consumers= 4  workers= 1  capacity= 1024  work_iterations= 0  messages= 200000  time_ms= 239.196261  throughput_Mtransfer_s= 0.8361334711665915  count= 200000  checksum= 5000100000  valid= True

block=10 position=3 command=['/tmp/mostream-ms-bench-8evqzlt5/SCQ', '50000', '4', '1', '1024', '0']
[36m{MoStream} Starting pipeline execution with 2 stages and total parallelism of 8 nodes[0m
[36m{MoStream} Cooperative MoStream runtime is used[0m
[36m{MoStream} CPU pinning is disabled[0m
[36m{MoStream} Pipeline starts...[0m
[36m{MoStream} ...terminated successfully![0m
PIPE_COOP_MPMC_RESULT backend= SCQ  producers= 4  consumers= 4  workers= 1  capacity= 1024  work_iterations= 0  messages= 200000  time_ms= 236.291381  throughput_Mtransfer_s= 0.8464125909019085  count= 200000  checksum= 5000100000  valid= True

block=10 position=0 command=['/tmp/mostream-ms-bench-8evqzlt5/SCQ', '50000', '4', '4', '1024', '160']
[36m{MoStream} Starting pipeline execution with 2 stages and total parallelism of 8 nodes[0m
[36m{MoStream} Cooperative MoStream runtime is used[0m
[36m{MoStream} CPU pinning is disabled[0m
[36m{MoStream} Pipeline starts...[0m
[36m{MoStream} ...terminated successfully![0m
PIPE_COOP_MPMC_RESULT backend= SCQ  producers= 4  consumers= 4  workers= 4  capacity= 1024  work_iterations= 160  messages= 200000  time_ms= 525.568165  throughput_Mtransfer_s= 0.38054055271783827  count= 200000  checksum= 476513354054716080  valid= True

block=10 position=1 command=['/tmp/mostream-ms-bench-8evqzlt5/MICHAELSCOTT', '50000', '4', '4', '1024', '160']
[36m{MoStream} Starting pipeline execution with 2 stages and total parallelism of 8 nodes[0m
[36m{MoStream} Cooperative MoStream runtime is used[0m
[36m{MoStream} CPU pinning is disabled[0m
[36m{MoStream} Pipeline starts...[0m
[36m{MoStream} ...terminated successfully![0m
PIPE_COOP_MPMC_RESULT backend= MICHAELSCOTT  producers= 4  consumers= 4  workers= 4  capacity= 1024  work_iterations= 160  messages= 200000  time_ms= 504.656448  throughput_Mtransfer_s= 0.3963092135107328  count= 200000  checksum= 476513354054716080  valid= True

block=10 position=2 command=['/tmp/mostream-ms-bench-8evqzlt5/PADDEDFAA', '50000', '4', '4', '1024', '160']
[36m{MoStream} Starting pipeline execution with 2 stages and total parallelism of 8 nodes[0m
[36m{MoStream} Cooperative MoStream runtime is used[0m
[36m{MoStream} CPU pinning is disabled[0m
[36m{MoStream} Pipeline starts...[0m
[36m{MoStream} ...terminated successfully![0m
PIPE_COOP_MPMC_RESULT backend= PADDEDFAA  producers= 4  consumers= 4  workers= 4  capacity= 1024  work_iterations= 160  messages= 200000  time_ms= 414.921218  throughput_Mtransfer_s= 0.4820192155128591  count= 200000  checksum= 476513354054716080  valid= True

block=10 position=3 command=['/tmp/mostream-ms-bench-8evqzlt5/MPMC', '50000', '4', '4', '1024', '160']
[36m{MoStream} Starting pipeline execution with 2 stages and total parallelism of 8 nodes[0m
[36m{MoStream} Cooperative MoStream runtime is used[0m
[36m{MoStream} CPU pinning is disabled[0m
[36m{MoStream} Pipeline starts...[0m
[36m{MoStream} ...terminated successfully![0m
PIPE_COOP_MPMC_RESULT backend= MPMC  producers= 4  consumers= 4  workers= 4  capacity= 1024  work_iterations= 160  messages= 200000  time_ms= 446.972969  throughput_Mtransfer_s= 0.44745435154043955  count= 200000  checksum= 476513354054716080  valid= True

block=10 position=0 command=['/tmp/mostream-ms-bench-8evqzlt5/MICHAELSCOTT', '50000', '4', '1', '1024', '160']
[36m{MoStream} Starting pipeline execution with 2 stages and total parallelism of 8 nodes[0m
[36m{MoStream} Cooperative MoStream runtime is used[0m
[36m{MoStream} CPU pinning is disabled[0m
[36m{MoStream} Pipeline starts...[0m
[36m{MoStream} ...terminated successfully![0m
PIPE_COOP_MPMC_RESULT backend= MICHAELSCOTT  producers= 4  consumers= 4  workers= 1  capacity= 1024  work_iterations= 160  messages= 200000  time_ms= 314.610144  throughput_Mtransfer_s= 0.6357074106294551  count= 200000  checksum= 476513354054716080  valid= True

block=10 position=1 command=['/tmp/mostream-ms-bench-8evqzlt5/MPMC', '50000', '4', '1', '1024', '160']
[36m{MoStream} Starting pipeline execution with 2 stages and total parallelism of 8 nodes[0m
[36m{MoStream} Cooperative MoStream runtime is used[0m
[36m{MoStream} CPU pinning is disabled[0m
[36m{MoStream} Pipeline starts...[0m
[36m{MoStream} ...terminated successfully![0m
PIPE_COOP_MPMC_RESULT backend= MPMC  producers= 4  consumers= 4  workers= 1  capacity= 1024  work_iterations= 160  messages= 200000  time_ms= 311.100258  throughput_Mtransfer_s= 0.6428795697109323  count= 200000  checksum= 476513354054716080  valid= True

block=10 position=2 command=['/tmp/mostream-ms-bench-8evqzlt5/PADDEDFAA', '50000', '4', '1', '1024', '160']
[36m{MoStream} Starting pipeline execution with 2 stages and total parallelism of 8 nodes[0m
[36m{MoStream} Cooperative MoStream runtime is used[0m
[36m{MoStream} CPU pinning is disabled[0m
[36m{MoStream} Pipeline starts...[0m
[36m{MoStream} ...terminated successfully![0m
PIPE_COOP_MPMC_RESULT backend= PADDEDFAA  producers= 4  consumers= 4  workers= 1  capacity= 1024  work_iterations= 160  messages= 200000  time_ms= 304.108874  throughput_Mtransfer_s= 0.6576592039862671  count= 200000  checksum= 476513354054716080  valid= True

block=10 position=3 command=['/tmp/mostream-ms-bench-8evqzlt5/SCQ', '50000', '4', '1', '1024', '160']
[36m{MoStream} Starting pipeline execution with 2 stages and total parallelism of 8 nodes[0m
[36m{MoStream} Cooperative MoStream runtime is used[0m
[36m{MoStream} CPU pinning is disabled[0m
[36m{MoStream} Pipeline starts...[0m
[36m{MoStream} ...terminated successfully![0m
PIPE_COOP_MPMC_RESULT backend= SCQ  producers= 4  consumers= 4  workers= 1  capacity= 1024  work_iterations= 160  messages= 200000  time_ms= 329.589012  throughput_Mtransfer_s= 0.6068163461711521  count= 200000  checksum= 476513354054716080  valid= True

block=10 position=0 command=['/tmp/mostream-ms-bench-8evqzlt5/PADDEDFAA', '50000', '4', '2', '1024', '0']
[36m{MoStream} Starting pipeline execution with 2 stages and total parallelism of 8 nodes[0m
[36m{MoStream} Cooperative MoStream runtime is used[0m
[36m{MoStream} CPU pinning is disabled[0m
[36m{MoStream} Pipeline starts...[0m
[36m{MoStream} ...terminated successfully![0m
PIPE_COOP_MPMC_RESULT backend= PADDEDFAA  producers= 4  consumers= 4  workers= 2  capacity= 1024  work_iterations= 0  messages= 200000  time_ms= 448.926357  throughput_Mtransfer_s= 0.4455073685949787  count= 200000  checksum= 5000100000  valid= True

block=10 position=1 command=['/tmp/mostream-ms-bench-8evqzlt5/MICHAELSCOTT', '50000', '4', '2', '1024', '0']
[36m{MoStream} Starting pipeline execution with 2 stages and total parallelism of 8 nodes[0m
[36m{MoStream} Cooperative MoStream runtime is used[0m
[36m{MoStream} CPU pinning is disabled[0m
[36m{MoStream} Pipeline starts...[0m
[36m{MoStream} ...terminated successfully![0m
PIPE_COOP_MPMC_RESULT backend= MICHAELSCOTT  producers= 4  consumers= 4  workers= 2  capacity= 1024  work_iterations= 0  messages= 200000  time_ms= 493.15369  throughput_Mtransfer_s= 0.4055530842727751  count= 200000  checksum= 5000100000  valid= True

block=10 position=2 command=['/tmp/mostream-ms-bench-8evqzlt5/SCQ', '50000', '4', '2', '1024', '0']
[36m{MoStream} Starting pipeline execution with 2 stages and total parallelism of 8 nodes[0m
[36m{MoStream} Cooperative MoStream runtime is used[0m
[36m{MoStream} CPU pinning is disabled[0m
[36m{MoStream} Pipeline starts...[0m
[36m{MoStream} ...terminated successfully![0m
PIPE_COOP_MPMC_RESULT backend= SCQ  producers= 4  consumers= 4  workers= 2  capacity= 1024  work_iterations= 0  messages= 200000  time_ms= 507.235603  throughput_Mtransfer_s= 0.3942940890133061  count= 200000  checksum= 5000100000  valid= True

block=10 position=3 command=['/tmp/mostream-ms-bench-8evqzlt5/MPMC', '50000', '4', '2', '1024', '0']
[36m{MoStream} Starting pipeline execution with 2 stages and total parallelism of 8 nodes[0m
[36m{MoStream} Cooperative MoStream runtime is used[0m
[36m{MoStream} CPU pinning is disabled[0m
[36m{MoStream} Pipeline starts...[0m
[36m{MoStream} ...terminated successfully![0m
PIPE_COOP_MPMC_RESULT backend= MPMC  producers= 4  consumers= 4  workers= 2  capacity= 1024  work_iterations= 0  messages= 200000  time_ms= 467.452623  throughput_Mtransfer_s= 0.42785084553905695  count= 200000  checksum= 5000100000  valid= True

block=10 position=0 command=['/tmp/mostream-ms-bench-8evqzlt5/PADDEDFAA', '50000', '4', '8', '1024', '160']
[36m{MoStream} Starting pipeline execution with 2 stages and total parallelism of 8 nodes[0m
[36m{MoStream} Cooperative MoStream runtime is used[0m
[36m{MoStream} CPU pinning is disabled[0m
[36m{MoStream} Pipeline starts...[0m
[36m{MoStream} ...terminated successfully![0m
PIPE_COOP_MPMC_RESULT backend= PADDEDFAA  producers= 4  consumers= 4  workers= 8  capacity= 1024  work_iterations= 160  messages= 200000  time_ms= 432.136909  throughput_Mtransfer_s= 0.46281628769645317  count= 200000  checksum= 476513354054716080  valid= True

block=10 position=1 command=['/tmp/mostream-ms-bench-8evqzlt5/MICHAELSCOTT', '50000', '4', '8', '1024', '160']
[36m{MoStream} Starting pipeline execution with 2 stages and total parallelism of 8 nodes[0m
[36m{MoStream} Cooperative MoStream runtime is used[0m
[36m{MoStream} CPU pinning is disabled[0m
[36m{MoStream} Pipeline starts...[0m
[36m{MoStream} ...terminated successfully![0m
PIPE_COOP_MPMC_RESULT backend= MICHAELSCOTT  producers= 4  consumers= 4  workers= 8  capacity= 1024  work_iterations= 160  messages= 200000  time_ms= 441.794049  throughput_Mtransfer_s= 0.45269962429937577  count= 200000  checksum= 476513354054716080  valid= True

block=10 position=2 command=['/tmp/mostream-ms-bench-8evqzlt5/MPMC', '50000', '4', '8', '1024', '160']
[36m{MoStream} Starting pipeline execution with 2 stages and total parallelism of 8 nodes[0m
[36m{MoStream} Cooperative MoStream runtime is used[0m
[36m{MoStream} CPU pinning is disabled[0m
[36m{MoStream} Pipeline starts...[0m
[36m{MoStream} ...terminated successfully![0m
PIPE_COOP_MPMC_RESULT backend= MPMC  producers= 4  consumers= 4  workers= 8  capacity= 1024  work_iterations= 160  messages= 200000  time_ms= 429.432037  throughput_Mtransfer_s= 0.46573143773155423  count= 200000  checksum= 476513354054716080  valid= True

block=10 position=3 command=['/tmp/mostream-ms-bench-8evqzlt5/SCQ', '50000', '4', '8', '1024', '160']
[36m{MoStream} Starting pipeline execution with 2 stages and total parallelism of 8 nodes[0m
[36m{MoStream} Cooperative MoStream runtime is used[0m
[36m{MoStream} CPU pinning is disabled[0m
[36m{MoStream} Pipeline starts...[0m
[36m{MoStream} ...terminated successfully![0m
PIPE_COOP_MPMC_RESULT backend= SCQ  producers= 4  consumers= 4  workers= 8  capacity= 1024  work_iterations= 160  messages= 200000  time_ms= 477.650839  throughput_Mtransfer_s= 0.4187158980369759  count= 200000  checksum= 476513354054716080  valid= True

block=10 position=0 command=['/tmp/mostream-ms-bench-8evqzlt5/SCQ', '50000', '4', '8', '1024', '0']
[36m{MoStream} Starting pipeline execution with 2 stages and total parallelism of 8 nodes[0m
[36m{MoStream} Cooperative MoStream runtime is used[0m
[36m{MoStream} CPU pinning is disabled[0m
[36m{MoStream} Pipeline starts...[0m
[36m{MoStream} ...terminated successfully![0m
PIPE_COOP_MPMC_RESULT backend= SCQ  producers= 4  consumers= 4  workers= 8  capacity= 1024  work_iterations= 0  messages= 200000  time_ms= 423.693863  throughput_Mtransfer_s= 0.472038935338556  count= 200000  checksum= 5000100000  valid= True

block=10 position=1 command=['/tmp/mostream-ms-bench-8evqzlt5/MPMC', '50000', '4', '8', '1024', '0']
[36m{MoStream} Starting pipeline execution with 2 stages and total parallelism of 8 nodes[0m
[36m{MoStream} Cooperative MoStream runtime is used[0m
[36m{MoStream} CPU pinning is disabled[0m
[36m{MoStream} Pipeline starts...[0m
[36m{MoStream} ...terminated successfully![0m
PIPE_COOP_MPMC_RESULT backend= MPMC  producers= 4  consumers= 4  workers= 8  capacity= 1024  work_iterations= 0  messages= 200000  time_ms= 414.373301  throughput_Mtransfer_s= 0.48265657926643296  count= 200000  checksum= 5000100000  valid= True

block=10 position=2 command=['/tmp/mostream-ms-bench-8evqzlt5/PADDEDFAA', '50000', '4', '8', '1024', '0']
[36m{MoStream} Starting pipeline execution with 2 stages and total parallelism of 8 nodes[0m
[36m{MoStream} Cooperative MoStream runtime is used[0m
[36m{MoStream} CPU pinning is disabled[0m
[36m{MoStream} Pipeline starts...[0m
[36m{MoStream} ...terminated successfully![0m
PIPE_COOP_MPMC_RESULT backend= PADDEDFAA  producers= 4  consumers= 4  workers= 8  capacity= 1024  work_iterations= 0  messages= 200000  time_ms= 432.798745  throughput_Mtransfer_s= 0.4621085488591239  count= 200000  checksum= 5000100000  valid= True

block=10 position=3 command=['/tmp/mostream-ms-bench-8evqzlt5/MICHAELSCOTT', '50000', '4', '8', '1024', '0']
[36m{MoStream} Starting pipeline execution with 2 stages and total parallelism of 8 nodes[0m
[36m{MoStream} Cooperative MoStream runtime is used[0m
[36m{MoStream} CPU pinning is disabled[0m
[36m{MoStream} Pipeline starts...[0m
[36m{MoStream} ...terminated successfully![0m
PIPE_COOP_MPMC_RESULT backend= MICHAELSCOTT  producers= 4  consumers= 4  workers= 8  capacity= 1024  work_iterations= 0  messages= 200000  time_ms= 401.150334  throughput_Mtransfer_s= 0.4985662058553838  count= 200000  checksum= 5000100000  valid= True

block=10 position=0 command=['/tmp/mostream-ms-bench-8evqzlt5/PADDEDFAA', '50000', '4', '4', '1024', '0']
[36m{MoStream} Starting pipeline execution with 2 stages and total parallelism of 8 nodes[0m
[36m{MoStream} Cooperative MoStream runtime is used[0m
[36m{MoStream} CPU pinning is disabled[0m
[36m{MoStream} Pipeline starts...[0m
[36m{MoStream} ...terminated successfully![0m
PIPE_COOP_MPMC_RESULT backend= PADDEDFAA  producers= 4  consumers= 4  workers= 4  capacity= 1024  work_iterations= 0  messages= 200000  time_ms= 430.383819  throughput_Mtransfer_s= 0.46470148544315976  count= 200000  checksum= 5000100000  valid= True

block=10 position=1 command=['/tmp/mostream-ms-bench-8evqzlt5/SCQ', '50000', '4', '4', '1024', '0']
[36m{MoStream} Starting pipeline execution with 2 stages and total parallelism of 8 nodes[0m
[36m{MoStream} Cooperative MoStream runtime is used[0m
[36m{MoStream} CPU pinning is disabled[0m
[36m{MoStream} Pipeline starts...[0m
[36m{MoStream} ...terminated successfully![0m
PIPE_COOP_MPMC_RESULT backend= SCQ  producers= 4  consumers= 4  workers= 4  capacity= 1024  work_iterations= 0  messages= 200000  time_ms= 438.51296  throughput_Mtransfer_s= 0.45608686229022743  count= 200000  checksum= 5000100000  valid= True

block=10 position=2 command=['/tmp/mostream-ms-bench-8evqzlt5/MICHAELSCOTT', '50000', '4', '4', '1024', '0']
[36m{MoStream} Starting pipeline execution with 2 stages and total parallelism of 8 nodes[0m
[36m{MoStream} Cooperative MoStream runtime is used[0m
[36m{MoStream} CPU pinning is disabled[0m
[36m{MoStream} Pipeline starts...[0m
[36m{MoStream} ...terminated successfully![0m
PIPE_COOP_MPMC_RESULT backend= MICHAELSCOTT  producers= 4  consumers= 4  workers= 4  capacity= 1024  work_iterations= 0  messages= 200000  time_ms= 433.046417  throughput_Mtransfer_s= 0.4618442553699734  count= 200000  checksum= 5000100000  valid= True

block=10 position=3 command=['/tmp/mostream-ms-bench-8evqzlt5/MPMC', '50000', '4', '4', '1024', '0']
[36m{MoStream} Starting pipeline execution with 2 stages and total parallelism of 8 nodes[0m
[36m{MoStream} Cooperative MoStream runtime is used[0m
[36m{MoStream} CPU pinning is disabled[0m
[36m{MoStream} Pipeline starts...[0m
[36m{MoStream} ...terminated successfully![0m
PIPE_COOP_MPMC_RESULT backend= MPMC  producers= 4  consumers= 4  workers= 4  capacity= 1024  work_iterations= 0  messages= 200000  time_ms= 423.486867  throughput_Mtransfer_s= 0.47226966308733254  count= 200000  checksum= 5000100000  valid= True

block=11 position=0 command=['/tmp/mostream-ms-bench-8evqzlt5/MICHAELSCOTT', '50000', '4', '2', '1024', '0']
[36m{MoStream} Starting pipeline execution with 2 stages and total parallelism of 8 nodes[0m
[36m{MoStream} Cooperative MoStream runtime is used[0m
[36m{MoStream} CPU pinning is disabled[0m
[36m{MoStream} Pipeline starts...[0m
[36m{MoStream} ...terminated successfully![0m
PIPE_COOP_MPMC_RESULT backend= MICHAELSCOTT  producers= 4  consumers= 4  workers= 2  capacity= 1024  work_iterations= 0  messages= 200000  time_ms= 502.165391  throughput_Mtransfer_s= 0.398275157118504  count= 200000  checksum= 5000100000  valid= True

block=11 position=1 command=['/tmp/mostream-ms-bench-8evqzlt5/SCQ', '50000', '4', '2', '1024', '0']
[36m{MoStream} Starting pipeline execution with 2 stages and total parallelism of 8 nodes[0m
[36m{MoStream} Cooperative MoStream runtime is used[0m
[36m{MoStream} CPU pinning is disabled[0m
[36m{MoStream} Pipeline starts...[0m
[36m{MoStream} ...terminated successfully![0m
PIPE_COOP_MPMC_RESULT backend= SCQ  producers= 4  consumers= 4  workers= 2  capacity= 1024  work_iterations= 0  messages= 200000  time_ms= 479.550499  throughput_Mtransfer_s= 0.41705722424866043  count= 200000  checksum= 5000100000  valid= True

block=11 position=2 command=['/tmp/mostream-ms-bench-8evqzlt5/MPMC', '50000', '4', '2', '1024', '0']
[36m{MoStream} Starting pipeline execution with 2 stages and total parallelism of 8 nodes[0m
[36m{MoStream} Cooperative MoStream runtime is used[0m
[36m{MoStream} CPU pinning is disabled[0m
[36m{MoStream} Pipeline starts...[0m
[36m{MoStream} ...terminated successfully![0m
PIPE_COOP_MPMC_RESULT backend= MPMC  producers= 4  consumers= 4  workers= 2  capacity= 1024  work_iterations= 0  messages= 200000  time_ms= 444.608231  throughput_Mtransfer_s= 0.4498342272030497  count= 200000  checksum= 5000100000  valid= True

block=11 position=3 command=['/tmp/mostream-ms-bench-8evqzlt5/PADDEDFAA', '50000', '4', '2', '1024', '0']
[36m{MoStream} Starting pipeline execution with 2 stages and total parallelism of 8 nodes[0m
[36m{MoStream} Cooperative MoStream runtime is used[0m
[36m{MoStream} CPU pinning is disabled[0m
[36m{MoStream} Pipeline starts...[0m
[36m{MoStream} ...terminated successfully![0m
PIPE_COOP_MPMC_RESULT backend= PADDEDFAA  producers= 4  consumers= 4  workers= 2  capacity= 1024  work_iterations= 0  messages= 200000  time_ms= 442.476943  throughput_Mtransfer_s= 0.45200095318865013  count= 200000  checksum= 5000100000  valid= True

block=11 position=0 command=['/tmp/mostream-ms-bench-8evqzlt5/MPMC', '50000', '4', '1', '1024', '160']
[36m{MoStream} Starting pipeline execution with 2 stages and total parallelism of 8 nodes[0m
[36m{MoStream} Cooperative MoStream runtime is used[0m
[36m{MoStream} CPU pinning is disabled[0m
[36m{MoStream} Pipeline starts...[0m
[36m{MoStream} ...terminated successfully![0m
PIPE_COOP_MPMC_RESULT backend= MPMC  producers= 4  consumers= 4  workers= 1  capacity= 1024  work_iterations= 160  messages= 200000  time_ms= 303.653883  throughput_Mtransfer_s= 0.6586446319212721  count= 200000  checksum= 476513354054716080  valid= True

block=11 position=1 command=['/tmp/mostream-ms-bench-8evqzlt5/PADDEDFAA', '50000', '4', '1', '1024', '160']
[36m{MoStream} Starting pipeline execution with 2 stages and total parallelism of 8 nodes[0m
[36m{MoStream} Cooperative MoStream runtime is used[0m
[36m{MoStream} CPU pinning is disabled[0m
[36m{MoStream} Pipeline starts...[0m
[36m{MoStream} ...terminated successfully![0m
PIPE_COOP_MPMC_RESULT backend= PADDEDFAA  producers= 4  consumers= 4  workers= 1  capacity= 1024  work_iterations= 160  messages= 200000  time_ms= 309.367698  throughput_Mtransfer_s= 0.6464799049576274  count= 200000  checksum= 476513354054716080  valid= True

block=11 position=2 command=['/tmp/mostream-ms-bench-8evqzlt5/SCQ', '50000', '4', '1', '1024', '160']
[36m{MoStream} Starting pipeline execution with 2 stages and total parallelism of 8 nodes[0m
[36m{MoStream} Cooperative MoStream runtime is used[0m
[36m{MoStream} CPU pinning is disabled[0m
[36m{MoStream} Pipeline starts...[0m
[36m{MoStream} ...terminated successfully![0m
PIPE_COOP_MPMC_RESULT backend= SCQ  producers= 4  consumers= 4  workers= 1  capacity= 1024  work_iterations= 160  messages= 200000  time_ms= 323.900683  throughput_Mtransfer_s= 0.6174732271249951  count= 200000  checksum= 476513354054716080  valid= True

block=11 position=3 command=['/tmp/mostream-ms-bench-8evqzlt5/MICHAELSCOTT', '50000', '4', '1', '1024', '160']
[36m{MoStream} Starting pipeline execution with 2 stages and total parallelism of 8 nodes[0m
[36m{MoStream} Cooperative MoStream runtime is used[0m
[36m{MoStream} CPU pinning is disabled[0m
[36m{MoStream} Pipeline starts...[0m
[36m{MoStream} ...terminated successfully![0m
PIPE_COOP_MPMC_RESULT backend= MICHAELSCOTT  producers= 4  consumers= 4  workers= 1  capacity= 1024  work_iterations= 160  messages= 200000  time_ms= 319.938176  throughput_Mtransfer_s= 0.625120773333408  count= 200000  checksum= 476513354054716080  valid= True

block=11 position=0 command=['/tmp/mostream-ms-bench-8evqzlt5/MICHAELSCOTT', '50000', '4', '8', '1024', '160']
[36m{MoStream} Starting pipeline execution with 2 stages and total parallelism of 8 nodes[0m
[36m{MoStream} Cooperative MoStream runtime is used[0m
[36m{MoStream} CPU pinning is disabled[0m
[36m{MoStream} Pipeline starts...[0m
[36m{MoStream} ...terminated successfully![0m
PIPE_COOP_MPMC_RESULT backend= MICHAELSCOTT  producers= 4  consumers= 4  workers= 8  capacity= 1024  work_iterations= 160  messages= 200000  time_ms= 443.712094  throughput_Mtransfer_s= 0.45074272868478543  count= 200000  checksum= 476513354054716080  valid= True

block=11 position=1 command=['/tmp/mostream-ms-bench-8evqzlt5/MPMC', '50000', '4', '8', '1024', '160']
[36m{MoStream} Starting pipeline execution with 2 stages and total parallelism of 8 nodes[0m
[36m{MoStream} Cooperative MoStream runtime is used[0m
[36m{MoStream} CPU pinning is disabled[0m
[36m{MoStream} Pipeline starts...[0m
[36m{MoStream} ...terminated successfully![0m
PIPE_COOP_MPMC_RESULT backend= MPMC  producers= 4  consumers= 4  workers= 8  capacity= 1024  work_iterations= 160  messages= 200000  time_ms= 432.63145  throughput_Mtransfer_s= 0.4622872424092146  count= 200000  checksum= 476513354054716080  valid= True

block=11 position=2 command=['/tmp/mostream-ms-bench-8evqzlt5/SCQ', '50000', '4', '8', '1024', '160']
[36m{MoStream} Starting pipeline execution with 2 stages and total parallelism of 8 nodes[0m
[36m{MoStream} Cooperative MoStream runtime is used[0m
[36m{MoStream} CPU pinning is disabled[0m
[36m{MoStream} Pipeline starts...[0m
[36m{MoStream} ...terminated successfully![0m
PIPE_COOP_MPMC_RESULT backend= SCQ  producers= 4  consumers= 4  workers= 8  capacity= 1024  work_iterations= 160  messages= 200000  time_ms= 481.321749  throughput_Mtransfer_s= 0.4155224658256612  count= 200000  checksum= 476513354054716080  valid= True

block=11 position=3 command=['/tmp/mostream-ms-bench-8evqzlt5/PADDEDFAA', '50000', '4', '8', '1024', '160']
[36m{MoStream} Starting pipeline execution with 2 stages and total parallelism of 8 nodes[0m
[36m{MoStream} Cooperative MoStream runtime is used[0m
[36m{MoStream} CPU pinning is disabled[0m
[36m{MoStream} Pipeline starts...[0m
[36m{MoStream} ...terminated successfully![0m
PIPE_COOP_MPMC_RESULT backend= PADDEDFAA  producers= 4  consumers= 4  workers= 8  capacity= 1024  work_iterations= 160  messages= 200000  time_ms= 436.646551  throughput_Mtransfer_s= 0.45803636726767594  count= 200000  checksum= 476513354054716080  valid= True

block=11 position=0 command=['/tmp/mostream-ms-bench-8evqzlt5/SCQ', '50000', '4', '2', '1024', '160']
[36m{MoStream} Starting pipeline execution with 2 stages and total parallelism of 8 nodes[0m
[36m{MoStream} Cooperative MoStream runtime is used[0m
[36m{MoStream} CPU pinning is disabled[0m
[36m{MoStream} Pipeline starts...[0m
[36m{MoStream} ...terminated successfully![0m
PIPE_COOP_MPMC_RESULT backend= SCQ  producers= 4  consumers= 4  workers= 2  capacity= 1024  work_iterations= 160  messages= 200000  time_ms= 634.651947  throughput_Mtransfer_s= 0.31513335923004737  count= 200000  checksum= 476513354054716080  valid= True

block=11 position=1 command=['/tmp/mostream-ms-bench-8evqzlt5/MICHAELSCOTT', '50000', '4', '2', '1024', '160']
[36m{MoStream} Starting pipeline execution with 2 stages and total parallelism of 8 nodes[0m
[36m{MoStream} Cooperative MoStream runtime is used[0m
[36m{MoStream} CPU pinning is disabled[0m
[36m{MoStream} Pipeline starts...[0m
[36m{MoStream} ...terminated successfully![0m
PIPE_COOP_MPMC_RESULT backend= MICHAELSCOTT  producers= 4  consumers= 4  workers= 2  capacity= 1024  work_iterations= 160  messages= 200000  time_ms= 512.050854  throughput_Mtransfer_s= 0.39058620533030103  count= 200000  checksum= 476513354054716080  valid= True

block=11 position=2 command=['/tmp/mostream-ms-bench-8evqzlt5/MPMC', '50000', '4', '2', '1024', '160']
[36m{MoStream} Starting pipeline execution with 2 stages and total parallelism of 8 nodes[0m
[36m{MoStream} Cooperative MoStream runtime is used[0m
[36m{MoStream} CPU pinning is disabled[0m
[36m{MoStream} Pipeline starts...[0m
[36m{MoStream} ...terminated successfully![0m
PIPE_COOP_MPMC_RESULT backend= MPMC  producers= 4  consumers= 4  workers= 2  capacity= 1024  work_iterations= 160  messages= 200000  time_ms= 473.414394  throughput_Mtransfer_s= 0.4224628624198528  count= 200000  checksum= 476513354054716080  valid= True

block=11 position=3 command=['/tmp/mostream-ms-bench-8evqzlt5/PADDEDFAA', '50000', '4', '2', '1024', '160']
[36m{MoStream} Starting pipeline execution with 2 stages and total parallelism of 8 nodes[0m
[36m{MoStream} Cooperative MoStream runtime is used[0m
[36m{MoStream} CPU pinning is disabled[0m
[36m{MoStream} Pipeline starts...[0m
[36m{MoStream} ...terminated successfully![0m
PIPE_COOP_MPMC_RESULT backend= PADDEDFAA  producers= 4  consumers= 4  workers= 2  capacity= 1024  work_iterations= 160  messages= 200000  time_ms= 476.581704  throughput_Mtransfer_s= 0.4196552203355251  count= 200000  checksum= 476513354054716080  valid= True

block=11 position=0 command=['/tmp/mostream-ms-bench-8evqzlt5/PADDEDFAA', '50000', '4', '1', '1024', '0']
[36m{MoStream} Starting pipeline execution with 2 stages and total parallelism of 8 nodes[0m
[36m{MoStream} Cooperative MoStream runtime is used[0m
[36m{MoStream} CPU pinning is disabled[0m
[36m{MoStream} Pipeline starts...[0m
[36m{MoStream} ...terminated successfully![0m
PIPE_COOP_MPMC_RESULT backend= PADDEDFAA  producers= 4  consumers= 4  workers= 1  capacity= 1024  work_iterations= 0  messages= 200000  time_ms= 223.090351  throughput_Mtransfer_s= 0.8964977602280969  count= 200000  checksum= 5000100000  valid= True

block=11 position=1 command=['/tmp/mostream-ms-bench-8evqzlt5/MICHAELSCOTT', '50000', '4', '1', '1024', '0']
[36m{MoStream} Starting pipeline execution with 2 stages and total parallelism of 8 nodes[0m
[36m{MoStream} Cooperative MoStream runtime is used[0m
[36m{MoStream} CPU pinning is disabled[0m
[36m{MoStream} Pipeline starts...[0m
[36m{MoStream} ...terminated successfully![0m
PIPE_COOP_MPMC_RESULT backend= MICHAELSCOTT  producers= 4  consumers= 4  workers= 1  capacity= 1024  work_iterations= 0  messages= 200000  time_ms= 234.583301  throughput_Mtransfer_s= 0.8525756059677922  count= 200000  checksum= 5000100000  valid= True

block=11 position=2 command=['/tmp/mostream-ms-bench-8evqzlt5/SCQ', '50000', '4', '1', '1024', '0']
[36m{MoStream} Starting pipeline execution with 2 stages and total parallelism of 8 nodes[0m
[36m{MoStream} Cooperative MoStream runtime is used[0m
[36m{MoStream} CPU pinning is disabled[0m
[36m{MoStream} Pipeline starts...[0m
[36m{MoStream} ...terminated successfully![0m
PIPE_COOP_MPMC_RESULT backend= SCQ  producers= 4  consumers= 4  workers= 1  capacity= 1024  work_iterations= 0  messages= 200000  time_ms= 246.234235  throughput_Mtransfer_s= 0.8122347406322277  count= 200000  checksum= 5000100000  valid= True

block=11 position=3 command=['/tmp/mostream-ms-bench-8evqzlt5/MPMC', '50000', '4', '1', '1024', '0']
[36m{MoStream} Starting pipeline execution with 2 stages and total parallelism of 8 nodes[0m
[36m{MoStream} Cooperative MoStream runtime is used[0m
[36m{MoStream} CPU pinning is disabled[0m
[36m{MoStream} Pipeline starts...[0m
[36m{MoStream} ...terminated successfully![0m
PIPE_COOP_MPMC_RESULT backend= MPMC  producers= 4  consumers= 4  workers= 1  capacity= 1024  work_iterations= 0  messages= 200000  time_ms= 225.642192  throughput_Mtransfer_s= 0.8863590546931045  count= 200000  checksum= 5000100000  valid= True

block=11 position=0 command=['/tmp/mostream-ms-bench-8evqzlt5/MPMC', '50000', '4', '8', '1024', '0']
[36m{MoStream} Starting pipeline execution with 2 stages and total parallelism of 8 nodes[0m
[36m{MoStream} Cooperative MoStream runtime is used[0m
[36m{MoStream} CPU pinning is disabled[0m
[36m{MoStream} Pipeline starts...[0m
[36m{MoStream} ...terminated successfully![0m
PIPE_COOP_MPMC_RESULT backend= MPMC  producers= 4  consumers= 4  workers= 8  capacity= 1024  work_iterations= 0  messages= 200000  time_ms= 402.593793  throughput_Mtransfer_s= 0.49677864755356527  count= 200000  checksum= 5000100000  valid= True

block=11 position=1 command=['/tmp/mostream-ms-bench-8evqzlt5/PADDEDFAA', '50000', '4', '8', '1024', '0']
[36m{MoStream} Starting pipeline execution with 2 stages and total parallelism of 8 nodes[0m
[36m{MoStream} Cooperative MoStream runtime is used[0m
[36m{MoStream} CPU pinning is disabled[0m
[36m{MoStream} Pipeline starts...[0m
[36m{MoStream} ...terminated successfully![0m
PIPE_COOP_MPMC_RESULT backend= PADDEDFAA  producers= 4  consumers= 4  workers= 8  capacity= 1024  work_iterations= 0  messages= 200000  time_ms= 426.331026  throughput_Mtransfer_s= 0.4691190361547836  count= 200000  checksum= 5000100000  valid= True

block=11 position=2 command=['/tmp/mostream-ms-bench-8evqzlt5/MICHAELSCOTT', '50000', '4', '8', '1024', '0']
[36m{MoStream} Starting pipeline execution with 2 stages and total parallelism of 8 nodes[0m
[36m{MoStream} Cooperative MoStream runtime is used[0m
[36m{MoStream} CPU pinning is disabled[0m
[36m{MoStream} Pipeline starts...[0m
[36m{MoStream} ...terminated successfully![0m
PIPE_COOP_MPMC_RESULT backend= MICHAELSCOTT  producers= 4  consumers= 4  workers= 8  capacity= 1024  work_iterations= 0  messages= 200000  time_ms= 419.858791  throughput_Mtransfer_s= 0.4763506309434402  count= 200000  checksum= 5000100000  valid= True

block=11 position=3 command=['/tmp/mostream-ms-bench-8evqzlt5/SCQ', '50000', '4', '8', '1024', '0']
[36m{MoStream} Starting pipeline execution with 2 stages and total parallelism of 8 nodes[0m
[36m{MoStream} Cooperative MoStream runtime is used[0m
[36m{MoStream} CPU pinning is disabled[0m
[36m{MoStream} Pipeline starts...[0m
[36m{MoStream} ...terminated successfully![0m
PIPE_COOP_MPMC_RESULT backend= SCQ  producers= 4  consumers= 4  workers= 8  capacity= 1024  work_iterations= 0  messages= 200000  time_ms= 446.03486  throughput_Mtransfer_s= 0.4483954460420425  count= 200000  checksum= 5000100000  valid= True

block=11 position=0 command=['/tmp/mostream-ms-bench-8evqzlt5/MICHAELSCOTT', '50000', '4', '4', '1024', '160']
[36m{MoStream} Starting pipeline execution with 2 stages and total parallelism of 8 nodes[0m
[36m{MoStream} Cooperative MoStream runtime is used[0m
[36m{MoStream} CPU pinning is disabled[0m
[36m{MoStream} Pipeline starts...[0m
[36m{MoStream} ...terminated successfully![0m
PIPE_COOP_MPMC_RESULT backend= MICHAELSCOTT  producers= 4  consumers= 4  workers= 4  capacity= 1024  work_iterations= 160  messages= 200000  time_ms= 502.093701  throughput_Mtransfer_s= 0.39833202368734755  count= 200000  checksum= 476513354054716080  valid= True

block=11 position=1 command=['/tmp/mostream-ms-bench-8evqzlt5/PADDEDFAA', '50000', '4', '4', '1024', '160']
[36m{MoStream} Starting pipeline execution with 2 stages and total parallelism of 8 nodes[0m
[36m{MoStream} Cooperative MoStream runtime is used[0m
[36m{MoStream} CPU pinning is disabled[0m
[36m{MoStream} Pipeline starts...[0m
[36m{MoStream} ...terminated successfully![0m
PIPE_COOP_MPMC_RESULT backend= PADDEDFAA  producers= 4  consumers= 4  workers= 4  capacity= 1024  work_iterations= 160  messages= 200000  time_ms= 430.387868  throughput_Mtransfer_s= 0.4646971136277475  count= 200000  checksum= 476513354054716080  valid= True

block=11 position=2 command=['/tmp/mostream-ms-bench-8evqzlt5/MPMC', '50000', '4', '4', '1024', '160']
[36m{MoStream} Starting pipeline execution with 2 stages and total parallelism of 8 nodes[0m
[36m{MoStream} Cooperative MoStream runtime is used[0m
[36m{MoStream} CPU pinning is disabled[0m
[36m{MoStream} Pipeline starts...[0m
[36m{MoStream} ...terminated successfully![0m
PIPE_COOP_MPMC_RESULT backend= MPMC  producers= 4  consumers= 4  workers= 4  capacity= 1024  work_iterations= 160  messages= 200000  time_ms= 452.969252  throughput_Mtransfer_s= 0.44153107328353497  count= 200000  checksum= 476513354054716080  valid= True

block=11 position=3 command=['/tmp/mostream-ms-bench-8evqzlt5/SCQ', '50000', '4', '4', '1024', '160']
[36m{MoStream} Starting pipeline execution with 2 stages and total parallelism of 8 nodes[0m
[36m{MoStream} Cooperative MoStream runtime is used[0m
[36m{MoStream} CPU pinning is disabled[0m
[36m{MoStream} Pipeline starts...[0m
[36m{MoStream} ...terminated successfully![0m
PIPE_COOP_MPMC_RESULT backend= SCQ  producers= 4  consumers= 4  workers= 4  capacity= 1024  work_iterations= 160  messages= 200000  time_ms= 545.779981  throughput_Mtransfer_s= 0.3664480321054502  count= 200000  checksum= 476513354054716080  valid= True

block=11 position=0 command=['/tmp/mostream-ms-bench-8evqzlt5/SCQ', '50000', '4', '4', '1024', '0']
[36m{MoStream} Starting pipeline execution with 2 stages and total parallelism of 8 nodes[0m
[36m{MoStream} Cooperative MoStream runtime is used[0m
[36m{MoStream} CPU pinning is disabled[0m
[36m{MoStream} Pipeline starts...[0m
[36m{MoStream} ...terminated successfully![0m
PIPE_COOP_MPMC_RESULT backend= SCQ  producers= 4  consumers= 4  workers= 4  capacity= 1024  work_iterations= 0  messages= 200000  time_ms= 472.996271  throughput_Mtransfer_s= 0.42283631449601855  count= 200000  checksum= 5000100000  valid= True

block=11 position=1 command=['/tmp/mostream-ms-bench-8evqzlt5/MICHAELSCOTT', '50000', '4', '4', '1024', '0']
[36m{MoStream} Starting pipeline execution with 2 stages and total parallelism of 8 nodes[0m
[36m{MoStream} Cooperative MoStream runtime is used[0m
[36m{MoStream} CPU pinning is disabled[0m
[36m{MoStream} Pipeline starts...[0m
[36m{MoStream} ...terminated successfully![0m
PIPE_COOP_MPMC_RESULT backend= MICHAELSCOTT  producers= 4  consumers= 4  workers= 4  capacity= 1024  work_iterations= 0  messages= 200000  time_ms= 438.378244  throughput_Mtransfer_s= 0.45622702024418893  count= 200000  checksum= 5000100000  valid= True

block=11 position=2 command=['/tmp/mostream-ms-bench-8evqzlt5/MPMC', '50000', '4', '4', '1024', '0']
[36m{MoStream} Starting pipeline execution with 2 stages and total parallelism of 8 nodes[0m
[36m{MoStream} Cooperative MoStream runtime is used[0m
[36m{MoStream} CPU pinning is disabled[0m
[36m{MoStream} Pipeline starts...[0m
[36m{MoStream} ...terminated successfully![0m
PIPE_COOP_MPMC_RESULT backend= MPMC  producers= 4  consumers= 4  workers= 4  capacity= 1024  work_iterations= 0  messages= 200000  time_ms= 430.393013  throughput_Mtransfer_s= 0.46469155854999905  count= 200000  checksum= 5000100000  valid= True

block=11 position=3 command=['/tmp/mostream-ms-bench-8evqzlt5/PADDEDFAA', '50000', '4', '4', '1024', '0']
[36m{MoStream} Starting pipeline execution with 2 stages and total parallelism of 8 nodes[0m
[36m{MoStream} Cooperative MoStream runtime is used[0m
[36m{MoStream} CPU pinning is disabled[0m
[36m{MoStream} Pipeline starts...[0m
[36m{MoStream} ...terminated successfully![0m
PIPE_COOP_MPMC_RESULT backend= PADDEDFAA  producers= 4  consumers= 4  workers= 4  capacity= 1024  work_iterations= 0  messages= 200000  time_ms= 430.057083  throughput_Mtransfer_s= 0.4650545425384844  count= 200000  checksum= 5000100000  valid= True

