block=-2 position=0 command=['/tmp/mostream-ms-bench-9v2x9dkz/SCQ', '50000', '4', '4', '1024', '160']
[36m{MoStream} Starting pipeline execution with 2 stages and total parallelism of 8 nodes[0m
[36m{MoStream} Cooperative MoStream runtime is used[0m
[36m{MoStream} CPU pinning is disabled[0m
[36m{MoStream} Pipeline starts...[0m
[36m{MoStream} ...terminated successfully![0m
PIPE_COOP_MPMC_RESULT backend= SCQ  producers= 4  consumers= 4  workers= 4  capacity= 1024  work_iterations= 160  messages= 200000  time_ms= 545.828022  throughput_Mtransfer_s= 0.36641577921772583  count= 200000  checksum= 476513354054716080  valid= True

block=-2 position=1 command=['/tmp/mostream-ms-bench-9v2x9dkz/MICHAELSCOTT', '50000', '4', '4', '1024', '160']
[36m{MoStream} Starting pipeline execution with 2 stages and total parallelism of 8 nodes[0m
[36m{MoStream} Cooperative MoStream runtime is used[0m
[36m{MoStream} CPU pinning is disabled[0m
[36m{MoStream} Pipeline starts...[0m
[36m{MoStream} ...terminated successfully![0m
PIPE_COOP_MPMC_RESULT backend= MICHAELSCOTT  producers= 4  consumers= 4  workers= 4  capacity= 1024  work_iterations= 160  messages= 200000  time_ms= 505.167999  throughput_Mtransfer_s= 0.39590789677079286  count= 200000  checksum= 476513354054716080  valid= True

block=-2 position=2 command=['/tmp/mostream-ms-bench-9v2x9dkz/NBLFQ', '50000', '4', '4', '1024', '160']
[36m{MoStream} Starting pipeline execution with 2 stages and total parallelism of 8 nodes[0m
[36m{MoStream} Cooperative MoStream runtime is used[0m
[36m{MoStream} CPU pinning is disabled[0m
[36m{MoStream} Pipeline starts...[0m
[36m{MoStream} ...terminated successfully![0m
PIPE_COOP_MPMC_RESULT backend= NBLFQ  producers= 4  consumers= 4  workers= 4  capacity= 1024  work_iterations= 160  messages= 200000  time_ms= 586.351986  throughput_Mtransfer_s= 0.3410920484202129  count= 200000  checksum= 476513354054716080  valid= True

block=-2 position=3 command=['/tmp/mostream-ms-bench-9v2x9dkz/MPMC', '50000', '4', '4', '1024', '160']
[36m{MoStream} Starting pipeline execution with 2 stages and total parallelism of 8 nodes[0m
[36m{MoStream} Cooperative MoStream runtime is used[0m
[36m{MoStream} CPU pinning is disabled[0m
[36m{MoStream} Pipeline starts...[0m
[36m{MoStream} ...terminated successfully![0m
PIPE_COOP_MPMC_RESULT backend= MPMC  producers= 4  consumers= 4  workers= 4  capacity= 1024  work_iterations= 160  messages= 200000  time_ms= 445.113829  throughput_Mtransfer_s= 0.4493232673748269  count= 200000  checksum= 476513354054716080  valid= True

block=-2 position=4 command=['/tmp/mostream-ms-bench-9v2x9dkz/PADDEDFAA', '50000', '4', '4', '1024', '160']
[36m{MoStream} Starting pipeline execution with 2 stages and total parallelism of 8 nodes[0m
[36m{MoStream} Cooperative MoStream runtime is used[0m
[36m{MoStream} CPU pinning is disabled[0m
[36m{MoStream} Pipeline starts...[0m
[36m{MoStream} ...terminated successfully![0m
PIPE_COOP_MPMC_RESULT backend= PADDEDFAA  producers= 4  consumers= 4  workers= 4  capacity= 1024  work_iterations= 160  messages= 200000  time_ms= 451.098229  throughput_Mtransfer_s= 0.44336241453078284  count= 200000  checksum= 476513354054716080  valid= True

block=-2 position=0 command=['/tmp/mostream-ms-bench-9v2x9dkz/MICHAELSCOTT', '50000', '4', '8', '1024', '160']
[36m{MoStream} Starting pipeline execution with 2 stages and total parallelism of 8 nodes[0m
[36m{MoStream} Cooperative MoStream runtime is used[0m
[36m{MoStream} CPU pinning is disabled[0m
[36m{MoStream} Pipeline starts...[0m
[36m{MoStream} ...terminated successfully![0m
PIPE_COOP_MPMC_RESULT backend= MICHAELSCOTT  producers= 4  consumers= 4  workers= 8  capacity= 1024  work_iterations= 160  messages= 200000  time_ms= 444.369859  throughput_Mtransfer_s= 0.45007553043781034  count= 200000  checksum= 476513354054716080  valid= True

block=-2 position=1 command=['/tmp/mostream-ms-bench-9v2x9dkz/PADDEDFAA', '50000', '4', '8', '1024', '160']
[36m{MoStream} Starting pipeline execution with 2 stages and total parallelism of 8 nodes[0m
[36m{MoStream} Cooperative MoStream runtime is used[0m
[36m{MoStream} CPU pinning is disabled[0m
[36m{MoStream} Pipeline starts...[0m
[36m{MoStream} ...terminated successfully![0m
PIPE_COOP_MPMC_RESULT backend= PADDEDFAA  producers= 4  consumers= 4  workers= 8  capacity= 1024  work_iterations= 160  messages= 200000  time_ms= 429.045637  throughput_Mtransfer_s= 0.4661508770918931  count= 200000  checksum= 476513354054716080  valid= True

block=-2 position=2 command=['/tmp/mostream-ms-bench-9v2x9dkz/MPMC', '50000', '4', '8', '1024', '160']
[36m{MoStream} Starting pipeline execution with 2 stages and total parallelism of 8 nodes[0m
[36m{MoStream} Cooperative MoStream runtime is used[0m
[36m{MoStream} CPU pinning is disabled[0m
[36m{MoStream} Pipeline starts...[0m
[36m{MoStream} ...terminated successfully![0m
PIPE_COOP_MPMC_RESULT backend= MPMC  producers= 4  consumers= 4  workers= 8  capacity= 1024  work_iterations= 160  messages= 200000  time_ms= 432.740088  throughput_Mtransfer_s= 0.4621711866916291  count= 200000  checksum= 476513354054716080  valid= True

block=-2 position=3 command=['/tmp/mostream-ms-bench-9v2x9dkz/NBLFQ', '50000', '4', '8', '1024', '160']
[36m{MoStream} Starting pipeline execution with 2 stages and total parallelism of 8 nodes[0m
[36m{MoStream} Cooperative MoStream runtime is used[0m
[36m{MoStream} CPU pinning is disabled[0m
[36m{MoStream} Pipeline starts...[0m
[36m{MoStream} ...terminated successfully![0m
PIPE_COOP_MPMC_RESULT backend= NBLFQ  producers= 4  consumers= 4  workers= 8  capacity= 1024  work_iterations= 160  messages= 200000  time_ms= 492.529044  throughput_Mtransfer_s= 0.40606742371115884  count= 200000  checksum= 476513354054716080  valid= True

block=-2 position=4 command=['/tmp/mostream-ms-bench-9v2x9dkz/SCQ', '50000', '4', '8', '1024', '160']
[36m{MoStream} Starting pipeline execution with 2 stages and total parallelism of 8 nodes[0m
[36m{MoStream} Cooperative MoStream runtime is used[0m
[36m{MoStream} CPU pinning is disabled[0m
[36m{MoStream} Pipeline starts...[0m
[36m{MoStream} ...terminated successfully![0m
PIPE_COOP_MPMC_RESULT backend= SCQ  producers= 4  consumers= 4  workers= 8  capacity= 1024  work_iterations= 160  messages= 200000  time_ms= 478.356562  throughput_Mtransfer_s= 0.4180981633528841  count= 200000  checksum= 476513354054716080  valid= True

block=-2 position=0 command=['/tmp/mostream-ms-bench-9v2x9dkz/SCQ', '50000', '4', '2', '1024', '0']
[36m{MoStream} Starting pipeline execution with 2 stages and total parallelism of 8 nodes[0m
[36m{MoStream} Cooperative MoStream runtime is used[0m
[36m{MoStream} CPU pinning is disabled[0m
[36m{MoStream} Pipeline starts...[0m
[36m{MoStream} ...terminated successfully![0m
PIPE_COOP_MPMC_RESULT backend= SCQ  producers= 4  consumers= 4  workers= 2  capacity= 1024  work_iterations= 0  messages= 200000  time_ms= 500.321056  throughput_Mtransfer_s= 0.39974332001729707  count= 200000  checksum= 5000100000  valid= True

block=-2 position=1 command=['/tmp/mostream-ms-bench-9v2x9dkz/PADDEDFAA', '50000', '4', '2', '1024', '0']
[36m{MoStream} Starting pipeline execution with 2 stages and total parallelism of 8 nodes[0m
[36m{MoStream} Cooperative MoStream runtime is used[0m
[36m{MoStream} CPU pinning is disabled[0m
[36m{MoStream} Pipeline starts...[0m
[36m{MoStream} ...terminated successfully![0m
PIPE_COOP_MPMC_RESULT backend= PADDEDFAA  producers= 4  consumers= 4  workers= 2  capacity= 1024  work_iterations= 0  messages= 200000  time_ms= 446.109973  throughput_Mtransfer_s= 0.448319948229447  count= 200000  checksum= 5000100000  valid= True

block=-2 position=2 command=['/tmp/mostream-ms-bench-9v2x9dkz/MICHAELSCOTT', '50000', '4', '2', '1024', '0']
[36m{MoStream} Starting pipeline execution with 2 stages and total parallelism of 8 nodes[0m
[36m{MoStream} Cooperative MoStream runtime is used[0m
[36m{MoStream} CPU pinning is disabled[0m
[36m{MoStream} Pipeline starts...[0m
[36m{MoStream} ...terminated successfully![0m
PIPE_COOP_MPMC_RESULT backend= MICHAELSCOTT  producers= 4  consumers= 4  workers= 2  capacity= 1024  work_iterations= 0  messages= 200000  time_ms= 482.031721  throughput_Mtransfer_s= 0.41491045357987966  count= 200000  checksum= 5000100000  valid= True

block=-2 position=3 command=['/tmp/mostream-ms-bench-9v2x9dkz/MPMC', '50000', '4', '2', '1024', '0']
[36m{MoStream} Starting pipeline execution with 2 stages and total parallelism of 8 nodes[0m
[36m{MoStream} Cooperative MoStream runtime is used[0m
[36m{MoStream} CPU pinning is disabled[0m
[36m{MoStream} Pipeline starts...[0m
[36m{MoStream} ...terminated successfully![0m
PIPE_COOP_MPMC_RESULT backend= MPMC  producers= 4  consumers= 4  workers= 2  capacity= 1024  work_iterations= 0  messages= 200000  time_ms= 441.709435  throughput_Mtransfer_s= 0.452786343583537  count= 200000  checksum= 5000100000  valid= True

block=-2 position=4 command=['/tmp/mostream-ms-bench-9v2x9dkz/NBLFQ', '50000', '4', '2', '1024', '0']
[36m{MoStream} Starting pipeline execution with 2 stages and total parallelism of 8 nodes[0m
[36m{MoStream} Cooperative MoStream runtime is used[0m
[36m{MoStream} CPU pinning is disabled[0m
[36m{MoStream} Pipeline starts...[0m
[36m{MoStream} ...terminated successfully![0m
PIPE_COOP_MPMC_RESULT backend= NBLFQ  producers= 4  consumers= 4  workers= 2  capacity= 1024  work_iterations= 0  messages= 200000  time_ms= 635.201569  throughput_Mtransfer_s= 0.3148606832235328  count= 200000  checksum= 5000100000  valid= True

block=-2 position=0 command=['/tmp/mostream-ms-bench-9v2x9dkz/MPMC', '50000', '4', '1', '1024', '0']
[36m{MoStream} Starting pipeline execution with 2 stages and total parallelism of 8 nodes[0m
[36m{MoStream} Cooperative MoStream runtime is used[0m
[36m{MoStream} CPU pinning is disabled[0m
[36m{MoStream} Pipeline starts...[0m
[36m{MoStream} ...terminated successfully![0m
PIPE_COOP_MPMC_RESULT backend= MPMC  producers= 4  consumers= 4  workers= 1  capacity= 1024  work_iterations= 0  messages= 200000  time_ms= 224.214033  throughput_Mtransfer_s= 0.8920048282615746  count= 200000  checksum= 5000100000  valid= True

block=-2 position=1 command=['/tmp/mostream-ms-bench-9v2x9dkz/PADDEDFAA', '50000', '4', '1', '1024', '0']
[36m{MoStream} Starting pipeline execution with 2 stages and total parallelism of 8 nodes[0m
[36m{MoStream} Cooperative MoStream runtime is used[0m
[36m{MoStream} CPU pinning is disabled[0m
[36m{MoStream} Pipeline starts...[0m
[36m{MoStream} ...terminated successfully![0m
PIPE_COOP_MPMC_RESULT backend= PADDEDFAA  producers= 4  consumers= 4  workers= 1  capacity= 1024  work_iterations= 0  messages= 200000  time_ms= 225.565269  throughput_Mtransfer_s= 0.886661323734196  count= 200000  checksum= 5000100000  valid= True

block=-2 position=2 command=['/tmp/mostream-ms-bench-9v2x9dkz/NBLFQ', '50000', '4', '1', '1024', '0']
[36m{MoStream} Starting pipeline execution with 2 stages and total parallelism of 8 nodes[0m
[36m{MoStream} Cooperative MoStream runtime is used[0m
[36m{MoStream} CPU pinning is disabled[0m
[36m{MoStream} Pipeline starts...[0m
[36m{MoStream} ...terminated successfully![0m
PIPE_COOP_MPMC_RESULT backend= NBLFQ  producers= 4  consumers= 4  workers= 1  capacity= 1024  work_iterations= 0  messages= 200000  time_ms= 297.05886  throughput_Mtransfer_s= 0.6732672440741205  count= 200000  checksum= 5000100000  valid= True

block=-2 position=3 command=['/tmp/mostream-ms-bench-9v2x9dkz/SCQ', '50000', '4', '1', '1024', '0']
[36m{MoStream} Starting pipeline execution with 2 stages and total parallelism of 8 nodes[0m
[36m{MoStream} Cooperative MoStream runtime is used[0m
[36m{MoStream} CPU pinning is disabled[0m
[36m{MoStream} Pipeline starts...[0m
[36m{MoStream} ...terminated successfully![0m
PIPE_COOP_MPMC_RESULT backend= SCQ  producers= 4  consumers= 4  workers= 1  capacity= 1024  work_iterations= 0  messages= 200000  time_ms= 239.714449  throughput_Mtransfer_s= 0.8343260109447971  count= 200000  checksum= 5000100000  valid= True

block=-2 position=4 command=['/tmp/mostream-ms-bench-9v2x9dkz/MICHAELSCOTT', '50000', '4', '1', '1024', '0']
[36m{MoStream} Starting pipeline execution with 2 stages and total parallelism of 8 nodes[0m
[36m{MoStream} Cooperative MoStream runtime is used[0m
[36m{MoStream} CPU pinning is disabled[0m
[36m{MoStream} Pipeline starts...[0m
[36m{MoStream} ...terminated successfully![0m
PIPE_COOP_MPMC_RESULT backend= MICHAELSCOTT  producers= 4  consumers= 4  workers= 1  capacity= 1024  work_iterations= 0  messages= 200000  time_ms= 232.532656  throughput_Mtransfer_s= 0.8600942484396686  count= 200000  checksum= 5000100000  valid= True

block=-2 position=0 command=['/tmp/mostream-ms-bench-9v2x9dkz/MICHAELSCOTT', '50000', '4', '8', '1024', '0']
[36m{MoStream} Starting pipeline execution with 2 stages and total parallelism of 8 nodes[0m
[36m{MoStream} Cooperative MoStream runtime is used[0m
[36m{MoStream} CPU pinning is disabled[0m
[36m{MoStream} Pipeline starts...[0m
[36m{MoStream} ...terminated successfully![0m
PIPE_COOP_MPMC_RESULT backend= MICHAELSCOTT  producers= 4  consumers= 4  workers= 8  capacity= 1024  work_iterations= 0  messages= 200000  time_ms= 419.777431  throughput_Mtransfer_s= 0.4764429557910177  count= 200000  checksum= 5000100000  valid= True

block=-2 position=1 command=['/tmp/mostream-ms-bench-9v2x9dkz/MPMC', '50000', '4', '8', '1024', '0']
[36m{MoStream} Starting pipeline execution with 2 stages and total parallelism of 8 nodes[0m
[36m{MoStream} Cooperative MoStream runtime is used[0m
[36m{MoStream} CPU pinning is disabled[0m
[36m{MoStream} Pipeline starts...[0m
[36m{MoStream} ...terminated successfully![0m
PIPE_COOP_MPMC_RESULT backend= MPMC  producers= 4  consumers= 4  workers= 8  capacity= 1024  work_iterations= 0  messages= 200000  time_ms= 418.730186  throughput_Mtransfer_s= 0.477634540539191  count= 200000  checksum= 5000100000  valid= True

block=-2 position=2 command=['/tmp/mostream-ms-bench-9v2x9dkz/SCQ', '50000', '4', '8', '1024', '0']
[36m{MoStream} Starting pipeline execution with 2 stages and total parallelism of 8 nodes[0m
[36m{MoStream} Cooperative MoStream runtime is used[0m
[36m{MoStream} CPU pinning is disabled[0m
[36m{MoStream} Pipeline starts...[0m
[36m{MoStream} ...terminated successfully![0m
PIPE_COOP_MPMC_RESULT backend= SCQ  producers= 4  consumers= 4  workers= 8  capacity= 1024  work_iterations= 0  messages= 200000  time_ms= 403.808934  throughput_Mtransfer_s= 0.49528374228589994  count= 200000  checksum= 5000100000  valid= True

block=-2 position=3 command=['/tmp/mostream-ms-bench-9v2x9dkz/PADDEDFAA', '50000', '4', '8', '1024', '0']
[36m{MoStream} Starting pipeline execution with 2 stages and total parallelism of 8 nodes[0m
[36m{MoStream} Cooperative MoStream runtime is used[0m
[36m{MoStream} CPU pinning is disabled[0m
[36m{MoStream} Pipeline starts...[0m
[36m{MoStream} ...terminated successfully![0m
PIPE_COOP_MPMC_RESULT backend= PADDEDFAA  producers= 4  consumers= 4  workers= 8  capacity= 1024  work_iterations= 0  messages= 200000  time_ms= 438.41116  throughput_Mtransfer_s= 0.4561927666257401  count= 200000  checksum= 5000100000  valid= True

block=-2 position=4 command=['/tmp/mostream-ms-bench-9v2x9dkz/NBLFQ', '50000', '4', '8', '1024', '0']
[36m{MoStream} Starting pipeline execution with 2 stages and total parallelism of 8 nodes[0m
[36m{MoStream} Cooperative MoStream runtime is used[0m
[36m{MoStream} CPU pinning is disabled[0m
[36m{MoStream} Pipeline starts...[0m
[36m{MoStream} ...terminated successfully![0m
PIPE_COOP_MPMC_RESULT backend= NBLFQ  producers= 4  consumers= 4  workers= 8  capacity= 1024  work_iterations= 0  messages= 200000  time_ms= 411.985914  throughput_Mtransfer_s= 0.4854534905288048  count= 200000  checksum= 5000100000  valid= True

block=-2 position=0 command=['/tmp/mostream-ms-bench-9v2x9dkz/PADDEDFAA', '50000', '4', '4', '1024', '0']
[36m{MoStream} Starting pipeline execution with 2 stages and total parallelism of 8 nodes[0m
[36m{MoStream} Cooperative MoStream runtime is used[0m
[36m{MoStream} CPU pinning is disabled[0m
[36m{MoStream} Pipeline starts...[0m
[36m{MoStream} ...terminated successfully![0m
PIPE_COOP_MPMC_RESULT backend= PADDEDFAA  producers= 4  consumers= 4  workers= 4  capacity= 1024  work_iterations= 0  messages= 200000  time_ms= 435.174765  throughput_Mtransfer_s= 0.4595854725170013  count= 200000  checksum= 5000100000  valid= True

block=-2 position=1 command=['/tmp/mostream-ms-bench-9v2x9dkz/MICHAELSCOTT', '50000', '4', '4', '1024', '0']
[36m{MoStream} Starting pipeline execution with 2 stages and total parallelism of 8 nodes[0m
[36m{MoStream} Cooperative MoStream runtime is used[0m
[36m{MoStream} CPU pinning is disabled[0m
[36m{MoStream} Pipeline starts...[0m
[36m{MoStream} ...terminated successfully![0m
PIPE_COOP_MPMC_RESULT backend= MICHAELSCOTT  producers= 4  consumers= 4  workers= 4  capacity= 1024  work_iterations= 0  messages= 200000  time_ms= 429.845393  throughput_Mtransfer_s= 0.46528357231922224  count= 200000  checksum= 5000100000  valid= True

block=-2 position=2 command=['/tmp/mostream-ms-bench-9v2x9dkz/NBLFQ', '50000', '4', '4', '1024', '0']
[36m{MoStream} Starting pipeline execution with 2 stages and total parallelism of 8 nodes[0m
[36m{MoStream} Cooperative MoStream runtime is used[0m
[36m{MoStream} CPU pinning is disabled[0m
[36m{MoStream} Pipeline starts...[0m
[36m{MoStream} ...terminated successfully![0m
PIPE_COOP_MPMC_RESULT backend= NBLFQ  producers= 4  consumers= 4  workers= 4  capacity= 1024  work_iterations= 0  messages= 200000  time_ms= 543.518111  throughput_Mtransfer_s= 0.36797301865806636  count= 200000  checksum= 5000100000  valid= True

block=-2 position=3 command=['/tmp/mostream-ms-bench-9v2x9dkz/SCQ', '50000', '4', '4', '1024', '0']
[36m{MoStream} Starting pipeline execution with 2 stages and total parallelism of 8 nodes[0m
[36m{MoStream} Cooperative MoStream runtime is used[0m
[36m{MoStream} CPU pinning is disabled[0m
[36m{MoStream} Pipeline starts...[0m
[36m{MoStream} ...terminated successfully![0m
PIPE_COOP_MPMC_RESULT backend= SCQ  producers= 4  consumers= 4  workers= 4  capacity= 1024  work_iterations= 0  messages= 200000  time_ms= 475.659132  throughput_Mtransfer_s= 0.42046916908556276  count= 200000  checksum= 5000100000  valid= True

block=-2 position=4 command=['/tmp/mostream-ms-bench-9v2x9dkz/MPMC', '50000', '4', '4', '1024', '0']
[36m{MoStream} Starting pipeline execution with 2 stages and total parallelism of 8 nodes[0m
[36m{MoStream} Cooperative MoStream runtime is used[0m
[36m{MoStream} CPU pinning is disabled[0m
[36m{MoStream} Pipeline starts...[0m
[36m{MoStream} ...terminated successfully![0m
PIPE_COOP_MPMC_RESULT backend= MPMC  producers= 4  consumers= 4  workers= 4  capacity= 1024  work_iterations= 0  messages= 200000  time_ms= 428.470631  throughput_Mtransfer_s= 0.4667764498426031  count= 200000  checksum= 5000100000  valid= True

block=-2 position=0 command=['/tmp/mostream-ms-bench-9v2x9dkz/PADDEDFAA', '50000', '4', '1', '1024', '160']
[36m{MoStream} Starting pipeline execution with 2 stages and total parallelism of 8 nodes[0m
[36m{MoStream} Cooperative MoStream runtime is used[0m
[36m{MoStream} CPU pinning is disabled[0m
[36m{MoStream} Pipeline starts...[0m
[36m{MoStream} ...terminated successfully![0m
PIPE_COOP_MPMC_RESULT backend= PADDEDFAA  producers= 4  consumers= 4  workers= 1  capacity= 1024  work_iterations= 160  messages= 200000  time_ms= 306.654547  throughput_Mtransfer_s= 0.6521996884005116  count= 200000  checksum= 476513354054716080  valid= True

block=-2 position=1 command=['/tmp/mostream-ms-bench-9v2x9dkz/MPMC', '50000', '4', '1', '1024', '160']
[36m{MoStream} Starting pipeline execution with 2 stages and total parallelism of 8 nodes[0m
[36m{MoStream} Cooperative MoStream runtime is used[0m
[36m{MoStream} CPU pinning is disabled[0m
[36m{MoStream} Pipeline starts...[0m
[36m{MoStream} ...terminated successfully![0m
PIPE_COOP_MPMC_RESULT backend= MPMC  producers= 4  consumers= 4  workers= 1  capacity= 1024  work_iterations= 160  messages= 200000  time_ms= 281.854311  throughput_Mtransfer_s= 0.7095864501430315  count= 200000  checksum= 476513354054716080  valid= True

block=-2 position=2 command=['/tmp/mostream-ms-bench-9v2x9dkz/NBLFQ', '50000', '4', '1', '1024', '160']
[36m{MoStream} Starting pipeline execution with 2 stages and total parallelism of 8 nodes[0m
[36m{MoStream} Cooperative MoStream runtime is used[0m
[36m{MoStream} CPU pinning is disabled[0m
[36m{MoStream} Pipeline starts...[0m
[36m{MoStream} ...terminated successfully![0m
PIPE_COOP_MPMC_RESULT backend= NBLFQ  producers= 4  consumers= 4  workers= 1  capacity= 1024  work_iterations= 160  messages= 200000  time_ms= 410.580392  throughput_Mtransfer_s= 0.4871153223508053  count= 200000  checksum= 476513354054716080  valid= True

block=-2 position=3 command=['/tmp/mostream-ms-bench-9v2x9dkz/SCQ', '50000', '4', '1', '1024', '160']
[36m{MoStream} Starting pipeline execution with 2 stages and total parallelism of 8 nodes[0m
[36m{MoStream} Cooperative MoStream runtime is used[0m
[36m{MoStream} CPU pinning is disabled[0m
[36m{MoStream} Pipeline starts...[0m
[36m{MoStream} ...terminated successfully![0m
PIPE_COOP_MPMC_RESULT backend= SCQ  producers= 4  consumers= 4  workers= 1  capacity= 1024  work_iterations= 160  messages= 200000  time_ms= 323.766146  throughput_Mtransfer_s= 0.6177298104539936  count= 200000  checksum= 476513354054716080  valid= True

block=-2 position=4 command=['/tmp/mostream-ms-bench-9v2x9dkz/MICHAELSCOTT', '50000', '4', '1', '1024', '160']
[36m{MoStream} Starting pipeline execution with 2 stages and total parallelism of 8 nodes[0m
[36m{MoStream} Cooperative MoStream runtime is used[0m
[36m{MoStream} CPU pinning is disabled[0m
[36m{MoStream} Pipeline starts...[0m
[36m{MoStream} ...terminated successfully![0m
PIPE_COOP_MPMC_RESULT backend= MICHAELSCOTT  producers= 4  consumers= 4  workers= 1  capacity= 1024  work_iterations= 160  messages= 200000  time_ms= 314.230898  throughput_Mtransfer_s= 0.6364746473785655  count= 200000  checksum= 476513354054716080  valid= True

block=-2 position=0 command=['/tmp/mostream-ms-bench-9v2x9dkz/NBLFQ', '50000', '4', '2', '1024', '160']
[36m{MoStream} Starting pipeline execution with 2 stages and total parallelism of 8 nodes[0m
[36m{MoStream} Cooperative MoStream runtime is used[0m
[36m{MoStream} CPU pinning is disabled[0m
[36m{MoStream} Pipeline starts...[0m
[36m{MoStream} ...terminated successfully![0m
PIPE_COOP_MPMC_RESULT backend= NBLFQ  producers= 4  consumers= 4  workers= 2  capacity= 1024  work_iterations= 160  messages= 200000  time_ms= 665.772359  throughput_Mtransfer_s= 0.3004029790308552  count= 200000  checksum= 476513354054716080  valid= True

block=-2 position=1 command=['/tmp/mostream-ms-bench-9v2x9dkz/SCQ', '50000', '4', '2', '1024', '160']
[36m{MoStream} Starting pipeline execution with 2 stages and total parallelism of 8 nodes[0m
[36m{MoStream} Cooperative MoStream runtime is used[0m
[36m{MoStream} CPU pinning is disabled[0m
[36m{MoStream} Pipeline starts...[0m
[36m{MoStream} ...terminated successfully![0m
PIPE_COOP_MPMC_RESULT backend= SCQ  producers= 4  consumers= 4  workers= 2  capacity= 1024  work_iterations= 160  messages= 200000  time_ms= 569.22252  throughput_Mtransfer_s= 0.3513564431709413  count= 200000  checksum= 476513354054716080  valid= True

block=-2 position=2 command=['/tmp/mostream-ms-bench-9v2x9dkz/PADDEDFAA', '50000', '4', '2', '1024', '160']
[36m{MoStream} Starting pipeline execution with 2 stages and total parallelism of 8 nodes[0m
[36m{MoStream} Cooperative MoStream runtime is used[0m
[36m{MoStream} CPU pinning is disabled[0m
[36m{MoStream} Pipeline starts...[0m
[36m{MoStream} ...terminated successfully![0m
PIPE_COOP_MPMC_RESULT backend= PADDEDFAA  producers= 4  consumers= 4  workers= 2  capacity= 1024  work_iterations= 160  messages= 200000  time_ms= 482.964276  throughput_Mtransfer_s= 0.414109303604062  count= 200000  checksum= 476513354054716080  valid= True

block=-2 position=3 command=['/tmp/mostream-ms-bench-9v2x9dkz/MPMC', '50000', '4', '2', '1024', '160']
[36m{MoStream} Starting pipeline execution with 2 stages and total parallelism of 8 nodes[0m
[36m{MoStream} Cooperative MoStream runtime is used[0m
[36m{MoStream} CPU pinning is disabled[0m
[36m{MoStream} Pipeline starts...[0m
[36m{MoStream} ...terminated successfully![0m
PIPE_COOP_MPMC_RESULT backend= MPMC  producers= 4  consumers= 4  workers= 2  capacity= 1024  work_iterations= 160  messages= 200000  time_ms= 493.02953  throughput_Mtransfer_s= 0.4056552150131859  count= 200000  checksum= 476513354054716080  valid= True

block=-2 position=4 command=['/tmp/mostream-ms-bench-9v2x9dkz/MICHAELSCOTT', '50000', '4', '2', '1024', '160']
[36m{MoStream} Starting pipeline execution with 2 stages and total parallelism of 8 nodes[0m
[36m{MoStream} Cooperative MoStream runtime is used[0m
[36m{MoStream} CPU pinning is disabled[0m
[36m{MoStream} Pipeline starts...[0m
[36m{MoStream} ...terminated successfully![0m
PIPE_COOP_MPMC_RESULT backend= MICHAELSCOTT  producers= 4  consumers= 4  workers= 2  capacity= 1024  work_iterations= 160  messages= 200000  time_ms= 525.446244  throughput_Mtransfer_s= 0.38062885077926256  count= 200000  checksum= 476513354054716080  valid= True

block=-1 position=0 command=['/tmp/mostream-ms-bench-9v2x9dkz/MPMC', '50000', '4', '1', '1024', '160']
[36m{MoStream} Starting pipeline execution with 2 stages and total parallelism of 8 nodes[0m
[36m{MoStream} Cooperative MoStream runtime is used[0m
[36m{MoStream} CPU pinning is disabled[0m
[36m{MoStream} Pipeline starts...[0m
[36m{MoStream} ...terminated successfully![0m
PIPE_COOP_MPMC_RESULT backend= MPMC  producers= 4  consumers= 4  workers= 1  capacity= 1024  work_iterations= 160  messages= 200000  time_ms= 305.456877  throughput_Mtransfer_s= 0.6547569069790496  count= 200000  checksum= 476513354054716080  valid= True

block=-1 position=1 command=['/tmp/mostream-ms-bench-9v2x9dkz/NBLFQ', '50000', '4', '1', '1024', '160']
[36m{MoStream} Starting pipeline execution with 2 stages and total parallelism of 8 nodes[0m
[36m{MoStream} Cooperative MoStream runtime is used[0m
[36m{MoStream} CPU pinning is disabled[0m
[36m{MoStream} Pipeline starts...[0m
[36m{MoStream} ...terminated successfully![0m
PIPE_COOP_MPMC_RESULT backend= NBLFQ  producers= 4  consumers= 4  workers= 1  capacity= 1024  work_iterations= 160  messages= 200000  time_ms= 411.048867  throughput_Mtransfer_s= 0.48656015392933805  count= 200000  checksum= 476513354054716080  valid= True

block=-1 position=2 command=['/tmp/mostream-ms-bench-9v2x9dkz/SCQ', '50000', '4', '1', '1024', '160']
[36m{MoStream} Starting pipeline execution with 2 stages and total parallelism of 8 nodes[0m
[36m{MoStream} Cooperative MoStream runtime is used[0m
[36m{MoStream} CPU pinning is disabled[0m
[36m{MoStream} Pipeline starts...[0m
[36m{MoStream} ...terminated successfully![0m
PIPE_COOP_MPMC_RESULT backend= SCQ  producers= 4  consumers= 4  workers= 1  capacity= 1024  work_iterations= 160  messages= 200000  time_ms= 305.635904  throughput_Mtransfer_s= 0.6543733814728783  count= 200000  checksum= 476513354054716080  valid= True

block=-1 position=3 command=['/tmp/mostream-ms-bench-9v2x9dkz/MICHAELSCOTT', '50000', '4', '1', '1024', '160']
[36m{MoStream} Starting pipeline execution with 2 stages and total parallelism of 8 nodes[0m
[36m{MoStream} Cooperative MoStream runtime is used[0m
[36m{MoStream} CPU pinning is disabled[0m
[36m{MoStream} Pipeline starts...[0m
[36m{MoStream} ...terminated successfully![0m
PIPE_COOP_MPMC_RESULT backend= MICHAELSCOTT  producers= 4  consumers= 4  workers= 1  capacity= 1024  work_iterations= 160  messages= 200000  time_ms= 314.152707  throughput_Mtransfer_s= 0.636633062658919  count= 200000  checksum= 476513354054716080  valid= True

block=-1 position=4 command=['/tmp/mostream-ms-bench-9v2x9dkz/PADDEDFAA', '50000', '4', '1', '1024', '160']
[36m{MoStream} Starting pipeline execution with 2 stages and total parallelism of 8 nodes[0m
[36m{MoStream} Cooperative MoStream runtime is used[0m
[36m{MoStream} CPU pinning is disabled[0m
[36m{MoStream} Pipeline starts...[0m
[36m{MoStream} ...terminated successfully![0m
PIPE_COOP_MPMC_RESULT backend= PADDEDFAA  producers= 4  consumers= 4  workers= 1  capacity= 1024  work_iterations= 160  messages= 200000  time_ms= 308.818405  throughput_Mtransfer_s= 0.6476297939560953  count= 200000  checksum= 476513354054716080  valid= True

block=-1 position=0 command=['/tmp/mostream-ms-bench-9v2x9dkz/PADDEDFAA', '50000', '4', '2', '1024', '0']
[36m{MoStream} Starting pipeline execution with 2 stages and total parallelism of 8 nodes[0m
[36m{MoStream} Cooperative MoStream runtime is used[0m
[36m{MoStream} CPU pinning is disabled[0m
[36m{MoStream} Pipeline starts...[0m
[36m{MoStream} ...terminated successfully![0m
PIPE_COOP_MPMC_RESULT backend= PADDEDFAA  producers= 4  consumers= 4  workers= 2  capacity= 1024  work_iterations= 0  messages= 200000  time_ms= 417.476139  throughput_Mtransfer_s= 0.4790692959819675  count= 200000  checksum= 5000100000  valid= True

block=-1 position=1 command=['/tmp/mostream-ms-bench-9v2x9dkz/MICHAELSCOTT', '50000', '4', '2', '1024', '0']
[36m{MoStream} Starting pipeline execution with 2 stages and total parallelism of 8 nodes[0m
[36m{MoStream} Cooperative MoStream runtime is used[0m
[36m{MoStream} CPU pinning is disabled[0m
[36m{MoStream} Pipeline starts...[0m
[36m{MoStream} ...terminated successfully![0m
PIPE_COOP_MPMC_RESULT backend= MICHAELSCOTT  producers= 4  consumers= 4  workers= 2  capacity= 1024  work_iterations= 0  messages= 200000  time_ms= 476.046971  throughput_Mtransfer_s= 0.4201266097332232  count= 200000  checksum= 5000100000  valid= True

block=-1 position=2 command=['/tmp/mostream-ms-bench-9v2x9dkz/MPMC', '50000', '4', '2', '1024', '0']
[36m{MoStream} Starting pipeline execution with 2 stages and total parallelism of 8 nodes[0m
[36m{MoStream} Cooperative MoStream runtime is used[0m
[36m{MoStream} CPU pinning is disabled[0m
[36m{MoStream} Pipeline starts...[0m
[36m{MoStream} ...terminated successfully![0m
PIPE_COOP_MPMC_RESULT backend= MPMC  producers= 4  consumers= 4  workers= 2  capacity= 1024  work_iterations= 0  messages= 200000  time_ms= 436.918173  throughput_Mtransfer_s= 0.45775161657100494  count= 200000  checksum= 5000100000  valid= True

block=-1 position=3 command=['/tmp/mostream-ms-bench-9v2x9dkz/NBLFQ', '50000', '4', '2', '1024', '0']
[36m{MoStream} Starting pipeline execution with 2 stages and total parallelism of 8 nodes[0m
[36m{MoStream} Cooperative MoStream runtime is used[0m
[36m{MoStream} CPU pinning is disabled[0m
[36m{MoStream} Pipeline starts...[0m
[36m{MoStream} ...terminated successfully![0m
PIPE_COOP_MPMC_RESULT backend= NBLFQ  producers= 4  consumers= 4  workers= 2  capacity= 1024  work_iterations= 0  messages= 200000  time_ms= 659.808132  throughput_Mtransfer_s= 0.30311842231129094  count= 200000  checksum= 5000100000  valid= True

block=-1 position=4 command=['/tmp/mostream-ms-bench-9v2x9dkz/SCQ', '50000', '4', '2', '1024', '0']
[36m{MoStream} Starting pipeline execution with 2 stages and total parallelism of 8 nodes[0m
[36m{MoStream} Cooperative MoStream runtime is used[0m
[36m{MoStream} CPU pinning is disabled[0m
[36m{MoStream} Pipeline starts...[0m
[36m{MoStream} ...terminated successfully![0m
PIPE_COOP_MPMC_RESULT backend= SCQ  producers= 4  consumers= 4  workers= 2  capacity= 1024  work_iterations= 0  messages= 200000  time_ms= 505.155329  throughput_Mtransfer_s= 0.39591782669286657  count= 200000  checksum= 5000100000  valid= True

block=-1 position=0 command=['/tmp/mostream-ms-bench-9v2x9dkz/MICHAELSCOTT', '50000', '4', '4', '1024', '0']
[36m{MoStream} Starting pipeline execution with 2 stages and total parallelism of 8 nodes[0m
[36m{MoStream} Cooperative MoStream runtime is used[0m
[36m{MoStream} CPU pinning is disabled[0m
[36m{MoStream} Pipeline starts...[0m
[36m{MoStream} ...terminated successfully![0m
PIPE_COOP_MPMC_RESULT backend= MICHAELSCOTT  producers= 4  consumers= 4  workers= 4  capacity= 1024  work_iterations= 0  messages= 200000  time_ms= 434.401133  throughput_Mtransfer_s= 0.46040395571436044  count= 200000  checksum= 5000100000  valid= True

block=-1 position=1 command=['/tmp/mostream-ms-bench-9v2x9dkz/NBLFQ', '50000', '4', '4', '1024', '0']
[36m{MoStream} Starting pipeline execution with 2 stages and total parallelism of 8 nodes[0m
[36m{MoStream} Cooperative MoStream runtime is used[0m
[36m{MoStream} CPU pinning is disabled[0m
[36m{MoStream} Pipeline starts...[0m
[36m{MoStream} ...terminated successfully![0m
PIPE_COOP_MPMC_RESULT backend= NBLFQ  producers= 4  consumers= 4  workers= 4  capacity= 1024  work_iterations= 0  messages= 200000  time_ms= 552.05975  throughput_Mtransfer_s= 0.36227962643536316  count= 200000  checksum= 5000100000  valid= True

block=-1 position=2 command=['/tmp/mostream-ms-bench-9v2x9dkz/SCQ', '50000', '4', '4', '1024', '0']
[36m{MoStream} Starting pipeline execution with 2 stages and total parallelism of 8 nodes[0m
[36m{MoStream} Cooperative MoStream runtime is used[0m
[36m{MoStream} CPU pinning is disabled[0m
[36m{MoStream} Pipeline starts...[0m
[36m{MoStream} ...terminated successfully![0m
PIPE_COOP_MPMC_RESULT backend= SCQ  producers= 4  consumers= 4  workers= 4  capacity= 1024  work_iterations= 0  messages= 200000  time_ms= 465.170413  throughput_Mtransfer_s= 0.4299499590056688  count= 200000  checksum= 5000100000  valid= True

block=-1 position=3 command=['/tmp/mostream-ms-bench-9v2x9dkz/MPMC', '50000', '4', '4', '1024', '0']
[36m{MoStream} Starting pipeline execution with 2 stages and total parallelism of 8 nodes[0m
[36m{MoStream} Cooperative MoStream runtime is used[0m
[36m{MoStream} CPU pinning is disabled[0m
[36m{MoStream} Pipeline starts...[0m
[36m{MoStream} ...terminated successfully![0m
PIPE_COOP_MPMC_RESULT backend= MPMC  producers= 4  consumers= 4  workers= 4  capacity= 1024  work_iterations= 0  messages= 200000  time_ms= 422.841437  throughput_Mtransfer_s= 0.47299054089630294  count= 200000  checksum= 5000100000  valid= True

block=-1 position=4 command=['/tmp/mostream-ms-bench-9v2x9dkz/PADDEDFAA', '50000', '4', '4', '1024', '0']
[36m{MoStream} Starting pipeline execution with 2 stages and total parallelism of 8 nodes[0m
[36m{MoStream} Cooperative MoStream runtime is used[0m
[36m{MoStream} CPU pinning is disabled[0m
[36m{MoStream} Pipeline starts...[0m
[36m{MoStream} ...terminated successfully![0m
PIPE_COOP_MPMC_RESULT backend= PADDEDFAA  producers= 4  consumers= 4  workers= 4  capacity= 1024  work_iterations= 0  messages= 200000  time_ms= 435.783054  throughput_Mtransfer_s= 0.4589439588442556  count= 200000  checksum= 5000100000  valid= True

block=-1 position=0 command=['/tmp/mostream-ms-bench-9v2x9dkz/PADDEDFAA', '50000', '4', '1', '1024', '0']
[36m{MoStream} Starting pipeline execution with 2 stages and total parallelism of 8 nodes[0m
[36m{MoStream} Cooperative MoStream runtime is used[0m
[36m{MoStream} CPU pinning is disabled[0m
[36m{MoStream} Pipeline starts...[0m
[36m{MoStream} ...terminated successfully![0m
PIPE_COOP_MPMC_RESULT backend= PADDEDFAA  producers= 4  consumers= 4  workers= 1  capacity= 1024  work_iterations= 0  messages= 200000  time_ms= 223.772394  throughput_Mtransfer_s= 0.8937652961785805  count= 200000  checksum= 5000100000  valid= True

block=-1 position=1 command=['/tmp/mostream-ms-bench-9v2x9dkz/NBLFQ', '50000', '4', '1', '1024', '0']
[36m{MoStream} Starting pipeline execution with 2 stages and total parallelism of 8 nodes[0m
[36m{MoStream} Cooperative MoStream runtime is used[0m
[36m{MoStream} CPU pinning is disabled[0m
[36m{MoStream} Pipeline starts...[0m
[36m{MoStream} ...terminated successfully![0m
PIPE_COOP_MPMC_RESULT backend= NBLFQ  producers= 4  consumers= 4  workers= 1  capacity= 1024  work_iterations= 0  messages= 200000  time_ms= 324.30014  throughput_Mtransfer_s= 0.6167126539014136  count= 200000  checksum= 5000100000  valid= True

block=-1 position=2 command=['/tmp/mostream-ms-bench-9v2x9dkz/SCQ', '50000', '4', '1', '1024', '0']
[36m{MoStream} Starting pipeline execution with 2 stages and total parallelism of 8 nodes[0m
[36m{MoStream} Cooperative MoStream runtime is used[0m
[36m{MoStream} CPU pinning is disabled[0m
[36m{MoStream} Pipeline starts...[0m
[36m{MoStream} ...terminated successfully![0m
PIPE_COOP_MPMC_RESULT backend= SCQ  producers= 4  consumers= 4  workers= 1  capacity= 1024  work_iterations= 0  messages= 200000  time_ms= 243.130695  throughput_Mtransfer_s= 0.8226028391849084  count= 200000  checksum= 5000100000  valid= True

block=-1 position=3 command=['/tmp/mostream-ms-bench-9v2x9dkz/MICHAELSCOTT', '50000', '4', '1', '1024', '0']
[36m{MoStream} Starting pipeline execution with 2 stages and total parallelism of 8 nodes[0m
[36m{MoStream} Cooperative MoStream runtime is used[0m
[36m{MoStream} CPU pinning is disabled[0m
[36m{MoStream} Pipeline starts...[0m
[36m{MoStream} ...terminated successfully![0m
PIPE_COOP_MPMC_RESULT backend= MICHAELSCOTT  producers= 4  consumers= 4  workers= 1  capacity= 1024  work_iterations= 0  messages= 200000  time_ms= 234.952407  throughput_Mtransfer_s= 0.8512362250453556  count= 200000  checksum= 5000100000  valid= True

block=-1 position=4 command=['/tmp/mostream-ms-bench-9v2x9dkz/MPMC', '50000', '4', '1', '1024', '0']
[36m{MoStream} Starting pipeline execution with 2 stages and total parallelism of 8 nodes[0m
[36m{MoStream} Cooperative MoStream runtime is used[0m
[36m{MoStream} CPU pinning is disabled[0m
[36m{MoStream} Pipeline starts...[0m
[36m{MoStream} ...terminated successfully![0m
PIPE_COOP_MPMC_RESULT backend= MPMC  producers= 4  consumers= 4  workers= 1  capacity= 1024  work_iterations= 0  messages= 200000  time_ms= 224.530967  throughput_Mtransfer_s= 0.8907457295189042  count= 200000  checksum= 5000100000  valid= True

block=-1 position=0 command=['/tmp/mostream-ms-bench-9v2x9dkz/MPMC', '50000', '4', '8', '1024', '0']
[36m{MoStream} Starting pipeline execution with 2 stages and total parallelism of 8 nodes[0m
[36m{MoStream} Cooperative MoStream runtime is used[0m
[36m{MoStream} CPU pinning is disabled[0m
[36m{MoStream} Pipeline starts...[0m
[36m{MoStream} ...terminated successfully![0m
PIPE_COOP_MPMC_RESULT backend= MPMC  producers= 4  consumers= 4  workers= 8  capacity= 1024  work_iterations= 0  messages= 200000  time_ms= 416.002795  throughput_Mtransfer_s= 0.48076600062266406  count= 200000  checksum= 5000100000  valid= True

block=-1 position=1 command=['/tmp/mostream-ms-bench-9v2x9dkz/SCQ', '50000', '4', '8', '1024', '0']
[36m{MoStream} Starting pipeline execution with 2 stages and total parallelism of 8 nodes[0m
[36m{MoStream} Cooperative MoStream runtime is used[0m
[36m{MoStream} CPU pinning is disabled[0m
[36m{MoStream} Pipeline starts...[0m
[36m{MoStream} ...terminated successfully![0m
PIPE_COOP_MPMC_RESULT backend= SCQ  producers= 4  consumers= 4  workers= 8  capacity= 1024  work_iterations= 0  messages= 200000  time_ms= 433.57456  throughput_Mtransfer_s= 0.46128167667401887  count= 200000  checksum= 5000100000  valid= True

block=-1 position=2 command=['/tmp/mostream-ms-bench-9v2x9dkz/PADDEDFAA', '50000', '4', '8', '1024', '0']
[36m{MoStream} Starting pipeline execution with 2 stages and total parallelism of 8 nodes[0m
[36m{MoStream} Cooperative MoStream runtime is used[0m
[36m{MoStream} CPU pinning is disabled[0m
[36m{MoStream} Pipeline starts...[0m
[36m{MoStream} ...terminated successfully![0m
PIPE_COOP_MPMC_RESULT backend= PADDEDFAA  producers= 4  consumers= 4  workers= 8  capacity= 1024  work_iterations= 0  messages= 200000  time_ms= 420.973706  throughput_Mtransfer_s= 0.47508905461188117  count= 200000  checksum= 5000100000  valid= True

block=-1 position=3 command=['/tmp/mostream-ms-bench-9v2x9dkz/NBLFQ', '50000', '4', '8', '1024', '0']
[36m{MoStream} Starting pipeline execution with 2 stages and total parallelism of 8 nodes[0m
[36m{MoStream} Cooperative MoStream runtime is used[0m
[36m{MoStream} CPU pinning is disabled[0m
[36m{MoStream} Pipeline starts...[0m
[36m{MoStream} ...terminated successfully![0m
PIPE_COOP_MPMC_RESULT backend= NBLFQ  producers= 4  consumers= 4  workers= 8  capacity= 1024  work_iterations= 0  messages= 200000  time_ms= 435.595693  throughput_Mtransfer_s= 0.45914136253867877  count= 200000  checksum= 5000100000  valid= True

block=-1 position=4 command=['/tmp/mostream-ms-bench-9v2x9dkz/MICHAELSCOTT', '50000', '4', '8', '1024', '0']
[36m{MoStream} Starting pipeline execution with 2 stages and total parallelism of 8 nodes[0m
[36m{MoStream} Cooperative MoStream runtime is used[0m
[36m{MoStream} CPU pinning is disabled[0m
[36m{MoStream} Pipeline starts...[0m
[36m{MoStream} ...terminated successfully![0m
PIPE_COOP_MPMC_RESULT backend= MICHAELSCOTT  producers= 4  consumers= 4  workers= 8  capacity= 1024  work_iterations= 0  messages= 200000  time_ms= 412.118679  throughput_Mtransfer_s= 0.4852971005470975  count= 200000  checksum= 5000100000  valid= True

block=-1 position=0 command=['/tmp/mostream-ms-bench-9v2x9dkz/PADDEDFAA', '50000', '4', '8', '1024', '160']
[36m{MoStream} Starting pipeline execution with 2 stages and total parallelism of 8 nodes[0m
[36m{MoStream} Cooperative MoStream runtime is used[0m
[36m{MoStream} CPU pinning is disabled[0m
[36m{MoStream} Pipeline starts...[0m
[36m{MoStream} ...terminated successfully![0m
PIPE_COOP_MPMC_RESULT backend= PADDEDFAA  producers= 4  consumers= 4  workers= 8  capacity= 1024  work_iterations= 160  messages= 200000  time_ms= 429.054103  throughput_Mtransfer_s= 0.4661416791066091  count= 200000  checksum= 476513354054716080  valid= True

block=-1 position=1 command=['/tmp/mostream-ms-bench-9v2x9dkz/MPMC', '50000', '4', '8', '1024', '160']
[36m{MoStream} Starting pipeline execution with 2 stages and total parallelism of 8 nodes[0m
[36m{MoStream} Cooperative MoStream runtime is used[0m
[36m{MoStream} CPU pinning is disabled[0m
[36m{MoStream} Pipeline starts...[0m
[36m{MoStream} ...terminated successfully![0m
PIPE_COOP_MPMC_RESULT backend= MPMC  producers= 4  consumers= 4  workers= 8  capacity= 1024  work_iterations= 160  messages= 200000  time_ms= 436.802506  throughput_Mtransfer_s= 0.4578728309768443  count= 200000  checksum= 476513354054716080  valid= True

block=-1 position=2 command=['/tmp/mostream-ms-bench-9v2x9dkz/NBLFQ', '50000', '4', '8', '1024', '160']
[36m{MoStream} Starting pipeline execution with 2 stages and total parallelism of 8 nodes[0m
[36m{MoStream} Cooperative MoStream runtime is used[0m
[36m{MoStream} CPU pinning is disabled[0m
[36m{MoStream} Pipeline starts...[0m
[36m{MoStream} ...terminated successfully![0m
PIPE_COOP_MPMC_RESULT backend= NBLFQ  producers= 4  consumers= 4  workers= 8  capacity= 1024  work_iterations= 160  messages= 200000  time_ms= 496.397308  throughput_Mtransfer_s= 0.4029030713438116  count= 200000  checksum= 476513354054716080  valid= True

block=-1 position=3 command=['/tmp/mostream-ms-bench-9v2x9dkz/SCQ', '50000', '4', '8', '1024', '160']
[36m{MoStream} Starting pipeline execution with 2 stages and total parallelism of 8 nodes[0m
[36m{MoStream} Cooperative MoStream runtime is used[0m
[36m{MoStream} CPU pinning is disabled[0m
[36m{MoStream} Pipeline starts...[0m
[36m{MoStream} ...terminated successfully![0m
PIPE_COOP_MPMC_RESULT backend= SCQ  producers= 4  consumers= 4  workers= 8  capacity= 1024  work_iterations= 160  messages= 200000  time_ms= 486.355916  throughput_Mtransfer_s= 0.41122148085477384  count= 200000  checksum= 476513354054716080  valid= True

block=-1 position=4 command=['/tmp/mostream-ms-bench-9v2x9dkz/MICHAELSCOTT', '50000', '4', '8', '1024', '160']
[36m{MoStream} Starting pipeline execution with 2 stages and total parallelism of 8 nodes[0m
[36m{MoStream} Cooperative MoStream runtime is used[0m
[36m{MoStream} CPU pinning is disabled[0m
[36m{MoStream} Pipeline starts...[0m
[36m{MoStream} ...terminated successfully![0m
PIPE_COOP_MPMC_RESULT backend= MICHAELSCOTT  producers= 4  consumers= 4  workers= 8  capacity= 1024  work_iterations= 160  messages= 200000  time_ms= 443.656806  throughput_Mtransfer_s= 0.45079889972430626  count= 200000  checksum= 476513354054716080  valid= True

block=-1 position=0 command=['/tmp/mostream-ms-bench-9v2x9dkz/SCQ', '50000', '4', '2', '1024', '160']
[36m{MoStream} Starting pipeline execution with 2 stages and total parallelism of 8 nodes[0m
[36m{MoStream} Cooperative MoStream runtime is used[0m
[36m{MoStream} CPU pinning is disabled[0m
[36m{MoStream} Pipeline starts...[0m
[36m{MoStream} ...terminated successfully![0m
PIPE_COOP_MPMC_RESULT backend= SCQ  producers= 4  consumers= 4  workers= 2  capacity= 1024  work_iterations= 160  messages= 200000  time_ms= 584.245346  throughput_Mtransfer_s= 0.3423219395229894  count= 200000  checksum= 476513354054716080  valid= True

block=-1 position=1 command=['/tmp/mostream-ms-bench-9v2x9dkz/PADDEDFAA', '50000', '4', '2', '1024', '160']
[36m{MoStream} Starting pipeline execution with 2 stages and total parallelism of 8 nodes[0m
[36m{MoStream} Cooperative MoStream runtime is used[0m
[36m{MoStream} CPU pinning is disabled[0m
[36m{MoStream} Pipeline starts...[0m
[36m{MoStream} ...terminated successfully![0m
PIPE_COOP_MPMC_RESULT backend= PADDEDFAA  producers= 4  consumers= 4  workers= 2  capacity= 1024  work_iterations= 160  messages= 200000  time_ms= 473.625893  throughput_Mtransfer_s= 0.4222742104177991  count= 200000  checksum= 476513354054716080  valid= True

block=-1 position=2 command=['/tmp/mostream-ms-bench-9v2x9dkz/MPMC', '50000', '4', '2', '1024', '160']
[36m{MoStream} Starting pipeline execution with 2 stages and total parallelism of 8 nodes[0m
[36m{MoStream} Cooperative MoStream runtime is used[0m
[36m{MoStream} CPU pinning is disabled[0m
[36m{MoStream} Pipeline starts...[0m
[36m{MoStream} ...terminated successfully![0m
PIPE_COOP_MPMC_RESULT backend= MPMC  producers= 4  consumers= 4  workers= 2  capacity= 1024  work_iterations= 160  messages= 200000  time_ms= 534.718498  throughput_Mtransfer_s= 0.37402857905244935  count= 200000  checksum= 476513354054716080  valid= True

block=-1 position=3 command=['/tmp/mostream-ms-bench-9v2x9dkz/MICHAELSCOTT', '50000', '4', '2', '1024', '160']
[36m{MoStream} Starting pipeline execution with 2 stages and total parallelism of 8 nodes[0m
[36m{MoStream} Cooperative MoStream runtime is used[0m
[36m{MoStream} CPU pinning is disabled[0m
[36m{MoStream} Pipeline starts...[0m
[36m{MoStream} ...terminated successfully![0m
PIPE_COOP_MPMC_RESULT backend= MICHAELSCOTT  producers= 4  consumers= 4  workers= 2  capacity= 1024  work_iterations= 160  messages= 200000  time_ms= 503.903744  throughput_Mtransfer_s= 0.3969011986543208  count= 200000  checksum= 476513354054716080  valid= True

block=-1 position=4 command=['/tmp/mostream-ms-bench-9v2x9dkz/NBLFQ', '50000', '4', '2', '1024', '160']
[36m{MoStream} Starting pipeline execution with 2 stages and total parallelism of 8 nodes[0m
[36m{MoStream} Cooperative MoStream runtime is used[0m
[36m{MoStream} CPU pinning is disabled[0m
[36m{MoStream} Pipeline starts...[0m
[36m{MoStream} ...terminated successfully![0m
PIPE_COOP_MPMC_RESULT backend= NBLFQ  producers= 4  consumers= 4  workers= 2  capacity= 1024  work_iterations= 160  messages= 200000  time_ms= 672.557509  throughput_Mtransfer_s= 0.29737233964924775  count= 200000  checksum= 476513354054716080  valid= True

block=-1 position=0 command=['/tmp/mostream-ms-bench-9v2x9dkz/MICHAELSCOTT', '50000', '4', '4', '1024', '160']
[36m{MoStream} Starting pipeline execution with 2 stages and total parallelism of 8 nodes[0m
[36m{MoStream} Cooperative MoStream runtime is used[0m
[36m{MoStream} CPU pinning is disabled[0m
[36m{MoStream} Pipeline starts...[0m
[36m{MoStream} ...terminated successfully![0m
PIPE_COOP_MPMC_RESULT backend= MICHAELSCOTT  producers= 4  consumers= 4  workers= 4  capacity= 1024  work_iterations= 160  messages= 200000  time_ms= 497.587215  throughput_Mtransfer_s= 0.4019395876158112  count= 200000  checksum= 476513354054716080  valid= True

block=-1 position=1 command=['/tmp/mostream-ms-bench-9v2x9dkz/NBLFQ', '50000', '4', '4', '1024', '160']
[36m{MoStream} Starting pipeline execution with 2 stages and total parallelism of 8 nodes[0m
[36m{MoStream} Cooperative MoStream runtime is used[0m
[36m{MoStream} CPU pinning is disabled[0m
[36m{MoStream} Pipeline starts...[0m
[36m{MoStream} ...terminated successfully![0m
PIPE_COOP_MPMC_RESULT backend= NBLFQ  producers= 4  consumers= 4  workers= 4  capacity= 1024  work_iterations= 160  messages= 200000  time_ms= 593.435902  throughput_Mtransfer_s= 0.3370203914625981  count= 200000  checksum= 476513354054716080  valid= True

block=-1 position=2 command=['/tmp/mostream-ms-bench-9v2x9dkz/MPMC', '50000', '4', '4', '1024', '160']
[36m{MoStream} Starting pipeline execution with 2 stages and total parallelism of 8 nodes[0m
[36m{MoStream} Cooperative MoStream runtime is used[0m
[36m{MoStream} CPU pinning is disabled[0m
[36m{MoStream} Pipeline starts...[0m
[36m{MoStream} ...terminated successfully![0m
PIPE_COOP_MPMC_RESULT backend= MPMC  producers= 4  consumers= 4  workers= 4  capacity= 1024  work_iterations= 160  messages= 200000  time_ms= 482.79039  throughput_Mtransfer_s= 0.4142584528246306  count= 200000  checksum= 476513354054716080  valid= True

block=-1 position=3 command=['/tmp/mostream-ms-bench-9v2x9dkz/PADDEDFAA', '50000', '4', '4', '1024', '160']
[36m{MoStream} Starting pipeline execution with 2 stages and total parallelism of 8 nodes[0m
[36m{MoStream} Cooperative MoStream runtime is used[0m
[36m{MoStream} CPU pinning is disabled[0m
[36m{MoStream} Pipeline starts...[0m
[36m{MoStream} ...terminated successfully![0m
PIPE_COOP_MPMC_RESULT backend= PADDEDFAA  producers= 4  consumers= 4  workers= 4  capacity= 1024  work_iterations= 160  messages= 200000  time_ms= 450.402941  throughput_Mtransfer_s= 0.44404683405475365  count= 200000  checksum= 476513354054716080  valid= True

block=-1 position=4 command=['/tmp/mostream-ms-bench-9v2x9dkz/SCQ', '50000', '4', '4', '1024', '160']
[36m{MoStream} Starting pipeline execution with 2 stages and total parallelism of 8 nodes[0m
[36m{MoStream} Cooperative MoStream runtime is used[0m
[36m{MoStream} CPU pinning is disabled[0m
[36m{MoStream} Pipeline starts...[0m
[36m{MoStream} ...terminated successfully![0m
PIPE_COOP_MPMC_RESULT backend= SCQ  producers= 4  consumers= 4  workers= 4  capacity= 1024  work_iterations= 160  messages= 200000  time_ms= 540.444736  throughput_Mtransfer_s= 0.37006558983303706  count= 200000  checksum= 476513354054716080  valid= True

block=0 position=0 command=['/tmp/mostream-ms-bench-9v2x9dkz/NBLFQ', '50000', '4', '1', '1024', '160']
[36m{MoStream} Starting pipeline execution with 2 stages and total parallelism of 8 nodes[0m
[36m{MoStream} Cooperative MoStream runtime is used[0m
[36m{MoStream} CPU pinning is disabled[0m
[36m{MoStream} Pipeline starts...[0m
[36m{MoStream} ...terminated successfully![0m
PIPE_COOP_MPMC_RESULT backend= NBLFQ  producers= 4  consumers= 4  workers= 1  capacity= 1024  work_iterations= 160  messages= 200000  time_ms= 411.45262  throughput_Mtransfer_s= 0.4860826989022454  count= 200000  checksum= 476513354054716080  valid= True

block=0 position=1 command=['/tmp/mostream-ms-bench-9v2x9dkz/SCQ', '50000', '4', '1', '1024', '160']
[36m{MoStream} Starting pipeline execution with 2 stages and total parallelism of 8 nodes[0m
[36m{MoStream} Cooperative MoStream runtime is used[0m
[36m{MoStream} CPU pinning is disabled[0m
[36m{MoStream} Pipeline starts...[0m
[36m{MoStream} ...terminated successfully![0m
PIPE_COOP_MPMC_RESULT backend= SCQ  producers= 4  consumers= 4  workers= 1  capacity= 1024  work_iterations= 160  messages= 200000  time_ms= 327.572166  throughput_Mtransfer_s= 0.6105524850972839  count= 200000  checksum= 476513354054716080  valid= True

block=0 position=2 command=['/tmp/mostream-ms-bench-9v2x9dkz/MICHAELSCOTT', '50000', '4', '1', '1024', '160']
[36m{MoStream} Starting pipeline execution with 2 stages and total parallelism of 8 nodes[0m
[36m{MoStream} Cooperative MoStream runtime is used[0m
[36m{MoStream} CPU pinning is disabled[0m
[36m{MoStream} Pipeline starts...[0m
[36m{MoStream} ...terminated successfully![0m
PIPE_COOP_MPMC_RESULT backend= MICHAELSCOTT  producers= 4  consumers= 4  workers= 1  capacity= 1024  work_iterations= 160  messages= 200000  time_ms= 314.230115  throughput_Mtransfer_s= 0.6364762333489266  count= 200000  checksum= 476513354054716080  valid= True

block=0 position=3 command=['/tmp/mostream-ms-bench-9v2x9dkz/PADDEDFAA', '50000', '4', '1', '1024', '160']
[36m{MoStream} Starting pipeline execution with 2 stages and total parallelism of 8 nodes[0m
[36m{MoStream} Cooperative MoStream runtime is used[0m
[36m{MoStream} CPU pinning is disabled[0m
[36m{MoStream} Pipeline starts...[0m
[36m{MoStream} ...terminated successfully![0m
PIPE_COOP_MPMC_RESULT backend= PADDEDFAA  producers= 4  consumers= 4  workers= 1  capacity= 1024  work_iterations= 160  messages= 200000  time_ms= 310.590298  throughput_Mtransfer_s= 0.6439351173809041  count= 200000  checksum= 476513354054716080  valid= True

block=0 position=4 command=['/tmp/mostream-ms-bench-9v2x9dkz/MPMC', '50000', '4', '1', '1024', '160']
[36m{MoStream} Starting pipeline execution with 2 stages and total parallelism of 8 nodes[0m
[36m{MoStream} Cooperative MoStream runtime is used[0m
[36m{MoStream} CPU pinning is disabled[0m
[36m{MoStream} Pipeline starts...[0m
[36m{MoStream} ...terminated successfully![0m
PIPE_COOP_MPMC_RESULT backend= MPMC  producers= 4  consumers= 4  workers= 1  capacity= 1024  work_iterations= 160  messages= 200000  time_ms= 304.874232  throughput_Mtransfer_s= 0.6560082125930538  count= 200000  checksum= 476513354054716080  valid= True

block=0 position=0 command=['/tmp/mostream-ms-bench-9v2x9dkz/NBLFQ', '50000', '4', '4', '1024', '0']
[36m{MoStream} Starting pipeline execution with 2 stages and total parallelism of 8 nodes[0m
[36m{MoStream} Cooperative MoStream runtime is used[0m
[36m{MoStream} CPU pinning is disabled[0m
[36m{MoStream} Pipeline starts...[0m
[36m{MoStream} ...terminated successfully![0m
PIPE_COOP_MPMC_RESULT backend= NBLFQ  producers= 4  consumers= 4  workers= 4  capacity= 1024  work_iterations= 0  messages= 200000  time_ms= 559.366943  throughput_Mtransfer_s= 0.3575470493972326  count= 200000  checksum= 5000100000  valid= True

block=0 position=1 command=['/tmp/mostream-ms-bench-9v2x9dkz/SCQ', '50000', '4', '4', '1024', '0']
[36m{MoStream} Starting pipeline execution with 2 stages and total parallelism of 8 nodes[0m
[36m{MoStream} Cooperative MoStream runtime is used[0m
[36m{MoStream} CPU pinning is disabled[0m
[36m{MoStream} Pipeline starts...[0m
[36m{MoStream} ...terminated successfully![0m
PIPE_COOP_MPMC_RESULT backend= SCQ  producers= 4  consumers= 4  workers= 4  capacity= 1024  work_iterations= 0  messages= 200000  time_ms= 460.142571  throughput_Mtransfer_s= 0.4346478952498398  count= 200000  checksum= 5000100000  valid= True

block=0 position=2 command=['/tmp/mostream-ms-bench-9v2x9dkz/MPMC', '50000', '4', '4', '1024', '0']
[36m{MoStream} Starting pipeline execution with 2 stages and total parallelism of 8 nodes[0m
[36m{MoStream} Cooperative MoStream runtime is used[0m
[36m{MoStream} CPU pinning is disabled[0m
[36m{MoStream} Pipeline starts...[0m
[36m{MoStream} ...terminated successfully![0m
PIPE_COOP_MPMC_RESULT backend= MPMC  producers= 4  consumers= 4  workers= 4  capacity= 1024  work_iterations= 0  messages= 200000  time_ms= 427.751336  throughput_Mtransfer_s= 0.4675613684114829  count= 200000  checksum= 5000100000  valid= True

block=0 position=3 command=['/tmp/mostream-ms-bench-9v2x9dkz/PADDEDFAA', '50000', '4', '4', '1024', '0']
[36m{MoStream} Starting pipeline execution with 2 stages and total parallelism of 8 nodes[0m
[36m{MoStream} Cooperative MoStream runtime is used[0m
[36m{MoStream} CPU pinning is disabled[0m
[36m{MoStream} Pipeline starts...[0m
[36m{MoStream} ...terminated successfully![0m
PIPE_COOP_MPMC_RESULT backend= PADDEDFAA  producers= 4  consumers= 4  workers= 4  capacity= 1024  work_iterations= 0  messages= 200000  time_ms= 437.124301  throughput_Mtransfer_s= 0.45753576166427773  count= 200000  checksum= 5000100000  valid= True

block=0 position=4 command=['/tmp/mostream-ms-bench-9v2x9dkz/MICHAELSCOTT', '50000', '4', '4', '1024', '0']
[36m{MoStream} Starting pipeline execution with 2 stages and total parallelism of 8 nodes[0m
[36m{MoStream} Cooperative MoStream runtime is used[0m
[36m{MoStream} CPU pinning is disabled[0m
[36m{MoStream} Pipeline starts...[0m
[36m{MoStream} ...terminated successfully![0m
PIPE_COOP_MPMC_RESULT backend= MICHAELSCOTT  producers= 4  consumers= 4  workers= 4  capacity= 1024  work_iterations= 0  messages= 200000  time_ms= 426.381828  throughput_Mtransfer_s= 0.4690631421562365  count= 200000  checksum= 5000100000  valid= True

block=0 position=0 command=['/tmp/mostream-ms-bench-9v2x9dkz/MICHAELSCOTT', '50000', '4', '2', '1024', '0']
[36m{MoStream} Starting pipeline execution with 2 stages and total parallelism of 8 nodes[0m
[36m{MoStream} Cooperative MoStream runtime is used[0m
[36m{MoStream} CPU pinning is disabled[0m
[36m{MoStream} Pipeline starts...[0m
[36m{MoStream} ...terminated successfully![0m
PIPE_COOP_MPMC_RESULT backend= MICHAELSCOTT  producers= 4  consumers= 4  workers= 2  capacity= 1024  work_iterations= 0  messages= 200000  time_ms= 509.645857  throughput_Mtransfer_s= 0.3924293649266337  count= 200000  checksum= 5000100000  valid= True

block=0 position=1 command=['/tmp/mostream-ms-bench-9v2x9dkz/MPMC', '50000', '4', '2', '1024', '0']
[36m{MoStream} Starting pipeline execution with 2 stages and total parallelism of 8 nodes[0m
[36m{MoStream} Cooperative MoStream runtime is used[0m
[36m{MoStream} CPU pinning is disabled[0m
[36m{MoStream} Pipeline starts...[0m
[36m{MoStream} ...terminated successfully![0m
PIPE_COOP_MPMC_RESULT backend= MPMC  producers= 4  consumers= 4  workers= 2  capacity= 1024  work_iterations= 0  messages= 200000  time_ms= 456.171828  throughput_Mtransfer_s= 0.4384312833978866  count= 200000  checksum= 5000100000  valid= True

block=0 position=2 command=['/tmp/mostream-ms-bench-9v2x9dkz/NBLFQ', '50000', '4', '2', '1024', '0']
[36m{MoStream} Starting pipeline execution with 2 stages and total parallelism of 8 nodes[0m
[36m{MoStream} Cooperative MoStream runtime is used[0m
[36m{MoStream} CPU pinning is disabled[0m
[36m{MoStream} Pipeline starts...[0m
[36m{MoStream} ...terminated successfully![0m
PIPE_COOP_MPMC_RESULT backend= NBLFQ  producers= 4  consumers= 4  workers= 2  capacity= 1024  work_iterations= 0  messages= 200000  time_ms= 693.817974  throughput_Mtransfer_s= 0.2882600444133204  count= 200000  checksum= 5000100000  valid= True

block=0 position=3 command=['/tmp/mostream-ms-bench-9v2x9dkz/SCQ', '50000', '4', '2', '1024', '0']
[36m{MoStream} Starting pipeline execution with 2 stages and total parallelism of 8 nodes[0m
[36m{MoStream} Cooperative MoStream runtime is used[0m
[36m{MoStream} CPU pinning is disabled[0m
[36m{MoStream} Pipeline starts...[0m
[36m{MoStream} ...terminated successfully![0m
PIPE_COOP_MPMC_RESULT backend= SCQ  producers= 4  consumers= 4  workers= 2  capacity= 1024  work_iterations= 0  messages= 200000  time_ms= 473.579493  throughput_Mtransfer_s= 0.4223155836690758  count= 200000  checksum= 5000100000  valid= True

block=0 position=4 command=['/tmp/mostream-ms-bench-9v2x9dkz/PADDEDFAA', '50000', '4', '2', '1024', '0']
[36m{MoStream} Starting pipeline execution with 2 stages and total parallelism of 8 nodes[0m
[36m{MoStream} Cooperative MoStream runtime is used[0m
[36m{MoStream} CPU pinning is disabled[0m
[36m{MoStream} Pipeline starts...[0m
[36m{MoStream} ...terminated successfully![0m
PIPE_COOP_MPMC_RESULT backend= PADDEDFAA  producers= 4  consumers= 4  workers= 2  capacity= 1024  work_iterations= 0  messages= 200000  time_ms= 421.801124  throughput_Mtransfer_s= 0.4741571053755656  count= 200000  checksum= 5000100000  valid= True

block=0 position=0 command=['/tmp/mostream-ms-bench-9v2x9dkz/SCQ', '50000', '4', '8', '1024', '0']
[36m{MoStream} Starting pipeline execution with 2 stages and total parallelism of 8 nodes[0m
[36m{MoStream} Cooperative MoStream runtime is used[0m
[36m{MoStream} CPU pinning is disabled[0m
[36m{MoStream} Pipeline starts...[0m
[36m{MoStream} ...terminated successfully![0m
PIPE_COOP_MPMC_RESULT backend= SCQ  producers= 4  consumers= 4  workers= 8  capacity= 1024  work_iterations= 0  messages= 200000  time_ms= 434.460115  throughput_Mtransfer_s= 0.46034145159677087  count= 200000  checksum= 5000100000  valid= True

block=0 position=1 command=['/tmp/mostream-ms-bench-9v2x9dkz/PADDEDFAA', '50000', '4', '8', '1024', '0']
[36m{MoStream} Starting pipeline execution with 2 stages and total parallelism of 8 nodes[0m
[36m{MoStream} Cooperative MoStream runtime is used[0m
[36m{MoStream} CPU pinning is disabled[0m
[36m{MoStream} Pipeline starts...[0m
[36m{MoStream} ...terminated successfully![0m
PIPE_COOP_MPMC_RESULT backend= PADDEDFAA  producers= 4  consumers= 4  workers= 8  capacity= 1024  work_iterations= 0  messages= 200000  time_ms= 418.383489  throughput_Mtransfer_s= 0.4780303364218084  count= 200000  checksum= 5000100000  valid= True

block=0 position=2 command=['/tmp/mostream-ms-bench-9v2x9dkz/NBLFQ', '50000', '4', '8', '1024', '0']
[36m{MoStream} Starting pipeline execution with 2 stages and total parallelism of 8 nodes[0m
[36m{MoStream} Cooperative MoStream runtime is used[0m
[36m{MoStream} CPU pinning is disabled[0m
[36m{MoStream} Pipeline starts...[0m
[36m{MoStream} ...terminated successfully![0m
PIPE_COOP_MPMC_RESULT backend= NBLFQ  producers= 4  consumers= 4  workers= 8  capacity= 1024  work_iterations= 0  messages= 200000  time_ms= 460.056292  throughput_Mtransfer_s= 0.4347294091567386  count= 200000  checksum= 5000100000  valid= True

block=0 position=3 command=['/tmp/mostream-ms-bench-9v2x9dkz/MICHAELSCOTT', '50000', '4', '8', '1024', '0']
[36m{MoStream} Starting pipeline execution with 2 stages and total parallelism of 8 nodes[0m
[36m{MoStream} Cooperative MoStream runtime is used[0m
[36m{MoStream} CPU pinning is disabled[0m
[36m{MoStream} Pipeline starts...[0m
[36m{MoStream} ...terminated successfully![0m
PIPE_COOP_MPMC_RESULT backend= MICHAELSCOTT  producers= 4  consumers= 4  workers= 8  capacity= 1024  work_iterations= 0  messages= 200000  time_ms= 409.629925  throughput_Mtransfer_s= 0.4882455792261759  count= 200000  checksum= 5000100000  valid= True

block=0 position=4 command=['/tmp/mostream-ms-bench-9v2x9dkz/MPMC', '50000', '4', '8', '1024', '0']
[36m{MoStream} Starting pipeline execution with 2 stages and total parallelism of 8 nodes[0m
[36m{MoStream} Cooperative MoStream runtime is used[0m
[36m{MoStream} CPU pinning is disabled[0m
[36m{MoStream} Pipeline starts...[0m
[36m{MoStream} ...terminated successfully![0m
PIPE_COOP_MPMC_RESULT backend= MPMC  producers= 4  consumers= 4  workers= 8  capacity= 1024  work_iterations= 0  messages= 200000  time_ms= 413.12876  throughput_Mtransfer_s= 0.48411057124176005  count= 200000  checksum= 5000100000  valid= True

block=0 position=0 command=['/tmp/mostream-ms-bench-9v2x9dkz/MPMC', '50000', '4', '8', '1024', '160']
[36m{MoStream} Starting pipeline execution with 2 stages and total parallelism of 8 nodes[0m
[36m{MoStream} Cooperative MoStream runtime is used[0m
[36m{MoStream} CPU pinning is disabled[0m
[36m{MoStream} Pipeline starts...[0m
[36m{MoStream} ...terminated successfully![0m
PIPE_COOP_MPMC_RESULT backend= MPMC  producers= 4  consumers= 4  workers= 8  capacity= 1024  work_iterations= 160  messages= 200000  time_ms= 437.511853  throughput_Mtransfer_s= 0.4571304723028841  count= 200000  checksum= 476513354054716080  valid= True

block=0 position=1 command=['/tmp/mostream-ms-bench-9v2x9dkz/NBLFQ', '50000', '4', '8', '1024', '160']
[36m{MoStream} Starting pipeline execution with 2 stages and total parallelism of 8 nodes[0m
[36m{MoStream} Cooperative MoStream runtime is used[0m
[36m{MoStream} CPU pinning is disabled[0m
[36m{MoStream} Pipeline starts...[0m
[36m{MoStream} ...terminated successfully![0m
PIPE_COOP_MPMC_RESULT backend= NBLFQ  producers= 4  consumers= 4  workers= 8  capacity= 1024  work_iterations= 160  messages= 200000  time_ms= 483.406909  throughput_Mtransfer_s= 0.4137301231662785  count= 200000  checksum= 476513354054716080  valid= True

block=0 position=2 command=['/tmp/mostream-ms-bench-9v2x9dkz/SCQ', '50000', '4', '8', '1024', '160']
[36m{MoStream} Starting pipeline execution with 2 stages and total parallelism of 8 nodes[0m
[36m{MoStream} Cooperative MoStream runtime is used[0m
[36m{MoStream} CPU pinning is disabled[0m
[36m{MoStream} Pipeline starts...[0m
[36m{MoStream} ...terminated successfully![0m
PIPE_COOP_MPMC_RESULT backend= SCQ  producers= 4  consumers= 4  workers= 8  capacity= 1024  work_iterations= 160  messages= 200000  time_ms= 475.092875  throughput_Mtransfer_s= 0.420970320803064  count= 200000  checksum= 476513354054716080  valid= True

block=0 position=3 command=['/tmp/mostream-ms-bench-9v2x9dkz/MICHAELSCOTT', '50000', '4', '8', '1024', '160']
[36m{MoStream} Starting pipeline execution with 2 stages and total parallelism of 8 nodes[0m
[36m{MoStream} Cooperative MoStream runtime is used[0m
[36m{MoStream} CPU pinning is disabled[0m
[36m{MoStream} Pipeline starts...[0m
[36m{MoStream} ...terminated successfully![0m
PIPE_COOP_MPMC_RESULT backend= MICHAELSCOTT  producers= 4  consumers= 4  workers= 8  capacity= 1024  work_iterations= 160  messages= 200000  time_ms= 445.533616  throughput_Mtransfer_s= 0.4488999097208414  count= 200000  checksum= 476513354054716080  valid= True

block=0 position=4 command=['/tmp/mostream-ms-bench-9v2x9dkz/PADDEDFAA', '50000', '4', '8', '1024', '160']
[36m{MoStream} Starting pipeline execution with 2 stages and total parallelism of 8 nodes[0m
[36m{MoStream} Cooperative MoStream runtime is used[0m
[36m{MoStream} CPU pinning is disabled[0m
[36m{MoStream} Pipeline starts...[0m
[36m{MoStream} ...terminated successfully![0m
PIPE_COOP_MPMC_RESULT backend= PADDEDFAA  producers= 4  consumers= 4  workers= 8  capacity= 1024  work_iterations= 160  messages= 200000  time_ms= 430.225185  throughput_Mtransfer_s= 0.46487283165442767  count= 200000  checksum= 476513354054716080  valid= True

block=0 position=0 command=['/tmp/mostream-ms-bench-9v2x9dkz/NBLFQ', '50000', '4', '4', '1024', '160']
[36m{MoStream} Starting pipeline execution with 2 stages and total parallelism of 8 nodes[0m
[36m{MoStream} Cooperative MoStream runtime is used[0m
[36m{MoStream} CPU pinning is disabled[0m
[36m{MoStream} Pipeline starts...[0m
[36m{MoStream} ...terminated successfully![0m
PIPE_COOP_MPMC_RESULT backend= NBLFQ  producers= 4  consumers= 4  workers= 4  capacity= 1024  work_iterations= 160  messages= 200000  time_ms= 604.191348  throughput_Mtransfer_s= 0.33102095993602343  count= 200000  checksum= 476513354054716080  valid= True

block=0 position=1 command=['/tmp/mostream-ms-bench-9v2x9dkz/MPMC', '50000', '4', '4', '1024', '160']
[36m{MoStream} Starting pipeline execution with 2 stages and total parallelism of 8 nodes[0m
[36m{MoStream} Cooperative MoStream runtime is used[0m
[36m{MoStream} CPU pinning is disabled[0m
[36m{MoStream} Pipeline starts...[0m
[36m{MoStream} ...terminated successfully![0m
PIPE_COOP_MPMC_RESULT backend= MPMC  producers= 4  consumers= 4  workers= 4  capacity= 1024  work_iterations= 160  messages= 200000  time_ms= 451.093604  throughput_Mtransfer_s= 0.44336696026397215  count= 200000  checksum= 476513354054716080  valid= True

block=0 position=2 command=['/tmp/mostream-ms-bench-9v2x9dkz/PADDEDFAA', '50000', '4', '4', '1024', '160']
[36m{MoStream} Starting pipeline execution with 2 stages and total parallelism of 8 nodes[0m
[36m{MoStream} Cooperative MoStream runtime is used[0m
[36m{MoStream} CPU pinning is disabled[0m
[36m{MoStream} Pipeline starts...[0m
[36m{MoStream} ...terminated successfully![0m
PIPE_COOP_MPMC_RESULT backend= PADDEDFAA  producers= 4  consumers= 4  workers= 4  capacity= 1024  work_iterations= 160  messages= 200000  time_ms= 452.546998  throughput_Mtransfer_s= 0.44194304875269547  count= 200000  checksum= 476513354054716080  valid= True

block=0 position=3 command=['/tmp/mostream-ms-bench-9v2x9dkz/SCQ', '50000', '4', '4', '1024', '160']
[36m{MoStream} Starting pipeline execution with 2 stages and total parallelism of 8 nodes[0m
[36m{MoStream} Cooperative MoStream runtime is used[0m
[36m{MoStream} CPU pinning is disabled[0m
[36m{MoStream} Pipeline starts...[0m
[36m{MoStream} ...terminated successfully![0m
PIPE_COOP_MPMC_RESULT backend= SCQ  producers= 4  consumers= 4  workers= 4  capacity= 1024  work_iterations= 160  messages= 200000  time_ms= 531.021114  throughput_Mtransfer_s= 0.3766328583311284  count= 200000  checksum= 476513354054716080  valid= True

block=0 position=4 command=['/tmp/mostream-ms-bench-9v2x9dkz/MICHAELSCOTT', '50000', '4', '4', '1024', '160']
[36m{MoStream} Starting pipeline execution with 2 stages and total parallelism of 8 nodes[0m
[36m{MoStream} Cooperative MoStream runtime is used[0m
[36m{MoStream} CPU pinning is disabled[0m
[36m{MoStream} Pipeline starts...[0m
[36m{MoStream} ...terminated successfully![0m
PIPE_COOP_MPMC_RESULT backend= MICHAELSCOTT  producers= 4  consumers= 4  workers= 4  capacity= 1024  work_iterations= 160  messages= 200000  time_ms= 499.549445  throughput_Mtransfer_s= 0.40036076909263707  count= 200000  checksum= 476513354054716080  valid= True

block=0 position=0 command=['/tmp/mostream-ms-bench-9v2x9dkz/PADDEDFAA', '50000', '4', '2', '1024', '160']
[36m{MoStream} Starting pipeline execution with 2 stages and total parallelism of 8 nodes[0m
[36m{MoStream} Cooperative MoStream runtime is used[0m
[36m{MoStream} CPU pinning is disabled[0m
[36m{MoStream} Pipeline starts...[0m
[36m{MoStream} ...terminated successfully![0m
PIPE_COOP_MPMC_RESULT backend= PADDEDFAA  producers= 4  consumers= 4  workers= 2  capacity= 1024  work_iterations= 160  messages= 200000  time_ms= 493.53826  throughput_Mtransfer_s= 0.4052370732108996  count= 200000  checksum= 476513354054716080  valid= True

block=0 position=1 command=['/tmp/mostream-ms-bench-9v2x9dkz/MPMC', '50000', '4', '2', '1024', '160']
[36m{MoStream} Starting pipeline execution with 2 stages and total parallelism of 8 nodes[0m
[36m{MoStream} Cooperative MoStream runtime is used[0m
[36m{MoStream} CPU pinning is disabled[0m
[36m{MoStream} Pipeline starts...[0m
[36m{MoStream} ...terminated successfully![0m
PIPE_COOP_MPMC_RESULT backend= MPMC  producers= 4  consumers= 4  workers= 2  capacity= 1024  work_iterations= 160  messages= 200000  time_ms= 491.568741  throughput_Mtransfer_s= 0.4068606958065301  count= 200000  checksum= 476513354054716080  valid= True

block=0 position=2 command=['/tmp/mostream-ms-bench-9v2x9dkz/MICHAELSCOTT', '50000', '4', '2', '1024', '160']
[36m{MoStream} Starting pipeline execution with 2 stages and total parallelism of 8 nodes[0m
[36m{MoStream} Cooperative MoStream runtime is used[0m
[36m{MoStream} CPU pinning is disabled[0m
[36m{MoStream} Pipeline starts...[0m
[36m{MoStream} ...terminated successfully![0m
PIPE_COOP_MPMC_RESULT backend= MICHAELSCOTT  producers= 4  consumers= 4  workers= 2  capacity= 1024  work_iterations= 160  messages= 200000  time_ms= 574.352464  throughput_Mtransfer_s= 0.3482182327679541  count= 200000  checksum= 476513354054716080  valid= True

block=0 position=3 command=['/tmp/mostream-ms-bench-9v2x9dkz/NBLFQ', '50000', '4', '2', '1024', '160']
[36m{MoStream} Starting pipeline execution with 2 stages and total parallelism of 8 nodes[0m
[36m{MoStream} Cooperative MoStream runtime is used[0m
[36m{MoStream} CPU pinning is disabled[0m
[36m{MoStream} Pipeline starts...[0m
[36m{MoStream} ...terminated successfully![0m
PIPE_COOP_MPMC_RESULT backend= NBLFQ  producers= 4  consumers= 4  workers= 2  capacity= 1024  work_iterations= 160  messages= 200000  time_ms= 619.206265  throughput_Mtransfer_s= 0.3229941480001014  count= 200000  checksum= 476513354054716080  valid= True

block=0 position=4 command=['/tmp/mostream-ms-bench-9v2x9dkz/SCQ', '50000', '4', '2', '1024', '160']
[36m{MoStream} Starting pipeline execution with 2 stages and total parallelism of 8 nodes[0m
[36m{MoStream} Cooperative MoStream runtime is used[0m
[36m{MoStream} CPU pinning is disabled[0m
[36m{MoStream} Pipeline starts...[0m
[36m{MoStream} ...terminated successfully![0m
PIPE_COOP_MPMC_RESULT backend= SCQ  producers= 4  consumers= 4  workers= 2  capacity= 1024  work_iterations= 160  messages= 200000  time_ms= 536.713476  throughput_Mtransfer_s= 0.37263830506092976  count= 200000  checksum= 476513354054716080  valid= True

block=0 position=0 command=['/tmp/mostream-ms-bench-9v2x9dkz/NBLFQ', '50000', '4', '1', '1024', '0']
[36m{MoStream} Starting pipeline execution with 2 stages and total parallelism of 8 nodes[0m
[36m{MoStream} Cooperative MoStream runtime is used[0m
[36m{MoStream} CPU pinning is disabled[0m
[36m{MoStream} Pipeline starts...[0m
[36m{MoStream} ...terminated successfully![0m
PIPE_COOP_MPMC_RESULT backend= NBLFQ  producers= 4  consumers= 4  workers= 1  capacity= 1024  work_iterations= 0  messages= 200000  time_ms= 324.346444  throughput_Mtransfer_s= 0.6166246114293764  count= 200000  checksum= 5000100000  valid= True

block=0 position=1 command=['/tmp/mostream-ms-bench-9v2x9dkz/SCQ', '50000', '4', '1', '1024', '0']
[36m{MoStream} Starting pipeline execution with 2 stages and total parallelism of 8 nodes[0m
[36m{MoStream} Cooperative MoStream runtime is used[0m
[36m{MoStream} CPU pinning is disabled[0m
[36m{MoStream} Pipeline starts...[0m
[36m{MoStream} ...terminated successfully![0m
PIPE_COOP_MPMC_RESULT backend= SCQ  producers= 4  consumers= 4  workers= 1  capacity= 1024  work_iterations= 0  messages= 200000  time_ms= 242.55018  throughput_Mtransfer_s= 0.8245716412166753  count= 200000  checksum= 5000100000  valid= True

block=0 position=2 command=['/tmp/mostream-ms-bench-9v2x9dkz/MICHAELSCOTT', '50000', '4', '1', '1024', '0']
[36m{MoStream} Starting pipeline execution with 2 stages and total parallelism of 8 nodes[0m
[36m{MoStream} Cooperative MoStream runtime is used[0m
[36m{MoStream} CPU pinning is disabled[0m
[36m{MoStream} Pipeline starts...[0m
[36m{MoStream} ...terminated successfully![0m
PIPE_COOP_MPMC_RESULT backend= MICHAELSCOTT  producers= 4  consumers= 4  workers= 1  capacity= 1024  work_iterations= 0  messages= 200000  time_ms= 233.639248  throughput_Mtransfer_s= 0.8560205603811908  count= 200000  checksum= 5000100000  valid= True

block=0 position=3 command=['/tmp/mostream-ms-bench-9v2x9dkz/MPMC', '50000', '4', '1', '1024', '0']
[36m{MoStream} Starting pipeline execution with 2 stages and total parallelism of 8 nodes[0m
[36m{MoStream} Cooperative MoStream runtime is used[0m
[36m{MoStream} CPU pinning is disabled[0m
[36m{MoStream} Pipeline starts...[0m
[36m{MoStream} ...terminated successfully![0m
PIPE_COOP_MPMC_RESULT backend= MPMC  producers= 4  consumers= 4  workers= 1  capacity= 1024  work_iterations= 0  messages= 200000  time_ms= 220.085465  throughput_Mtransfer_s= 0.908737885075691  count= 200000  checksum= 5000100000  valid= True

block=0 position=4 command=['/tmp/mostream-ms-bench-9v2x9dkz/PADDEDFAA', '50000', '4', '1', '1024', '0']
[36m{MoStream} Starting pipeline execution with 2 stages and total parallelism of 8 nodes[0m
[36m{MoStream} Cooperative MoStream runtime is used[0m
[36m{MoStream} CPU pinning is disabled[0m
[36m{MoStream} Pipeline starts...[0m
[36m{MoStream} ...terminated successfully![0m
PIPE_COOP_MPMC_RESULT backend= PADDEDFAA  producers= 4  consumers= 4  workers= 1  capacity= 1024  work_iterations= 0  messages= 200000  time_ms= 223.127748  throughput_Mtransfer_s= 0.8963475040316367  count= 200000  checksum= 5000100000  valid= True

block=1 position=0 command=['/tmp/mostream-ms-bench-9v2x9dkz/SCQ', '50000', '4', '4', '1024', '0']
[36m{MoStream} Starting pipeline execution with 2 stages and total parallelism of 8 nodes[0m
[36m{MoStream} Cooperative MoStream runtime is used[0m
[36m{MoStream} CPU pinning is disabled[0m
[36m{MoStream} Pipeline starts...[0m
[36m{MoStream} ...terminated successfully![0m
PIPE_COOP_MPMC_RESULT backend= SCQ  producers= 4  consumers= 4  workers= 4  capacity= 1024  work_iterations= 0  messages= 200000  time_ms= 456.670126  throughput_Mtransfer_s= 0.43795288680652605  count= 200000  checksum= 5000100000  valid= True

block=1 position=1 command=['/tmp/mostream-ms-bench-9v2x9dkz/MPMC', '50000', '4', '4', '1024', '0']
[36m{MoStream} Starting pipeline execution with 2 stages and total parallelism of 8 nodes[0m
[36m{MoStream} Cooperative MoStream runtime is used[0m
[36m{MoStream} CPU pinning is disabled[0m
[36m{MoStream} Pipeline starts...[0m
[36m{MoStream} ...terminated successfully![0m
PIPE_COOP_MPMC_RESULT backend= MPMC  producers= 4  consumers= 4  workers= 4  capacity= 1024  work_iterations= 0  messages= 200000  time_ms= 447.102264  throughput_Mtransfer_s= 0.44732495472221545  count= 200000  checksum= 5000100000  valid= True

block=1 position=2 command=['/tmp/mostream-ms-bench-9v2x9dkz/PADDEDFAA', '50000', '4', '4', '1024', '0']
[36m{MoStream} Starting pipeline execution with 2 stages and total parallelism of 8 nodes[0m
[36m{MoStream} Cooperative MoStream runtime is used[0m
[36m{MoStream} CPU pinning is disabled[0m
[36m{MoStream} Pipeline starts...[0m
[36m{MoStream} ...terminated successfully![0m
PIPE_COOP_MPMC_RESULT backend= PADDEDFAA  producers= 4  consumers= 4  workers= 4  capacity= 1024  work_iterations= 0  messages= 200000  time_ms= 446.624372  throughput_Mtransfer_s= 0.4478035963518802  count= 200000  checksum= 5000100000  valid= True

block=1 position=3 command=['/tmp/mostream-ms-bench-9v2x9dkz/MICHAELSCOTT', '50000', '4', '4', '1024', '0']
[36m{MoStream} Starting pipeline execution with 2 stages and total parallelism of 8 nodes[0m
[36m{MoStream} Cooperative MoStream runtime is used[0m
[36m{MoStream} CPU pinning is disabled[0m
[36m{MoStream} Pipeline starts...[0m
[36m{MoStream} ...terminated successfully![0m
PIPE_COOP_MPMC_RESULT backend= MICHAELSCOTT  producers= 4  consumers= 4  workers= 4  capacity= 1024  work_iterations= 0  messages= 200000  time_ms= 441.226152  throughput_Mtransfer_s= 0.4532822886708674  count= 200000  checksum= 5000100000  valid= True

block=1 position=4 command=['/tmp/mostream-ms-bench-9v2x9dkz/NBLFQ', '50000', '4', '4', '1024', '0']
[36m{MoStream} Starting pipeline execution with 2 stages and total parallelism of 8 nodes[0m
[36m{MoStream} Cooperative MoStream runtime is used[0m
[36m{MoStream} CPU pinning is disabled[0m
[36m{MoStream} Pipeline starts...[0m
[36m{MoStream} ...terminated successfully![0m
PIPE_COOP_MPMC_RESULT backend= NBLFQ  producers= 4  consumers= 4  workers= 4  capacity= 1024  work_iterations= 0  messages= 200000  time_ms= 545.572905  throughput_Mtransfer_s= 0.36658712001102767  count= 200000  checksum= 5000100000  valid= True

block=1 position=0 command=['/tmp/mostream-ms-bench-9v2x9dkz/PADDEDFAA', '50000', '4', '8', '1024', '0']
[36m{MoStream} Starting pipeline execution with 2 stages and total parallelism of 8 nodes[0m
[36m{MoStream} Cooperative MoStream runtime is used[0m
[36m{MoStream} CPU pinning is disabled[0m
[36m{MoStream} Pipeline starts...[0m
[36m{MoStream} ...terminated successfully![0m
PIPE_COOP_MPMC_RESULT backend= PADDEDFAA  producers= 4  consumers= 4  workers= 8  capacity= 1024  work_iterations= 0  messages= 200000  time_ms= 409.76118  throughput_Mtransfer_s= 0.48808918404618024  count= 200000  checksum= 5000100000  valid= True

block=1 position=1 command=['/tmp/mostream-ms-bench-9v2x9dkz/NBLFQ', '50000', '4', '8', '1024', '0']
[36m{MoStream} Starting pipeline execution with 2 stages and total parallelism of 8 nodes[0m
[36m{MoStream} Cooperative MoStream runtime is used[0m
[36m{MoStream} CPU pinning is disabled[0m
[36m{MoStream} Pipeline starts...[0m
[36m{MoStream} ...terminated successfully![0m
PIPE_COOP_MPMC_RESULT backend= NBLFQ  producers= 4  consumers= 4  workers= 8  capacity= 1024  work_iterations= 0  messages= 200000  time_ms= 445.071869  throughput_Mtransfer_s= 0.44936562818352377  count= 200000  checksum= 5000100000  valid= True

block=1 position=2 command=['/tmp/mostream-ms-bench-9v2x9dkz/MICHAELSCOTT', '50000', '4', '8', '1024', '0']
[36m{MoStream} Starting pipeline execution with 2 stages and total parallelism of 8 nodes[0m
[36m{MoStream} Cooperative MoStream runtime is used[0m
[36m{MoStream} CPU pinning is disabled[0m
[36m{MoStream} Pipeline starts...[0m
[36m{MoStream} ...terminated successfully![0m
PIPE_COOP_MPMC_RESULT backend= MICHAELSCOTT  producers= 4  consumers= 4  workers= 8  capacity= 1024  work_iterations= 0  messages= 200000  time_ms= 427.86433  throughput_Mtransfer_s= 0.46743789088471105  count= 200000  checksum= 5000100000  valid= True

block=1 position=3 command=['/tmp/mostream-ms-bench-9v2x9dkz/MPMC', '50000', '4', '8', '1024', '0']
[36m{MoStream} Starting pipeline execution with 2 stages and total parallelism of 8 nodes[0m
[36m{MoStream} Cooperative MoStream runtime is used[0m
[36m{MoStream} CPU pinning is disabled[0m
[36m{MoStream} Pipeline starts...[0m
[36m{MoStream} ...terminated successfully![0m
PIPE_COOP_MPMC_RESULT backend= MPMC  producers= 4  consumers= 4  workers= 8  capacity= 1024  work_iterations= 0  messages= 200000  time_ms= 451.211371  throughput_Mtransfer_s= 0.4432512406696417  count= 200000  checksum= 5000100000  valid= True

block=1 position=4 command=['/tmp/mostream-ms-bench-9v2x9dkz/SCQ', '50000', '4', '8', '1024', '0']
[36m{MoStream} Starting pipeline execution with 2 stages and total parallelism of 8 nodes[0m
[36m{MoStream} Cooperative MoStream runtime is used[0m
[36m{MoStream} CPU pinning is disabled[0m
[36m{MoStream} Pipeline starts...[0m
[36m{MoStream} ...terminated successfully![0m
PIPE_COOP_MPMC_RESULT backend= SCQ  producers= 4  consumers= 4  workers= 8  capacity= 1024  work_iterations= 0  messages= 200000  time_ms= 398.753024  throughput_Mtransfer_s= 0.501563594411763  count= 200000  checksum= 5000100000  valid= True

block=1 position=0 command=['/tmp/mostream-ms-bench-9v2x9dkz/SCQ', '50000', '4', '1', '1024', '0']
[36m{MoStream} Starting pipeline execution with 2 stages and total parallelism of 8 nodes[0m
[36m{MoStream} Cooperative MoStream runtime is used[0m
[36m{MoStream} CPU pinning is disabled[0m
[36m{MoStream} Pipeline starts...[0m
[36m{MoStream} ...terminated successfully![0m
PIPE_COOP_MPMC_RESULT backend= SCQ  producers= 4  consumers= 4  workers= 1  capacity= 1024  work_iterations= 0  messages= 200000  time_ms= 246.656831  throughput_Mtransfer_s= 0.8108431426332563  count= 200000  checksum= 5000100000  valid= True

block=1 position=1 command=['/tmp/mostream-ms-bench-9v2x9dkz/MICHAELSCOTT', '50000', '4', '1', '1024', '0']
[36m{MoStream} Starting pipeline execution with 2 stages and total parallelism of 8 nodes[0m
[36m{MoStream} Cooperative MoStream runtime is used[0m
[36m{MoStream} CPU pinning is disabled[0m
[36m{MoStream} Pipeline starts...[0m
[36m{MoStream} ...terminated successfully![0m
PIPE_COOP_MPMC_RESULT backend= MICHAELSCOTT  producers= 4  consumers= 4  workers= 1  capacity= 1024  work_iterations= 0  messages= 200000  time_ms= 232.859184  throughput_Mtransfer_s= 0.8588881768133311  count= 200000  checksum= 5000100000  valid= True

block=1 position=2 command=['/tmp/mostream-ms-bench-9v2x9dkz/MPMC', '50000', '4', '1', '1024', '0']
[36m{MoStream} Starting pipeline execution with 2 stages and total parallelism of 8 nodes[0m
[36m{MoStream} Cooperative MoStream runtime is used[0m
[36m{MoStream} CPU pinning is disabled[0m
[36m{MoStream} Pipeline starts...[0m
[36m{MoStream} ...terminated successfully![0m
PIPE_COOP_MPMC_RESULT backend= MPMC  producers= 4  consumers= 4  workers= 1  capacity= 1024  work_iterations= 0  messages= 200000  time_ms= 200.191768  throughput_Mtransfer_s= 0.9990420784934573  count= 200000  checksum= 5000100000  valid= True

block=1 position=3 command=['/tmp/mostream-ms-bench-9v2x9dkz/PADDEDFAA', '50000', '4', '1', '1024', '0']
[36m{MoStream} Starting pipeline execution with 2 stages and total parallelism of 8 nodes[0m
[36m{MoStream} Cooperative MoStream runtime is used[0m
[36m{MoStream} CPU pinning is disabled[0m
[36m{MoStream} Pipeline starts...[0m
[36m{MoStream} ...terminated successfully![0m
PIPE_COOP_MPMC_RESULT backend= PADDEDFAA  producers= 4  consumers= 4  workers= 1  capacity= 1024  work_iterations= 0  messages= 200000  time_ms= 225.316675  throughput_Mtransfer_s= 0.8876395854856282  count= 200000  checksum= 5000100000  valid= True

block=1 position=4 command=['/tmp/mostream-ms-bench-9v2x9dkz/NBLFQ', '50000', '4', '1', '1024', '0']
[36m{MoStream} Starting pipeline execution with 2 stages and total parallelism of 8 nodes[0m
[36m{MoStream} Cooperative MoStream runtime is used[0m
[36m{MoStream} CPU pinning is disabled[0m
[36m{MoStream} Pipeline starts...[0m
[36m{MoStream} ...terminated successfully![0m
PIPE_COOP_MPMC_RESULT backend= NBLFQ  producers= 4  consumers= 4  workers= 1  capacity= 1024  work_iterations= 0  messages= 200000  time_ms= 323.899661  throughput_Mtransfer_s= 0.617475175437124  count= 200000  checksum= 5000100000  valid= True

block=1 position=0 command=['/tmp/mostream-ms-bench-9v2x9dkz/MPMC', '50000', '4', '2', '1024', '160']
[36m{MoStream} Starting pipeline execution with 2 stages and total parallelism of 8 nodes[0m
[36m{MoStream} Cooperative MoStream runtime is used[0m
[36m{MoStream} CPU pinning is disabled[0m
[36m{MoStream} Pipeline starts...[0m
[36m{MoStream} ...terminated successfully![0m
PIPE_COOP_MPMC_RESULT backend= MPMC  producers= 4  consumers= 4  workers= 2  capacity= 1024  work_iterations= 160  messages= 200000  time_ms= 476.67267  throughput_Mtransfer_s= 0.4195751352809885  count= 200000  checksum= 476513354054716080  valid= True

block=1 position=1 command=['/tmp/mostream-ms-bench-9v2x9dkz/MICHAELSCOTT', '50000', '4', '2', '1024', '160']
[36m{MoStream} Starting pipeline execution with 2 stages and total parallelism of 8 nodes[0m
[36m{MoStream} Cooperative MoStream runtime is used[0m
[36m{MoStream} CPU pinning is disabled[0m
[36m{MoStream} Pipeline starts...[0m
[36m{MoStream} ...terminated successfully![0m
PIPE_COOP_MPMC_RESULT backend= MICHAELSCOTT  producers= 4  consumers= 4  workers= 2  capacity= 1024  work_iterations= 160  messages= 200000  time_ms= 517.50105  throughput_Mtransfer_s= 0.3864726458042935  count= 200000  checksum= 476513354054716080  valid= True

block=1 position=2 command=['/tmp/mostream-ms-bench-9v2x9dkz/NBLFQ', '50000', '4', '2', '1024', '160']
[36m{MoStream} Starting pipeline execution with 2 stages and total parallelism of 8 nodes[0m
[36m{MoStream} Cooperative MoStream runtime is used[0m
[36m{MoStream} CPU pinning is disabled[0m
[36m{MoStream} Pipeline starts...[0m
[36m{MoStream} ...terminated successfully![0m
PIPE_COOP_MPMC_RESULT backend= NBLFQ  producers= 4  consumers= 4  workers= 2  capacity= 1024  work_iterations= 160  messages= 200000  time_ms= 642.832978  throughput_Mtransfer_s= 0.3111228061482558  count= 200000  checksum= 476513354054716080  valid= True

block=1 position=3 command=['/tmp/mostream-ms-bench-9v2x9dkz/SCQ', '50000', '4', '2', '1024', '160']
[36m{MoStream} Starting pipeline execution with 2 stages and total parallelism of 8 nodes[0m
[36m{MoStream} Cooperative MoStream runtime is used[0m
[36m{MoStream} CPU pinning is disabled[0m
[36m{MoStream} Pipeline starts...[0m
[36m{MoStream} ...terminated successfully![0m
PIPE_COOP_MPMC_RESULT backend= SCQ  producers= 4  consumers= 4  workers= 2  capacity= 1024  work_iterations= 160  messages= 200000  time_ms= 525.053101  throughput_Mtransfer_s= 0.3809138535113613  count= 200000  checksum= 476513354054716080  valid= True

block=1 position=4 command=['/tmp/mostream-ms-bench-9v2x9dkz/PADDEDFAA', '50000', '4', '2', '1024', '160']
[36m{MoStream} Starting pipeline execution with 2 stages and total parallelism of 8 nodes[0m
[36m{MoStream} Cooperative MoStream runtime is used[0m
[36m{MoStream} CPU pinning is disabled[0m
[36m{MoStream} Pipeline starts...[0m
[36m{MoStream} ...terminated successfully![0m
PIPE_COOP_MPMC_RESULT backend= PADDEDFAA  producers= 4  consumers= 4  workers= 2  capacity= 1024  work_iterations= 160  messages= 200000  time_ms= 477.956087  throughput_Mtransfer_s= 0.4184484839503676  count= 200000  checksum= 476513354054716080  valid= True

block=1 position=0 command=['/tmp/mostream-ms-bench-9v2x9dkz/SCQ', '50000', '4', '1', '1024', '160']
[36m{MoStream} Starting pipeline execution with 2 stages and total parallelism of 8 nodes[0m
[36m{MoStream} Cooperative MoStream runtime is used[0m
[36m{MoStream} CPU pinning is disabled[0m
[36m{MoStream} Pipeline starts...[0m
[36m{MoStream} ...terminated successfully![0m
PIPE_COOP_MPMC_RESULT backend= SCQ  producers= 4  consumers= 4  workers= 1  capacity= 1024  work_iterations= 160  messages= 200000  time_ms= 325.187502  throughput_Mtransfer_s= 0.6150297867228612  count= 200000  checksum= 476513354054716080  valid= True

block=1 position=1 command=['/tmp/mostream-ms-bench-9v2x9dkz/MICHAELSCOTT', '50000', '4', '1', '1024', '160']
[36m{MoStream} Starting pipeline execution with 2 stages and total parallelism of 8 nodes[0m
[36m{MoStream} Cooperative MoStream runtime is used[0m
[36m{MoStream} CPU pinning is disabled[0m
[36m{MoStream} Pipeline starts...[0m
[36m{MoStream} ...terminated successfully![0m
PIPE_COOP_MPMC_RESULT backend= MICHAELSCOTT  producers= 4  consumers= 4  workers= 1  capacity= 1024  work_iterations= 160  messages= 200000  time_ms= 315.396284  throughput_Mtransfer_s= 0.6341228801541618  count= 200000  checksum= 476513354054716080  valid= True

block=1 position=2 command=['/tmp/mostream-ms-bench-9v2x9dkz/PADDEDFAA', '50000', '4', '1', '1024', '160']
[36m{MoStream} Starting pipeline execution with 2 stages and total parallelism of 8 nodes[0m
[36m{MoStream} Cooperative MoStream runtime is used[0m
[36m{MoStream} CPU pinning is disabled[0m
[36m{MoStream} Pipeline starts...[0m
[36m{MoStream} ...terminated successfully![0m
PIPE_COOP_MPMC_RESULT backend= PADDEDFAA  producers= 4  consumers= 4  workers= 1  capacity= 1024  work_iterations= 160  messages= 200000  time_ms= 306.675432  throughput_Mtransfer_s= 0.6521552727445086  count= 200000  checksum= 476513354054716080  valid= True

block=1 position=3 command=['/tmp/mostream-ms-bench-9v2x9dkz/MPMC', '50000', '4', '1', '1024', '160']
[36m{MoStream} Starting pipeline execution with 2 stages and total parallelism of 8 nodes[0m
[36m{MoStream} Cooperative MoStream runtime is used[0m
[36m{MoStream} CPU pinning is disabled[0m
[36m{MoStream} Pipeline starts...[0m
[36m{MoStream} ...terminated successfully![0m
PIPE_COOP_MPMC_RESULT backend= MPMC  producers= 4  consumers= 4  workers= 1  capacity= 1024  work_iterations= 160  messages= 200000  time_ms= 304.921237  throughput_Mtransfer_s= 0.6559070859338013  count= 200000  checksum= 476513354054716080  valid= True

block=1 position=4 command=['/tmp/mostream-ms-bench-9v2x9dkz/NBLFQ', '50000', '4', '1', '1024', '160']
[36m{MoStream} Starting pipeline execution with 2 stages and total parallelism of 8 nodes[0m
[36m{MoStream} Cooperative MoStream runtime is used[0m
[36m{MoStream} CPU pinning is disabled[0m
[36m{MoStream} Pipeline starts...[0m
[36m{MoStream} ...terminated successfully![0m
PIPE_COOP_MPMC_RESULT backend= NBLFQ  producers= 4  consumers= 4  workers= 1  capacity= 1024  work_iterations= 160  messages= 200000  time_ms= 408.255186  throughput_Mtransfer_s= 0.48988967405303213  count= 200000  checksum= 476513354054716080  valid= True

block=1 position=0 command=['/tmp/mostream-ms-bench-9v2x9dkz/MPMC', '50000', '4', '4', '1024', '160']
[36m{MoStream} Starting pipeline execution with 2 stages and total parallelism of 8 nodes[0m
[36m{MoStream} Cooperative MoStream runtime is used[0m
[36m{MoStream} CPU pinning is disabled[0m
[36m{MoStream} Pipeline starts...[0m
[36m{MoStream} ...terminated successfully![0m
PIPE_COOP_MPMC_RESULT backend= MPMC  producers= 4  consumers= 4  workers= 4  capacity= 1024  work_iterations= 160  messages= 200000  time_ms= 452.29657  throughput_Mtransfer_s= 0.44218774420509094  count= 200000  checksum= 476513354054716080  valid= True

block=1 position=1 command=['/tmp/mostream-ms-bench-9v2x9dkz/PADDEDFAA', '50000', '4', '4', '1024', '160']
[36m{MoStream} Starting pipeline execution with 2 stages and total parallelism of 8 nodes[0m
[36m{MoStream} Cooperative MoStream runtime is used[0m
[36m{MoStream} CPU pinning is disabled[0m
[36m{MoStream} Pipeline starts...[0m
[36m{MoStream} ...terminated successfully![0m
PIPE_COOP_MPMC_RESULT backend= PADDEDFAA  producers= 4  consumers= 4  workers= 4  capacity= 1024  work_iterations= 160  messages= 200000  time_ms= 442.976309  throughput_Mtransfer_s= 0.4514914137315637  count= 200000  checksum= 476513354054716080  valid= True

block=1 position=2 command=['/tmp/mostream-ms-bench-9v2x9dkz/SCQ', '50000', '4', '4', '1024', '160']
[36m{MoStream} Starting pipeline execution with 2 stages and total parallelism of 8 nodes[0m
[36m{MoStream} Cooperative MoStream runtime is used[0m
[36m{MoStream} CPU pinning is disabled[0m
[36m{MoStream} Pipeline starts...[0m
[36m{MoStream} ...terminated successfully![0m
PIPE_COOP_MPMC_RESULT backend= SCQ  producers= 4  consumers= 4  workers= 4  capacity= 1024  work_iterations= 160  messages= 200000  time_ms= 544.818966  throughput_Mtransfer_s= 0.36709441572560825  count= 200000  checksum= 476513354054716080  valid= True

block=1 position=3 command=['/tmp/mostream-ms-bench-9v2x9dkz/MICHAELSCOTT', '50000', '4', '4', '1024', '160']
[36m{MoStream} Starting pipeline execution with 2 stages and total parallelism of 8 nodes[0m
[36m{MoStream} Cooperative MoStream runtime is used[0m
[36m{MoStream} CPU pinning is disabled[0m
[36m{MoStream} Pipeline starts...[0m
[36m{MoStream} ...terminated successfully![0m
PIPE_COOP_MPMC_RESULT backend= MICHAELSCOTT  producers= 4  consumers= 4  workers= 4  capacity= 1024  work_iterations= 160  messages= 200000  time_ms= 506.366872  throughput_Mtransfer_s= 0.3949705461774364  count= 200000  checksum= 476513354054716080  valid= True

block=1 position=4 command=['/tmp/mostream-ms-bench-9v2x9dkz/NBLFQ', '50000', '4', '4', '1024', '160']
[36m{MoStream} Starting pipeline execution with 2 stages and total parallelism of 8 nodes[0m
[36m{MoStream} Cooperative MoStream runtime is used[0m
[36m{MoStream} CPU pinning is disabled[0m
[36m{MoStream} Pipeline starts...[0m
[36m{MoStream} ...terminated successfully![0m
PIPE_COOP_MPMC_RESULT backend= NBLFQ  producers= 4  consumers= 4  workers= 4  capacity= 1024  work_iterations= 160  messages= 200000  time_ms= 614.4297  throughput_Mtransfer_s= 0.32550509846773357  count= 200000  checksum= 476513354054716080  valid= True

block=1 position=0 command=['/tmp/mostream-ms-bench-9v2x9dkz/MPMC', '50000', '4', '2', '1024', '0']
[36m{MoStream} Starting pipeline execution with 2 stages and total parallelism of 8 nodes[0m
[36m{MoStream} Cooperative MoStream runtime is used[0m
[36m{MoStream} CPU pinning is disabled[0m
[36m{MoStream} Pipeline starts...[0m
[36m{MoStream} ...terminated successfully![0m
PIPE_COOP_MPMC_RESULT backend= MPMC  producers= 4  consumers= 4  workers= 2  capacity= 1024  work_iterations= 0  messages= 200000  time_ms= 442.675467  throughput_Mtransfer_s= 0.451798247044036  count= 200000  checksum= 5000100000  valid= True

block=1 position=1 command=['/tmp/mostream-ms-bench-9v2x9dkz/NBLFQ', '50000', '4', '2', '1024', '0']
[36m{MoStream} Starting pipeline execution with 2 stages and total parallelism of 8 nodes[0m
[36m{MoStream} Cooperative MoStream runtime is used[0m
[36m{MoStream} CPU pinning is disabled[0m
[36m{MoStream} Pipeline starts...[0m
[36m{MoStream} ...terminated successfully![0m
PIPE_COOP_MPMC_RESULT backend= NBLFQ  producers= 4  consumers= 4  workers= 2  capacity= 1024  work_iterations= 0  messages= 200000  time_ms= 608.040367  throughput_Mtransfer_s= 0.32892553003804104  count= 200000  checksum= 5000100000  valid= True

block=1 position=2 command=['/tmp/mostream-ms-bench-9v2x9dkz/SCQ', '50000', '4', '2', '1024', '0']
[36m{MoStream} Starting pipeline execution with 2 stages and total parallelism of 8 nodes[0m
[36m{MoStream} Cooperative MoStream runtime is used[0m
[36m{MoStream} CPU pinning is disabled[0m
[36m{MoStream} Pipeline starts...[0m
[36m{MoStream} ...terminated successfully![0m
PIPE_COOP_MPMC_RESULT backend= SCQ  producers= 4  consumers= 4  workers= 2  capacity= 1024  work_iterations= 0  messages= 200000  time_ms= 491.410038  throughput_Mtransfer_s= 0.4069920932302974  count= 200000  checksum= 5000100000  valid= True

block=1 position=3 command=['/tmp/mostream-ms-bench-9v2x9dkz/PADDEDFAA', '50000', '4', '2', '1024', '0']
[36m{MoStream} Starting pipeline execution with 2 stages and total parallelism of 8 nodes[0m
[36m{MoStream} Cooperative MoStream runtime is used[0m
[36m{MoStream} CPU pinning is disabled[0m
[36m{MoStream} Pipeline starts...[0m
[36m{MoStream} ...terminated successfully![0m
PIPE_COOP_MPMC_RESULT backend= PADDEDFAA  producers= 4  consumers= 4  workers= 2  capacity= 1024  work_iterations= 0  messages= 200000  time_ms= 444.741514  throughput_Mtransfer_s= 0.44969941798597196  count= 200000  checksum= 5000100000  valid= True

block=1 position=4 command=['/tmp/mostream-ms-bench-9v2x9dkz/MICHAELSCOTT', '50000', '4', '2', '1024', '0']
[36m{MoStream} Starting pipeline execution with 2 stages and total parallelism of 8 nodes[0m
[36m{MoStream} Cooperative MoStream runtime is used[0m
[36m{MoStream} CPU pinning is disabled[0m
[36m{MoStream} Pipeline starts...[0m
[36m{MoStream} ...terminated successfully![0m
PIPE_COOP_MPMC_RESULT backend= MICHAELSCOTT  producers= 4  consumers= 4  workers= 2  capacity= 1024  work_iterations= 0  messages= 200000  time_ms= 500.195346  throughput_Mtransfer_s= 0.39984378423225075  count= 200000  checksum= 5000100000  valid= True

block=1 position=0 command=['/tmp/mostream-ms-bench-9v2x9dkz/NBLFQ', '50000', '4', '8', '1024', '160']
[36m{MoStream} Starting pipeline execution with 2 stages and total parallelism of 8 nodes[0m
[36m{MoStream} Cooperative MoStream runtime is used[0m
[36m{MoStream} CPU pinning is disabled[0m
[36m{MoStream} Pipeline starts...[0m
[36m{MoStream} ...terminated successfully![0m
PIPE_COOP_MPMC_RESULT backend= NBLFQ  producers= 4  consumers= 4  workers= 8  capacity= 1024  work_iterations= 160  messages= 200000  time_ms= 491.852841  throughput_Mtransfer_s= 0.4066256882716674  count= 200000  checksum= 476513354054716080  valid= True

block=1 position=1 command=['/tmp/mostream-ms-bench-9v2x9dkz/SCQ', '50000', '4', '8', '1024', '160']
[36m{MoStream} Starting pipeline execution with 2 stages and total parallelism of 8 nodes[0m
[36m{MoStream} Cooperative MoStream runtime is used[0m
[36m{MoStream} CPU pinning is disabled[0m
[36m{MoStream} Pipeline starts...[0m
[36m{MoStream} ...terminated successfully![0m
PIPE_COOP_MPMC_RESULT backend= SCQ  producers= 4  consumers= 4  workers= 8  capacity= 1024  work_iterations= 160  messages= 200000  time_ms= 478.328337  throughput_Mtransfer_s= 0.41812283431579345  count= 200000  checksum= 476513354054716080  valid= True

block=1 position=2 command=['/tmp/mostream-ms-bench-9v2x9dkz/MICHAELSCOTT', '50000', '4', '8', '1024', '160']
[36m{MoStream} Starting pipeline execution with 2 stages and total parallelism of 8 nodes[0m
[36m{MoStream} Cooperative MoStream runtime is used[0m
[36m{MoStream} CPU pinning is disabled[0m
[36m{MoStream} Pipeline starts...[0m
[36m{MoStream} ...terminated successfully![0m
PIPE_COOP_MPMC_RESULT backend= MICHAELSCOTT  producers= 4  consumers= 4  workers= 8  capacity= 1024  work_iterations= 160  messages= 200000  time_ms= 454.280796  throughput_Mtransfer_s= 0.440256338724915  count= 200000  checksum= 476513354054716080  valid= True

block=1 position=3 command=['/tmp/mostream-ms-bench-9v2x9dkz/PADDEDFAA', '50000', '4', '8', '1024', '160']
[36m{MoStream} Starting pipeline execution with 2 stages and total parallelism of 8 nodes[0m
[36m{MoStream} Cooperative MoStream runtime is used[0m
[36m{MoStream} CPU pinning is disabled[0m
[36m{MoStream} Pipeline starts...[0m
[36m{MoStream} ...terminated successfully![0m
PIPE_COOP_MPMC_RESULT backend= PADDEDFAA  producers= 4  consumers= 4  workers= 8  capacity= 1024  work_iterations= 160  messages= 200000  time_ms= 427.625849  throughput_Mtransfer_s= 0.4676985745078287  count= 200000  checksum= 476513354054716080  valid= True

block=1 position=4 command=['/tmp/mostream-ms-bench-9v2x9dkz/MPMC', '50000', '4', '8', '1024', '160']
[36m{MoStream} Starting pipeline execution with 2 stages and total parallelism of 8 nodes[0m
[36m{MoStream} Cooperative MoStream runtime is used[0m
[36m{MoStream} CPU pinning is disabled[0m
[36m{MoStream} Pipeline starts...[0m
[36m{MoStream} ...terminated successfully![0m
PIPE_COOP_MPMC_RESULT backend= MPMC  producers= 4  consumers= 4  workers= 8  capacity= 1024  work_iterations= 160  messages= 200000  time_ms= 434.912042  throughput_Mtransfer_s= 0.4598631003185697  count= 200000  checksum= 476513354054716080  valid= True

block=2 position=0 command=['/tmp/mostream-ms-bench-9v2x9dkz/NBLFQ', '50000', '4', '8', '1024', '0']
[36m{MoStream} Starting pipeline execution with 2 stages and total parallelism of 8 nodes[0m
[36m{MoStream} Cooperative MoStream runtime is used[0m
[36m{MoStream} CPU pinning is disabled[0m
[36m{MoStream} Pipeline starts...[0m
[36m{MoStream} ...terminated successfully![0m
PIPE_COOP_MPMC_RESULT backend= NBLFQ  producers= 4  consumers= 4  workers= 8  capacity= 1024  work_iterations= 0  messages= 200000  time_ms= 439.153804  throughput_Mtransfer_s= 0.45542130838515976  count= 200000  checksum= 5000100000  valid= True

block=2 position=1 command=['/tmp/mostream-ms-bench-9v2x9dkz/MICHAELSCOTT', '50000', '4', '8', '1024', '0']
[36m{MoStream} Starting pipeline execution with 2 stages and total parallelism of 8 nodes[0m
[36m{MoStream} Cooperative MoStream runtime is used[0m
[36m{MoStream} CPU pinning is disabled[0m
[36m{MoStream} Pipeline starts...[0m
[36m{MoStream} ...terminated successfully![0m
PIPE_COOP_MPMC_RESULT backend= MICHAELSCOTT  producers= 4  consumers= 4  workers= 8  capacity= 1024  work_iterations= 0  messages= 200000  time_ms= 413.650709  throughput_Mtransfer_s= 0.48349971521504154  count= 200000  checksum= 5000100000  valid= True

block=2 position=2 command=['/tmp/mostream-ms-bench-9v2x9dkz/MPMC', '50000', '4', '8', '1024', '0']
[36m{MoStream} Starting pipeline execution with 2 stages and total parallelism of 8 nodes[0m
[36m{MoStream} Cooperative MoStream runtime is used[0m
[36m{MoStream} CPU pinning is disabled[0m
[36m{MoStream} Pipeline starts...[0m
[36m{MoStream} ...terminated successfully![0m
PIPE_COOP_MPMC_RESULT backend= MPMC  producers= 4  consumers= 4  workers= 8  capacity= 1024  work_iterations= 0  messages= 200000  time_ms= 424.821755  throughput_Mtransfer_s= 0.47078568280948796  count= 200000  checksum= 5000100000  valid= True

block=2 position=3 command=['/tmp/mostream-ms-bench-9v2x9dkz/SCQ', '50000', '4', '8', '1024', '0']
[36m{MoStream} Starting pipeline execution with 2 stages and total parallelism of 8 nodes[0m
[36m{MoStream} Cooperative MoStream runtime is used[0m
[36m{MoStream} CPU pinning is disabled[0m
[36m{MoStream} Pipeline starts...[0m
[36m{MoStream} ...terminated successfully![0m
PIPE_COOP_MPMC_RESULT backend= SCQ  producers= 4  consumers= 4  workers= 8  capacity= 1024  work_iterations= 0  messages= 200000  time_ms= 426.448482  throughput_Mtransfer_s= 0.468989827474635  count= 200000  checksum= 5000100000  valid= True

block=2 position=4 command=['/tmp/mostream-ms-bench-9v2x9dkz/PADDEDFAA', '50000', '4', '8', '1024', '0']
[36m{MoStream} Starting pipeline execution with 2 stages and total parallelism of 8 nodes[0m
[36m{MoStream} Cooperative MoStream runtime is used[0m
[36m{MoStream} CPU pinning is disabled[0m
[36m{MoStream} Pipeline starts...[0m
[36m{MoStream} ...terminated successfully![0m
PIPE_COOP_MPMC_RESULT backend= PADDEDFAA  producers= 4  consumers= 4  workers= 8  capacity= 1024  work_iterations= 0  messages= 200000  time_ms= 418.946545  throughput_Mtransfer_s= 0.47738787295644125  count= 200000  checksum= 5000100000  valid= True

block=2 position=0 command=['/tmp/mostream-ms-bench-9v2x9dkz/MICHAELSCOTT', '50000', '4', '1', '1024', '160']
[36m{MoStream} Starting pipeline execution with 2 stages and total parallelism of 8 nodes[0m
[36m{MoStream} Cooperative MoStream runtime is used[0m
[36m{MoStream} CPU pinning is disabled[0m
[36m{MoStream} Pipeline starts...[0m
[36m{MoStream} ...terminated successfully![0m
PIPE_COOP_MPMC_RESULT backend= MICHAELSCOTT  producers= 4  consumers= 4  workers= 1  capacity= 1024  work_iterations= 160  messages= 200000  time_ms= 317.626356  throughput_Mtransfer_s= 0.6296706687652834  count= 200000  checksum= 476513354054716080  valid= True

block=2 position=1 command=['/tmp/mostream-ms-bench-9v2x9dkz/PADDEDFAA', '50000', '4', '1', '1024', '160']
[36m{MoStream} Starting pipeline execution with 2 stages and total parallelism of 8 nodes[0m
[36m{MoStream} Cooperative MoStream runtime is used[0m
[36m{MoStream} CPU pinning is disabled[0m
[36m{MoStream} Pipeline starts...[0m
[36m{MoStream} ...terminated successfully![0m
PIPE_COOP_MPMC_RESULT backend= PADDEDFAA  producers= 4  consumers= 4  workers= 1  capacity= 1024  work_iterations= 160  messages= 200000  time_ms= 305.20631  throughput_Mtransfer_s= 0.6552944465663242  count= 200000  checksum= 476513354054716080  valid= True

block=2 position=2 command=['/tmp/mostream-ms-bench-9v2x9dkz/MPMC', '50000', '4', '1', '1024', '160']
[36m{MoStream} Starting pipeline execution with 2 stages and total parallelism of 8 nodes[0m
[36m{MoStream} Cooperative MoStream runtime is used[0m
[36m{MoStream} CPU pinning is disabled[0m
[36m{MoStream} Pipeline starts...[0m
[36m{MoStream} ...terminated successfully![0m
PIPE_COOP_MPMC_RESULT backend= MPMC  producers= 4  consumers= 4  workers= 1  capacity= 1024  work_iterations= 160  messages= 200000  time_ms= 302.750016  throughput_Mtransfer_s= 0.6606110303227861  count= 200000  checksum= 476513354054716080  valid= True

block=2 position=3 command=['/tmp/mostream-ms-bench-9v2x9dkz/NBLFQ', '50000', '4', '1', '1024', '160']
[36m{MoStream} Starting pipeline execution with 2 stages and total parallelism of 8 nodes[0m
[36m{MoStream} Cooperative MoStream runtime is used[0m
[36m{MoStream} CPU pinning is disabled[0m
[36m{MoStream} Pipeline starts...[0m
[36m{MoStream} ...terminated successfully![0m
PIPE_COOP_MPMC_RESULT backend= NBLFQ  producers= 4  consumers= 4  workers= 1  capacity= 1024  work_iterations= 160  messages= 200000  time_ms= 409.991113  throughput_Mtransfer_s= 0.48781545174614555  count= 200000  checksum= 476513354054716080  valid= True

block=2 position=4 command=['/tmp/mostream-ms-bench-9v2x9dkz/SCQ', '50000', '4', '1', '1024', '160']
[36m{MoStream} Starting pipeline execution with 2 stages and total parallelism of 8 nodes[0m
[36m{MoStream} Cooperative MoStream runtime is used[0m
[36m{MoStream} CPU pinning is disabled[0m
[36m{MoStream} Pipeline starts...[0m
[36m{MoStream} ...terminated successfully![0m
PIPE_COOP_MPMC_RESULT backend= SCQ  producers= 4  consumers= 4  workers= 1  capacity= 1024  work_iterations= 160  messages= 200000  time_ms= 321.94998  throughput_Mtransfer_s= 0.6212145128879958  count= 200000  checksum= 476513354054716080  valid= True

block=2 position=0 command=['/tmp/mostream-ms-bench-9v2x9dkz/PADDEDFAA', '50000', '4', '4', '1024', '160']
[36m{MoStream} Starting pipeline execution with 2 stages and total parallelism of 8 nodes[0m
[36m{MoStream} Cooperative MoStream runtime is used[0m
[36m{MoStream} CPU pinning is disabled[0m
[36m{MoStream} Pipeline starts...[0m
[36m{MoStream} ...terminated successfully![0m
PIPE_COOP_MPMC_RESULT backend= PADDEDFAA  producers= 4  consumers= 4  workers= 4  capacity= 1024  work_iterations= 160  messages= 200000  time_ms= 450.982239  throughput_Mtransfer_s= 0.44347644475639764  count= 200000  checksum= 476513354054716080  valid= True

block=2 position=1 command=['/tmp/mostream-ms-bench-9v2x9dkz/SCQ', '50000', '4', '4', '1024', '160']
[36m{MoStream} Starting pipeline execution with 2 stages and total parallelism of 8 nodes[0m
[36m{MoStream} Cooperative MoStream runtime is used[0m
[36m{MoStream} CPU pinning is disabled[0m
[36m{MoStream} Pipeline starts...[0m
[36m{MoStream} ...terminated successfully![0m
PIPE_COOP_MPMC_RESULT backend= SCQ  producers= 4  consumers= 4  workers= 4  capacity= 1024  work_iterations= 160  messages= 200000  time_ms= 537.556606  throughput_Mtransfer_s= 0.3720538409679594  count= 200000  checksum= 476513354054716080  valid= True

block=2 position=2 command=['/tmp/mostream-ms-bench-9v2x9dkz/MICHAELSCOTT', '50000', '4', '4', '1024', '160']
[36m{MoStream} Starting pipeline execution with 2 stages and total parallelism of 8 nodes[0m
[36m{MoStream} Cooperative MoStream runtime is used[0m
[36m{MoStream} CPU pinning is disabled[0m
[36m{MoStream} Pipeline starts...[0m
[36m{MoStream} ...terminated successfully![0m
PIPE_COOP_MPMC_RESULT backend= MICHAELSCOTT  producers= 4  consumers= 4  workers= 4  capacity= 1024  work_iterations= 160  messages= 200000  time_ms= 504.723065  throughput_Mtransfer_s= 0.396256905754842  count= 200000  checksum= 476513354054716080  valid= True

block=2 position=3 command=['/tmp/mostream-ms-bench-9v2x9dkz/NBLFQ', '50000', '4', '4', '1024', '160']
[36m{MoStream} Starting pipeline execution with 2 stages and total parallelism of 8 nodes[0m
[36m{MoStream} Cooperative MoStream runtime is used[0m
[36m{MoStream} CPU pinning is disabled[0m
[36m{MoStream} Pipeline starts...[0m
[36m{MoStream} ...terminated successfully![0m
PIPE_COOP_MPMC_RESULT backend= NBLFQ  producers= 4  consumers= 4  workers= 4  capacity= 1024  work_iterations= 160  messages= 200000  time_ms= 605.647528  throughput_Mtransfer_s= 0.33022507440994625  count= 200000  checksum= 476513354054716080  valid= True

block=2 position=4 command=['/tmp/mostream-ms-bench-9v2x9dkz/MPMC', '50000', '4', '4', '1024', '160']
[36m{MoStream} Starting pipeline execution with 2 stages and total parallelism of 8 nodes[0m
[36m{MoStream} Cooperative MoStream runtime is used[0m
[36m{MoStream} CPU pinning is disabled[0m
[36m{MoStream} Pipeline starts...[0m
[36m{MoStream} ...terminated successfully![0m
PIPE_COOP_MPMC_RESULT backend= MPMC  producers= 4  consumers= 4  workers= 4  capacity= 1024  work_iterations= 160  messages= 200000  time_ms= 452.997067  throughput_Mtransfer_s= 0.4415039623203565  count= 200000  checksum= 476513354054716080  valid= True

block=2 position=0 command=['/tmp/mostream-ms-bench-9v2x9dkz/MPMC', '50000', '4', '4', '1024', '0']
[36m{MoStream} Starting pipeline execution with 2 stages and total parallelism of 8 nodes[0m
[36m{MoStream} Cooperative MoStream runtime is used[0m
[36m{MoStream} CPU pinning is disabled[0m
[36m{MoStream} Pipeline starts...[0m
[36m{MoStream} ...terminated successfully![0m
PIPE_COOP_MPMC_RESULT backend= MPMC  producers= 4  consumers= 4  workers= 4  capacity= 1024  work_iterations= 0  messages= 200000  time_ms= 431.990766  throughput_Mtransfer_s= 0.46297285900782426  count= 200000  checksum= 5000100000  valid= True

block=2 position=1 command=['/tmp/mostream-ms-bench-9v2x9dkz/PADDEDFAA', '50000', '4', '4', '1024', '0']
[36m{MoStream} Starting pipeline execution with 2 stages and total parallelism of 8 nodes[0m
[36m{MoStream} Cooperative MoStream runtime is used[0m
[36m{MoStream} CPU pinning is disabled[0m
[36m{MoStream} Pipeline starts...[0m
[36m{MoStream} ...terminated successfully![0m
PIPE_COOP_MPMC_RESULT backend= PADDEDFAA  producers= 4  consumers= 4  workers= 4  capacity= 1024  work_iterations= 0  messages= 200000  time_ms= 428.261782  throughput_Mtransfer_s= 0.4670040811626754  count= 200000  checksum= 5000100000  valid= True

block=2 position=2 command=['/tmp/mostream-ms-bench-9v2x9dkz/MICHAELSCOTT', '50000', '4', '4', '1024', '0']
[36m{MoStream} Starting pipeline execution with 2 stages and total parallelism of 8 nodes[0m
[36m{MoStream} Cooperative MoStream runtime is used[0m
[36m{MoStream} CPU pinning is disabled[0m
[36m{MoStream} Pipeline starts...[0m
[36m{MoStream} ...terminated successfully![0m
PIPE_COOP_MPMC_RESULT backend= MICHAELSCOTT  producers= 4  consumers= 4  workers= 4  capacity= 1024  work_iterations= 0  messages= 200000  time_ms= 442.170672  throughput_Mtransfer_s= 0.4523140331659084  count= 200000  checksum= 5000100000  valid= True

block=2 position=3 command=['/tmp/mostream-ms-bench-9v2x9dkz/NBLFQ', '50000', '4', '4', '1024', '0']
[36m{MoStream} Starting pipeline execution with 2 stages and total parallelism of 8 nodes[0m
[36m{MoStream} Cooperative MoStream runtime is used[0m
[36m{MoStream} CPU pinning is disabled[0m
[36m{MoStream} Pipeline starts...[0m
[36m{MoStream} ...terminated successfully![0m
PIPE_COOP_MPMC_RESULT backend= NBLFQ  producers= 4  consumers= 4  workers= 4  capacity= 1024  work_iterations= 0  messages= 200000  time_ms= 543.526782  throughput_Mtransfer_s= 0.36796714830512256  count= 200000  checksum= 5000100000  valid= True

block=2 position=4 command=['/tmp/mostream-ms-bench-9v2x9dkz/SCQ', '50000', '4', '4', '1024', '0']
[36m{MoStream} Starting pipeline execution with 2 stages and total parallelism of 8 nodes[0m
[36m{MoStream} Cooperative MoStream runtime is used[0m
[36m{MoStream} CPU pinning is disabled[0m
[36m{MoStream} Pipeline starts...[0m
[36m{MoStream} ...terminated successfully![0m
PIPE_COOP_MPMC_RESULT backend= SCQ  producers= 4  consumers= 4  workers= 4  capacity= 1024  work_iterations= 0  messages= 200000  time_ms= 478.21372  throughput_Mtransfer_s= 0.4182230488911945  count= 200000  checksum= 5000100000  valid= True

block=2 position=0 command=['/tmp/mostream-ms-bench-9v2x9dkz/MICHAELSCOTT', '50000', '4', '1', '1024', '0']
[36m{MoStream} Starting pipeline execution with 2 stages and total parallelism of 8 nodes[0m
[36m{MoStream} Cooperative MoStream runtime is used[0m
[36m{MoStream} CPU pinning is disabled[0m
[36m{MoStream} Pipeline starts...[0m
[36m{MoStream} ...terminated successfully![0m
PIPE_COOP_MPMC_RESULT backend= MICHAELSCOTT  producers= 4  consumers= 4  workers= 1  capacity= 1024  work_iterations= 0  messages= 200000  time_ms= 233.981975  throughput_Mtransfer_s= 0.8547666973064912  count= 200000  checksum= 5000100000  valid= True

block=2 position=1 command=['/tmp/mostream-ms-bench-9v2x9dkz/MPMC', '50000', '4', '1', '1024', '0']
[36m{MoStream} Starting pipeline execution with 2 stages and total parallelism of 8 nodes[0m
[36m{MoStream} Cooperative MoStream runtime is used[0m
[36m{MoStream} CPU pinning is disabled[0m
[36m{MoStream} Pipeline starts...[0m
[36m{MoStream} ...terminated successfully![0m
PIPE_COOP_MPMC_RESULT backend= MPMC  producers= 4  consumers= 4  workers= 1  capacity= 1024  work_iterations= 0  messages= 200000  time_ms= 220.526558  throughput_Mtransfer_s= 0.9069202449529912  count= 200000  checksum= 5000100000  valid= True

block=2 position=2 command=['/tmp/mostream-ms-bench-9v2x9dkz/PADDEDFAA', '50000', '4', '1', '1024', '0']
[36m{MoStream} Starting pipeline execution with 2 stages and total parallelism of 8 nodes[0m
[36m{MoStream} Cooperative MoStream runtime is used[0m
[36m{MoStream} CPU pinning is disabled[0m
[36m{MoStream} Pipeline starts...[0m
[36m{MoStream} ...terminated successfully![0m
PIPE_COOP_MPMC_RESULT backend= PADDEDFAA  producers= 4  consumers= 4  workers= 1  capacity= 1024  work_iterations= 0  messages= 200000  time_ms= 223.475989  throughput_Mtransfer_s= 0.8949507322686018  count= 200000  checksum= 5000100000  valid= True

block=2 position=3 command=['/tmp/mostream-ms-bench-9v2x9dkz/NBLFQ', '50000', '4', '1', '1024', '0']
[36m{MoStream} Starting pipeline execution with 2 stages and total parallelism of 8 nodes[0m
[36m{MoStream} Cooperative MoStream runtime is used[0m
[36m{MoStream} CPU pinning is disabled[0m
[36m{MoStream} Pipeline starts...[0m
[36m{MoStream} ...terminated successfully![0m
PIPE_COOP_MPMC_RESULT backend= NBLFQ  producers= 4  consumers= 4  workers= 1  capacity= 1024  work_iterations= 0  messages= 200000  time_ms= 323.896163  throughput_Mtransfer_s= 0.6174818440192513  count= 200000  checksum= 5000100000  valid= True

block=2 position=4 command=['/tmp/mostream-ms-bench-9v2x9dkz/SCQ', '50000', '4', '1', '1024', '0']
[36m{MoStream} Starting pipeline execution with 2 stages and total parallelism of 8 nodes[0m
[36m{MoStream} Cooperative MoStream runtime is used[0m
[36m{MoStream} CPU pinning is disabled[0m
[36m{MoStream} Pipeline starts...[0m
[36m{MoStream} ...terminated successfully![0m
PIPE_COOP_MPMC_RESULT backend= SCQ  producers= 4  consumers= 4  workers= 1  capacity= 1024  work_iterations= 0  messages= 200000  time_ms= 247.193935  throughput_Mtransfer_s= 0.8090813393136042  count= 200000  checksum= 5000100000  valid= True

block=2 position=0 command=['/tmp/mostream-ms-bench-9v2x9dkz/MICHAELSCOTT', '50000', '4', '2', '1024', '160']
[36m{MoStream} Starting pipeline execution with 2 stages and total parallelism of 8 nodes[0m
[36m{MoStream} Cooperative MoStream runtime is used[0m
[36m{MoStream} CPU pinning is disabled[0m
[36m{MoStream} Pipeline starts...[0m
[36m{MoStream} ...terminated successfully![0m
PIPE_COOP_MPMC_RESULT backend= MICHAELSCOTT  producers= 4  consumers= 4  workers= 2  capacity= 1024  work_iterations= 160  messages= 200000  time_ms= 531.070491  throughput_Mtransfer_s= 0.37659784037972466  count= 200000  checksum= 476513354054716080  valid= True

block=2 position=1 command=['/tmp/mostream-ms-bench-9v2x9dkz/NBLFQ', '50000', '4', '2', '1024', '160']
[36m{MoStream} Starting pipeline execution with 2 stages and total parallelism of 8 nodes[0m
[36m{MoStream} Cooperative MoStream runtime is used[0m
[36m{MoStream} CPU pinning is disabled[0m
[36m{MoStream} Pipeline starts...[0m
[36m{MoStream} ...terminated successfully![0m
PIPE_COOP_MPMC_RESULT backend= NBLFQ  producers= 4  consumers= 4  workers= 2  capacity= 1024  work_iterations= 160  messages= 200000  time_ms= 673.774644  throughput_Mtransfer_s= 0.29683515368381835  count= 200000  checksum= 476513354054716080  valid= True

block=2 position=2 command=['/tmp/mostream-ms-bench-9v2x9dkz/SCQ', '50000', '4', '2', '1024', '160']
[36m{MoStream} Starting pipeline execution with 2 stages and total parallelism of 8 nodes[0m
[36m{MoStream} Cooperative MoStream runtime is used[0m
[36m{MoStream} CPU pinning is disabled[0m
[36m{MoStream} Pipeline starts...[0m
[36m{MoStream} ...terminated successfully![0m
PIPE_COOP_MPMC_RESULT backend= SCQ  producers= 4  consumers= 4  workers= 2  capacity= 1024  work_iterations= 160  messages= 200000  time_ms= 597.918755  throughput_Mtransfer_s= 0.33449360523905963  count= 200000  checksum= 476513354054716080  valid= True

block=2 position=3 command=['/tmp/mostream-ms-bench-9v2x9dkz/PADDEDFAA', '50000', '4', '2', '1024', '160']
[36m{MoStream} Starting pipeline execution with 2 stages and total parallelism of 8 nodes[0m
[36m{MoStream} Cooperative MoStream runtime is used[0m
[36m{MoStream} CPU pinning is disabled[0m
[36m{MoStream} Pipeline starts...[0m
[36m{MoStream} ...terminated successfully![0m
PIPE_COOP_MPMC_RESULT backend= PADDEDFAA  producers= 4  consumers= 4  workers= 2  capacity= 1024  work_iterations= 160  messages= 200000  time_ms= 499.861264  throughput_Mtransfer_s= 0.4001110196048318  count= 200000  checksum= 476513354054716080  valid= True

block=2 position=4 command=['/tmp/mostream-ms-bench-9v2x9dkz/MPMC', '50000', '4', '2', '1024', '160']
[36m{MoStream} Starting pipeline execution with 2 stages and total parallelism of 8 nodes[0m
[36m{MoStream} Cooperative MoStream runtime is used[0m
[36m{MoStream} CPU pinning is disabled[0m
[36m{MoStream} Pipeline starts...[0m
[36m{MoStream} ...terminated successfully![0m
PIPE_COOP_MPMC_RESULT backend= MPMC  producers= 4  consumers= 4  workers= 2  capacity= 1024  work_iterations= 160  messages= 200000  time_ms= 478.473737  throughput_Mtransfer_s= 0.417995773924787  count= 200000  checksum= 476513354054716080  valid= True

block=2 position=0 command=['/tmp/mostream-ms-bench-9v2x9dkz/SCQ', '50000', '4', '8', '1024', '160']
[36m{MoStream} Starting pipeline execution with 2 stages and total parallelism of 8 nodes[0m
[36m{MoStream} Cooperative MoStream runtime is used[0m
[36m{MoStream} CPU pinning is disabled[0m
[36m{MoStream} Pipeline starts...[0m
[36m{MoStream} ...terminated successfully![0m
PIPE_COOP_MPMC_RESULT backend= SCQ  producers= 4  consumers= 4  workers= 8  capacity= 1024  work_iterations= 160  messages= 200000  time_ms= 472.38782  throughput_Mtransfer_s= 0.42338094153231975  count= 200000  checksum= 476513354054716080  valid= True

block=2 position=1 command=['/tmp/mostream-ms-bench-9v2x9dkz/MICHAELSCOTT', '50000', '4', '8', '1024', '160']
[36m{MoStream} Starting pipeline execution with 2 stages and total parallelism of 8 nodes[0m
[36m{MoStream} Cooperative MoStream runtime is used[0m
[36m{MoStream} CPU pinning is disabled[0m
[36m{MoStream} Pipeline starts...[0m
[36m{MoStream} ...terminated successfully![0m
PIPE_COOP_MPMC_RESULT backend= MICHAELSCOTT  producers= 4  consumers= 4  workers= 8  capacity= 1024  work_iterations= 160  messages= 200000  time_ms= 446.931203  throughput_Mtransfer_s= 0.44749616642899737  count= 200000  checksum= 476513354054716080  valid= True

block=2 position=2 command=['/tmp/mostream-ms-bench-9v2x9dkz/PADDEDFAA', '50000', '4', '8', '1024', '160']
[36m{MoStream} Starting pipeline execution with 2 stages and total parallelism of 8 nodes[0m
[36m{MoStream} Cooperative MoStream runtime is used[0m
[36m{MoStream} CPU pinning is disabled[0m
[36m{MoStream} Pipeline starts...[0m
[36m{MoStream} ...terminated successfully![0m
PIPE_COOP_MPMC_RESULT backend= PADDEDFAA  producers= 4  consumers= 4  workers= 8  capacity= 1024  work_iterations= 160  messages= 200000  time_ms= 428.952295  throughput_Mtransfer_s= 0.46625231367511394  count= 200000  checksum= 476513354054716080  valid= True

block=2 position=3 command=['/tmp/mostream-ms-bench-9v2x9dkz/MPMC', '50000', '4', '8', '1024', '160']
[36m{MoStream} Starting pipeline execution with 2 stages and total parallelism of 8 nodes[0m
[36m{MoStream} Cooperative MoStream runtime is used[0m
[36m{MoStream} CPU pinning is disabled[0m
[36m{MoStream} Pipeline starts...[0m
[36m{MoStream} ...terminated successfully![0m
PIPE_COOP_MPMC_RESULT backend= MPMC  producers= 4  consumers= 4  workers= 8  capacity= 1024  work_iterations= 160  messages= 200000  time_ms= 427.683869  throughput_Mtransfer_s= 0.4676351260748626  count= 200000  checksum= 476513354054716080  valid= True

block=2 position=4 command=['/tmp/mostream-ms-bench-9v2x9dkz/NBLFQ', '50000', '4', '8', '1024', '160']
[36m{MoStream} Starting pipeline execution with 2 stages and total parallelism of 8 nodes[0m
[36m{MoStream} Cooperative MoStream runtime is used[0m
[36m{MoStream} CPU pinning is disabled[0m
[36m{MoStream} Pipeline starts...[0m
[36m{MoStream} ...terminated successfully![0m
PIPE_COOP_MPMC_RESULT backend= NBLFQ  producers= 4  consumers= 4  workers= 8  capacity= 1024  work_iterations= 160  messages= 200000  time_ms= 478.412416  throughput_Mtransfer_s= 0.41804935095998846  count= 200000  checksum= 476513354054716080  valid= True

block=2 position=0 command=['/tmp/mostream-ms-bench-9v2x9dkz/NBLFQ', '50000', '4', '2', '1024', '0']
[36m{MoStream} Starting pipeline execution with 2 stages and total parallelism of 8 nodes[0m
[36m{MoStream} Cooperative MoStream runtime is used[0m
[36m{MoStream} CPU pinning is disabled[0m
[36m{MoStream} Pipeline starts...[0m
[36m{MoStream} ...terminated successfully![0m
PIPE_COOP_MPMC_RESULT backend= NBLFQ  producers= 4  consumers= 4  workers= 2  capacity= 1024  work_iterations= 0  messages= 200000  time_ms= 695.620087  throughput_Mtransfer_s= 0.28751326153121853  count= 200000  checksum= 5000100000  valid= True

block=2 position=1 command=['/tmp/mostream-ms-bench-9v2x9dkz/SCQ', '50000', '4', '2', '1024', '0']
[36m{MoStream} Starting pipeline execution with 2 stages and total parallelism of 8 nodes[0m
[36m{MoStream} Cooperative MoStream runtime is used[0m
[36m{MoStream} CPU pinning is disabled[0m
[36m{MoStream} Pipeline starts...[0m
[36m{MoStream} ...terminated successfully![0m
PIPE_COOP_MPMC_RESULT backend= SCQ  producers= 4  consumers= 4  workers= 2  capacity= 1024  work_iterations= 0  messages= 200000  time_ms= 485.749304  throughput_Mtransfer_s= 0.41173502124050393  count= 200000  checksum= 5000100000  valid= True

block=2 position=2 command=['/tmp/mostream-ms-bench-9v2x9dkz/PADDEDFAA', '50000', '4', '2', '1024', '0']
[36m{MoStream} Starting pipeline execution with 2 stages and total parallelism of 8 nodes[0m
[36m{MoStream} Cooperative MoStream runtime is used[0m
[36m{MoStream} CPU pinning is disabled[0m
[36m{MoStream} Pipeline starts...[0m
[36m{MoStream} ...terminated successfully![0m
PIPE_COOP_MPMC_RESULT backend= PADDEDFAA  producers= 4  consumers= 4  workers= 2  capacity= 1024  work_iterations= 0  messages= 200000  time_ms= 419.994157  throughput_Mtransfer_s= 0.4761971009991932  count= 200000  checksum= 5000100000  valid= True

block=2 position=3 command=['/tmp/mostream-ms-bench-9v2x9dkz/MICHAELSCOTT', '50000', '4', '2', '1024', '0']
[36m{MoStream} Starting pipeline execution with 2 stages and total parallelism of 8 nodes[0m
[36m{MoStream} Cooperative MoStream runtime is used[0m
[36m{MoStream} CPU pinning is disabled[0m
[36m{MoStream} Pipeline starts...[0m
[36m{MoStream} ...terminated successfully![0m
PIPE_COOP_MPMC_RESULT backend= MICHAELSCOTT  producers= 4  consumers= 4  workers= 2  capacity= 1024  work_iterations= 0  messages= 200000  time_ms= 475.717146  throughput_Mtransfer_s= 0.4204178926104967  count= 200000  checksum= 5000100000  valid= True

block=2 position=4 command=['/tmp/mostream-ms-bench-9v2x9dkz/MPMC', '50000', '4', '2', '1024', '0']
[36m{MoStream} Starting pipeline execution with 2 stages and total parallelism of 8 nodes[0m
[36m{MoStream} Cooperative MoStream runtime is used[0m
[36m{MoStream} CPU pinning is disabled[0m
[36m{MoStream} Pipeline starts...[0m
[36m{MoStream} ...terminated successfully![0m
PIPE_COOP_MPMC_RESULT backend= MPMC  producers= 4  consumers= 4  workers= 2  capacity= 1024  work_iterations= 0  messages= 200000  time_ms= 459.059332  throughput_Mtransfer_s= 0.4356735307583291  count= 200000  checksum= 5000100000  valid= True

block=3 position=0 command=['/tmp/mostream-ms-bench-9v2x9dkz/SCQ', '50000', '4', '2', '1024', '0']
[36m{MoStream} Starting pipeline execution with 2 stages and total parallelism of 8 nodes[0m
[36m{MoStream} Cooperative MoStream runtime is used[0m
[36m{MoStream} CPU pinning is disabled[0m
[36m{MoStream} Pipeline starts...[0m
[36m{MoStream} ...terminated successfully![0m
PIPE_COOP_MPMC_RESULT backend= SCQ  producers= 4  consumers= 4  workers= 2  capacity= 1024  work_iterations= 0  messages= 200000  time_ms= 478.225194  throughput_Mtransfer_s= 0.4182130145155004  count= 200000  checksum= 5000100000  valid= True

block=3 position=1 command=['/tmp/mostream-ms-bench-9v2x9dkz/PADDEDFAA', '50000', '4', '2', '1024', '0']
[36m{MoStream} Starting pipeline execution with 2 stages and total parallelism of 8 nodes[0m
[36m{MoStream} Cooperative MoStream runtime is used[0m
[36m{MoStream} CPU pinning is disabled[0m
[36m{MoStream} Pipeline starts...[0m
[36m{MoStream} ...terminated successfully![0m
PIPE_COOP_MPMC_RESULT backend= PADDEDFAA  producers= 4  consumers= 4  workers= 2  capacity= 1024  work_iterations= 0  messages= 200000  time_ms= 441.850124  throughput_Mtransfer_s= 0.45264217239418497  count= 200000  checksum= 5000100000  valid= True

block=3 position=2 command=['/tmp/mostream-ms-bench-9v2x9dkz/MICHAELSCOTT', '50000', '4', '2', '1024', '0']
[36m{MoStream} Starting pipeline execution with 2 stages and total parallelism of 8 nodes[0m
[36m{MoStream} Cooperative MoStream runtime is used[0m
[36m{MoStream} CPU pinning is disabled[0m
[36m{MoStream} Pipeline starts...[0m
[36m{MoStream} ...terminated successfully![0m
PIPE_COOP_MPMC_RESULT backend= MICHAELSCOTT  producers= 4  consumers= 4  workers= 2  capacity= 1024  work_iterations= 0  messages= 200000  time_ms= 500.462987  throughput_Mtransfer_s= 0.3996299530538509  count= 200000  checksum= 5000100000  valid= True

block=3 position=3 command=['/tmp/mostream-ms-bench-9v2x9dkz/MPMC', '50000', '4', '2', '1024', '0']
[36m{MoStream} Starting pipeline execution with 2 stages and total parallelism of 8 nodes[0m
[36m{MoStream} Cooperative MoStream runtime is used[0m
[36m{MoStream} CPU pinning is disabled[0m
[36m{MoStream} Pipeline starts...[0m
[36m{MoStream} ...terminated successfully![0m
PIPE_COOP_MPMC_RESULT backend= MPMC  producers= 4  consumers= 4  workers= 2  capacity= 1024  work_iterations= 0  messages= 200000  time_ms= 447.171199  throughput_Mtransfer_s= 0.44725599601954685  count= 200000  checksum= 5000100000  valid= True

block=3 position=4 command=['/tmp/mostream-ms-bench-9v2x9dkz/NBLFQ', '50000', '4', '2', '1024', '0']
[36m{MoStream} Starting pipeline execution with 2 stages and total parallelism of 8 nodes[0m
[36m{MoStream} Cooperative MoStream runtime is used[0m
[36m{MoStream} CPU pinning is disabled[0m
[36m{MoStream} Pipeline starts...[0m
[36m{MoStream} ...terminated successfully![0m
PIPE_COOP_MPMC_RESULT backend= NBLFQ  producers= 4  consumers= 4  workers= 2  capacity= 1024  work_iterations= 0  messages= 200000  time_ms= 632.331452  throughput_Mtransfer_s= 0.3162898182075561  count= 200000  checksum= 5000100000  valid= True

block=3 position=0 command=['/tmp/mostream-ms-bench-9v2x9dkz/SCQ', '50000', '4', '4', '1024', '160']
[36m{MoStream} Starting pipeline execution with 2 stages and total parallelism of 8 nodes[0m
[36m{MoStream} Cooperative MoStream runtime is used[0m
[36m{MoStream} CPU pinning is disabled[0m
[36m{MoStream} Pipeline starts...[0m
[36m{MoStream} ...terminated successfully![0m
PIPE_COOP_MPMC_RESULT backend= SCQ  producers= 4  consumers= 4  workers= 4  capacity= 1024  work_iterations= 160  messages= 200000  time_ms= 536.700716  throughput_Mtransfer_s= 0.37264716449530505  count= 200000  checksum= 476513354054716080  valid= True

block=3 position=1 command=['/tmp/mostream-ms-bench-9v2x9dkz/MICHAELSCOTT', '50000', '4', '4', '1024', '160']
[36m{MoStream} Starting pipeline execution with 2 stages and total parallelism of 8 nodes[0m
[36m{MoStream} Cooperative MoStream runtime is used[0m
[36m{MoStream} CPU pinning is disabled[0m
[36m{MoStream} Pipeline starts...[0m
[36m{MoStream} ...terminated successfully![0m
PIPE_COOP_MPMC_RESULT backend= MICHAELSCOTT  producers= 4  consumers= 4  workers= 4  capacity= 1024  work_iterations= 160  messages= 200000  time_ms= 510.430755  throughput_Mtransfer_s= 0.3918259196587792  count= 200000  checksum= 476513354054716080  valid= True

block=3 position=2 command=['/tmp/mostream-ms-bench-9v2x9dkz/NBLFQ', '50000', '4', '4', '1024', '160']
[36m{MoStream} Starting pipeline execution with 2 stages and total parallelism of 8 nodes[0m
[36m{MoStream} Cooperative MoStream runtime is used[0m
[36m{MoStream} CPU pinning is disabled[0m
[36m{MoStream} Pipeline starts...[0m
[36m{MoStream} ...terminated successfully![0m
PIPE_COOP_MPMC_RESULT backend= NBLFQ  producers= 4  consumers= 4  workers= 4  capacity= 1024  work_iterations= 160  messages= 200000  time_ms= 578.958627  throughput_Mtransfer_s= 0.34544782765625837  count= 200000  checksum= 476513354054716080  valid= True

block=3 position=3 command=['/tmp/mostream-ms-bench-9v2x9dkz/MPMC', '50000', '4', '4', '1024', '160']
[36m{MoStream} Starting pipeline execution with 2 stages and total parallelism of 8 nodes[0m
[36m{MoStream} Cooperative MoStream runtime is used[0m
[36m{MoStream} CPU pinning is disabled[0m
[36m{MoStream} Pipeline starts...[0m
[36m{MoStream} ...terminated successfully![0m
PIPE_COOP_MPMC_RESULT backend= MPMC  producers= 4  consumers= 4  workers= 4  capacity= 1024  work_iterations= 160  messages= 200000  time_ms= 451.86962  throughput_Mtransfer_s= 0.44260554626354387  count= 200000  checksum= 476513354054716080  valid= True

block=3 position=4 command=['/tmp/mostream-ms-bench-9v2x9dkz/PADDEDFAA', '50000', '4', '4', '1024', '160']
[36m{MoStream} Starting pipeline execution with 2 stages and total parallelism of 8 nodes[0m
[36m{MoStream} Cooperative MoStream runtime is used[0m
[36m{MoStream} CPU pinning is disabled[0m
[36m{MoStream} Pipeline starts...[0m
[36m{MoStream} ...terminated successfully![0m
PIPE_COOP_MPMC_RESULT backend= PADDEDFAA  producers= 4  consumers= 4  workers= 4  capacity= 1024  work_iterations= 160  messages= 200000  time_ms= 453.173356  throughput_Mtransfer_s= 0.44133221283203594  count= 200000  checksum= 476513354054716080  valid= True

block=3 position=0 command=['/tmp/mostream-ms-bench-9v2x9dkz/MPMC', '50000', '4', '1', '1024', '0']
[36m{MoStream} Starting pipeline execution with 2 stages and total parallelism of 8 nodes[0m
[36m{MoStream} Cooperative MoStream runtime is used[0m
[36m{MoStream} CPU pinning is disabled[0m
[36m{MoStream} Pipeline starts...[0m
[36m{MoStream} ...terminated successfully![0m
PIPE_COOP_MPMC_RESULT backend= MPMC  producers= 4  consumers= 4  workers= 1  capacity= 1024  work_iterations= 0  messages= 200000  time_ms= 218.621952  throughput_Mtransfer_s= 0.9148212161238044  count= 200000  checksum= 5000100000  valid= True

block=3 position=1 command=['/tmp/mostream-ms-bench-9v2x9dkz/PADDEDFAA', '50000', '4', '1', '1024', '0']
[36m{MoStream} Starting pipeline execution with 2 stages and total parallelism of 8 nodes[0m
[36m{MoStream} Cooperative MoStream runtime is used[0m
[36m{MoStream} CPU pinning is disabled[0m
[36m{MoStream} Pipeline starts...[0m
[36m{MoStream} ...terminated successfully![0m
PIPE_COOP_MPMC_RESULT backend= PADDEDFAA  producers= 4  consumers= 4  workers= 1  capacity= 1024  work_iterations= 0  messages= 200000  time_ms= 221.238123  throughput_Mtransfer_s= 0.9040033303844293  count= 200000  checksum= 5000100000  valid= True

block=3 position=2 command=['/tmp/mostream-ms-bench-9v2x9dkz/NBLFQ', '50000', '4', '1', '1024', '0']
[36m{MoStream} Starting pipeline execution with 2 stages and total parallelism of 8 nodes[0m
[36m{MoStream} Cooperative MoStream runtime is used[0m
[36m{MoStream} CPU pinning is disabled[0m
[36m{MoStream} Pipeline starts...[0m
[36m{MoStream} ...terminated successfully![0m
PIPE_COOP_MPMC_RESULT backend= NBLFQ  producers= 4  consumers= 4  workers= 1  capacity= 1024  work_iterations= 0  messages= 200000  time_ms= 323.715362  throughput_Mtransfer_s= 0.6178267190174311  count= 200000  checksum= 5000100000  valid= True

block=3 position=3 command=['/tmp/mostream-ms-bench-9v2x9dkz/SCQ', '50000', '4', '1', '1024', '0']
[36m{MoStream} Starting pipeline execution with 2 stages and total parallelism of 8 nodes[0m
[36m{MoStream} Cooperative MoStream runtime is used[0m
[36m{MoStream} CPU pinning is disabled[0m
[36m{MoStream} Pipeline starts...[0m
[36m{MoStream} ...terminated successfully![0m
PIPE_COOP_MPMC_RESULT backend= SCQ  producers= 4  consumers= 4  workers= 1  capacity= 1024  work_iterations= 0  messages= 200000  time_ms= 239.329994  throughput_Mtransfer_s= 0.8356662558559209  count= 200000  checksum= 5000100000  valid= True

block=3 position=4 command=['/tmp/mostream-ms-bench-9v2x9dkz/MICHAELSCOTT', '50000', '4', '1', '1024', '0']
[36m{MoStream} Starting pipeline execution with 2 stages and total parallelism of 8 nodes[0m
[36m{MoStream} Cooperative MoStream runtime is used[0m
[36m{MoStream} CPU pinning is disabled[0m
[36m{MoStream} Pipeline starts...[0m
[36m{MoStream} ...terminated successfully![0m
PIPE_COOP_MPMC_RESULT backend= MICHAELSCOTT  producers= 4  consumers= 4  workers= 1  capacity= 1024  work_iterations= 0  messages= 200000  time_ms= 232.270467  throughput_Mtransfer_s= 0.8610651305919146  count= 200000  checksum= 5000100000  valid= True

block=3 position=0 command=['/tmp/mostream-ms-bench-9v2x9dkz/PADDEDFAA', '50000', '4', '4', '1024', '0']
[36m{MoStream} Starting pipeline execution with 2 stages and total parallelism of 8 nodes[0m
[36m{MoStream} Cooperative MoStream runtime is used[0m
[36m{MoStream} CPU pinning is disabled[0m
[36m{MoStream} Pipeline starts...[0m
[36m{MoStream} ...terminated successfully![0m
PIPE_COOP_MPMC_RESULT backend= PADDEDFAA  producers= 4  consumers= 4  workers= 4  capacity= 1024  work_iterations= 0  messages= 200000  time_ms= 444.616587  throughput_Mtransfer_s= 0.44982577314417643  count= 200000  checksum= 5000100000  valid= True

block=3 position=1 command=['/tmp/mostream-ms-bench-9v2x9dkz/MICHAELSCOTT', '50000', '4', '4', '1024', '0']
[36m{MoStream} Starting pipeline execution with 2 stages and total parallelism of 8 nodes[0m
[36m{MoStream} Cooperative MoStream runtime is used[0m
[36m{MoStream} CPU pinning is disabled[0m
[36m{MoStream} Pipeline starts...[0m
[36m{MoStream} ...terminated successfully![0m
PIPE_COOP_MPMC_RESULT backend= MICHAELSCOTT  producers= 4  consumers= 4  workers= 4  capacity= 1024  work_iterations= 0  messages= 200000  time_ms= 442.048716  throughput_Mtransfer_s= 0.4524388212452132  count= 200000  checksum= 5000100000  valid= True

block=3 position=2 command=['/tmp/mostream-ms-bench-9v2x9dkz/NBLFQ', '50000', '4', '4', '1024', '0']
[36m{MoStream} Starting pipeline execution with 2 stages and total parallelism of 8 nodes[0m
[36m{MoStream} Cooperative MoStream runtime is used[0m
[36m{MoStream} CPU pinning is disabled[0m
[36m{MoStream} Pipeline starts...[0m
[36m{MoStream} ...terminated successfully![0m
PIPE_COOP_MPMC_RESULT backend= NBLFQ  producers= 4  consumers= 4  workers= 4  capacity= 1024  work_iterations= 0  messages= 200000  time_ms= 551.328807  throughput_Mtransfer_s= 0.36275993102606013  count= 200000  checksum= 5000100000  valid= True

block=3 position=3 command=['/tmp/mostream-ms-bench-9v2x9dkz/SCQ', '50000', '4', '4', '1024', '0']
[36m{MoStream} Starting pipeline execution with 2 stages and total parallelism of 8 nodes[0m
[36m{MoStream} Cooperative MoStream runtime is used[0m
[36m{MoStream} CPU pinning is disabled[0m
[36m{MoStream} Pipeline starts...[0m
[36m{MoStream} ...terminated successfully![0m
PIPE_COOP_MPMC_RESULT backend= SCQ  producers= 4  consumers= 4  workers= 4  capacity= 1024  work_iterations= 0  messages= 200000  time_ms= 470.596168  throughput_Mtransfer_s= 0.4249928358957653  count= 200000  checksum= 5000100000  valid= True

block=3 position=4 command=['/tmp/mostream-ms-bench-9v2x9dkz/MPMC', '50000', '4', '4', '1024', '0']
[36m{MoStream} Starting pipeline execution with 2 stages and total parallelism of 8 nodes[0m
[36m{MoStream} Cooperative MoStream runtime is used[0m
[36m{MoStream} CPU pinning is disabled[0m
[36m{MoStream} Pipeline starts...[0m
[36m{MoStream} ...terminated successfully![0m
PIPE_COOP_MPMC_RESULT backend= MPMC  producers= 4  consumers= 4  workers= 4  capacity= 1024  work_iterations= 0  messages= 200000  time_ms= 422.535389  throughput_Mtransfer_s= 0.4733331342336393  count= 200000  checksum= 5000100000  valid= True

block=3 position=0 command=['/tmp/mostream-ms-bench-9v2x9dkz/MICHAELSCOTT', '50000', '4', '8', '1024', '0']
[36m{MoStream} Starting pipeline execution with 2 stages and total parallelism of 8 nodes[0m
[36m{MoStream} Cooperative MoStream runtime is used[0m
[36m{MoStream} CPU pinning is disabled[0m
[36m{MoStream} Pipeline starts...[0m
[36m{MoStream} ...terminated successfully![0m
PIPE_COOP_MPMC_RESULT backend= MICHAELSCOTT  producers= 4  consumers= 4  workers= 8  capacity= 1024  work_iterations= 0  messages= 200000  time_ms= 431.168746  throughput_Mtransfer_s= 0.4638555133121824  count= 200000  checksum= 5000100000  valid= True

block=3 position=1 command=['/tmp/mostream-ms-bench-9v2x9dkz/MPMC', '50000', '4', '8', '1024', '0']
[36m{MoStream} Starting pipeline execution with 2 stages and total parallelism of 8 nodes[0m
[36m{MoStream} Cooperative MoStream runtime is used[0m
[36m{MoStream} CPU pinning is disabled[0m
[36m{MoStream} Pipeline starts...[0m
[36m{MoStream} ...terminated successfully![0m
PIPE_COOP_MPMC_RESULT backend= MPMC  producers= 4  consumers= 4  workers= 8  capacity= 1024  work_iterations= 0  messages= 200000  time_ms= 419.059061  throughput_Mtransfer_s= 0.477259695859434  count= 200000  checksum= 5000100000  valid= True

block=3 position=2 command=['/tmp/mostream-ms-bench-9v2x9dkz/SCQ', '50000', '4', '8', '1024', '0']
[36m{MoStream} Starting pipeline execution with 2 stages and total parallelism of 8 nodes[0m
[36m{MoStream} Cooperative MoStream runtime is used[0m
[36m{MoStream} CPU pinning is disabled[0m
[36m{MoStream} Pipeline starts...[0m
[36m{MoStream} ...terminated successfully![0m
PIPE_COOP_MPMC_RESULT backend= SCQ  producers= 4  consumers= 4  workers= 8  capacity= 1024  work_iterations= 0  messages= 200000  time_ms= 426.85173  throughput_Mtransfer_s= 0.46854677149838425  count= 200000  checksum= 5000100000  valid= True

block=3 position=3 command=['/tmp/mostream-ms-bench-9v2x9dkz/PADDEDFAA', '50000', '4', '8', '1024', '0']
[36m{MoStream} Starting pipeline execution with 2 stages and total parallelism of 8 nodes[0m
[36m{MoStream} Cooperative MoStream runtime is used[0m
[36m{MoStream} CPU pinning is disabled[0m
[36m{MoStream} Pipeline starts...[0m
[36m{MoStream} ...terminated successfully![0m
PIPE_COOP_MPMC_RESULT backend= PADDEDFAA  producers= 4  consumers= 4  workers= 8  capacity= 1024  work_iterations= 0  messages= 200000  time_ms= 432.730821  throughput_Mtransfer_s= 0.46218108416178655  count= 200000  checksum= 5000100000  valid= True

block=3 position=4 command=['/tmp/mostream-ms-bench-9v2x9dkz/NBLFQ', '50000', '4', '8', '1024', '0']
[36m{MoStream} Starting pipeline execution with 2 stages and total parallelism of 8 nodes[0m
[36m{MoStream} Cooperative MoStream runtime is used[0m
[36m{MoStream} CPU pinning is disabled[0m
[36m{MoStream} Pipeline starts...[0m
[36m{MoStream} ...terminated successfully![0m
PIPE_COOP_MPMC_RESULT backend= NBLFQ  producers= 4  consumers= 4  workers= 8  capacity= 1024  work_iterations= 0  messages= 200000  time_ms= 455.218191  throughput_Mtransfer_s= 0.4393497534899698  count= 200000  checksum= 5000100000  valid= True

block=3 position=0 command=['/tmp/mostream-ms-bench-9v2x9dkz/MICHAELSCOTT', '50000', '4', '8', '1024', '160']
[36m{MoStream} Starting pipeline execution with 2 stages and total parallelism of 8 nodes[0m
[36m{MoStream} Cooperative MoStream runtime is used[0m
[36m{MoStream} CPU pinning is disabled[0m
[36m{MoStream} Pipeline starts...[0m
[36m{MoStream} ...terminated successfully![0m
PIPE_COOP_MPMC_RESULT backend= MICHAELSCOTT  producers= 4  consumers= 4  workers= 8  capacity= 1024  work_iterations= 160  messages= 200000  time_ms= 443.163441  throughput_Mtransfer_s= 0.45130076512787076  count= 200000  checksum= 476513354054716080  valid= True

block=3 position=1 command=['/tmp/mostream-ms-bench-9v2x9dkz/PADDEDFAA', '50000', '4', '8', '1024', '160']
[36m{MoStream} Starting pipeline execution with 2 stages and total parallelism of 8 nodes[0m
[36m{MoStream} Cooperative MoStream runtime is used[0m
[36m{MoStream} CPU pinning is disabled[0m
[36m{MoStream} Pipeline starts...[0m
[36m{MoStream} ...terminated successfully![0m
PIPE_COOP_MPMC_RESULT backend= PADDEDFAA  producers= 4  consumers= 4  workers= 8  capacity= 1024  work_iterations= 160  messages= 200000  time_ms= 432.536391  throughput_Mtransfer_s= 0.462388839786662  count= 200000  checksum= 476513354054716080  valid= True

block=3 position=2 command=['/tmp/mostream-ms-bench-9v2x9dkz/MPMC', '50000', '4', '8', '1024', '160']
[36m{MoStream} Starting pipeline execution with 2 stages and total parallelism of 8 nodes[0m
[36m{MoStream} Cooperative MoStream runtime is used[0m
[36m{MoStream} CPU pinning is disabled[0m
[36m{MoStream} Pipeline starts...[0m
[36m{MoStream} ...terminated successfully![0m
PIPE_COOP_MPMC_RESULT backend= MPMC  producers= 4  consumers= 4  workers= 8  capacity= 1024  work_iterations= 160  messages= 200000  time_ms= 430.202358  throughput_Mtransfer_s= 0.46489749830706417  count= 200000  checksum= 476513354054716080  valid= True

block=3 position=3 command=['/tmp/mostream-ms-bench-9v2x9dkz/NBLFQ', '50000', '4', '8', '1024', '160']
[36m{MoStream} Starting pipeline execution with 2 stages and total parallelism of 8 nodes[0m
[36m{MoStream} Cooperative MoStream runtime is used[0m
[36m{MoStream} CPU pinning is disabled[0m
[36m{MoStream} Pipeline starts...[0m
[36m{MoStream} ...terminated successfully![0m
PIPE_COOP_MPMC_RESULT backend= NBLFQ  producers= 4  consumers= 4  workers= 8  capacity= 1024  work_iterations= 160  messages= 200000  time_ms= 483.9359  throughput_Mtransfer_s= 0.4132778741978018  count= 200000  checksum= 476513354054716080  valid= True

block=3 position=4 command=['/tmp/mostream-ms-bench-9v2x9dkz/SCQ', '50000', '4', '8', '1024', '160']
[36m{MoStream} Starting pipeline execution with 2 stages and total parallelism of 8 nodes[0m
[36m{MoStream} Cooperative MoStream runtime is used[0m
[36m{MoStream} CPU pinning is disabled[0m
[36m{MoStream} Pipeline starts...[0m
[36m{MoStream} ...terminated successfully![0m
PIPE_COOP_MPMC_RESULT backend= SCQ  producers= 4  consumers= 4  workers= 8  capacity= 1024  work_iterations= 160  messages= 200000  time_ms= 476.959012  throughput_Mtransfer_s= 0.41932324365012735  count= 200000  checksum= 476513354054716080  valid= True

block=3 position=0 command=['/tmp/mostream-ms-bench-9v2x9dkz/PADDEDFAA', '50000', '4', '1', '1024', '160']
[36m{MoStream} Starting pipeline execution with 2 stages and total parallelism of 8 nodes[0m
[36m{MoStream} Cooperative MoStream runtime is used[0m
[36m{MoStream} CPU pinning is disabled[0m
[36m{MoStream} Pipeline starts...[0m
[36m{MoStream} ...terminated successfully![0m
PIPE_COOP_MPMC_RESULT backend= PADDEDFAA  producers= 4  consumers= 4  workers= 1  capacity= 1024  work_iterations= 160  messages= 200000  time_ms= 307.263712  throughput_Mtransfer_s= 0.6509066713351429  count= 200000  checksum= 476513354054716080  valid= True

block=3 position=1 command=['/tmp/mostream-ms-bench-9v2x9dkz/MPMC', '50000', '4', '1', '1024', '160']
[36m{MoStream} Starting pipeline execution with 2 stages and total parallelism of 8 nodes[0m
[36m{MoStream} Cooperative MoStream runtime is used[0m
[36m{MoStream} CPU pinning is disabled[0m
[36m{MoStream} Pipeline starts...[0m
[36m{MoStream} ...terminated successfully![0m
PIPE_COOP_MPMC_RESULT backend= MPMC  producers= 4  consumers= 4  workers= 1  capacity= 1024  work_iterations= 160  messages= 200000  time_ms= 305.23876  throughput_Mtransfer_s= 0.6552247820689614  count= 200000  checksum= 476513354054716080  valid= True

block=3 position=2 command=['/tmp/mostream-ms-bench-9v2x9dkz/NBLFQ', '50000', '4', '1', '1024', '160']
[36m{MoStream} Starting pipeline execution with 2 stages and total parallelism of 8 nodes[0m
[36m{MoStream} Cooperative MoStream runtime is used[0m
[36m{MoStream} CPU pinning is disabled[0m
[36m{MoStream} Pipeline starts...[0m
[36m{MoStream} ...terminated successfully![0m
PIPE_COOP_MPMC_RESULT backend= NBLFQ  producers= 4  consumers= 4  workers= 1  capacity= 1024  work_iterations= 160  messages= 200000  time_ms= 410.312346  throughput_Mtransfer_s= 0.4874335416658411  count= 200000  checksum= 476513354054716080  valid= True

block=3 position=3 command=['/tmp/mostream-ms-bench-9v2x9dkz/SCQ', '50000', '4', '1', '1024', '160']
[36m{MoStream} Starting pipeline execution with 2 stages and total parallelism of 8 nodes[0m
[36m{MoStream} Cooperative MoStream runtime is used[0m
[36m{MoStream} CPU pinning is disabled[0m
[36m{MoStream} Pipeline starts...[0m
[36m{MoStream} ...terminated successfully![0m
PIPE_COOP_MPMC_RESULT backend= SCQ  producers= 4  consumers= 4  workers= 1  capacity= 1024  work_iterations= 160  messages= 200000  time_ms= 325.133675  throughput_Mtransfer_s= 0.6151316070228653  count= 200000  checksum= 476513354054716080  valid= True

block=3 position=4 command=['/tmp/mostream-ms-bench-9v2x9dkz/MICHAELSCOTT', '50000', '4', '1', '1024', '160']
[36m{MoStream} Starting pipeline execution with 2 stages and total parallelism of 8 nodes[0m
[36m{MoStream} Cooperative MoStream runtime is used[0m
[36m{MoStream} CPU pinning is disabled[0m
[36m{MoStream} Pipeline starts...[0m
[36m{MoStream} ...terminated successfully![0m
PIPE_COOP_MPMC_RESULT backend= MICHAELSCOTT  producers= 4  consumers= 4  workers= 1  capacity= 1024  work_iterations= 160  messages= 200000  time_ms= 314.88515  throughput_Mtransfer_s= 0.6351522134340092  count= 200000  checksum= 476513354054716080  valid= True

block=3 position=0 command=['/tmp/mostream-ms-bench-9v2x9dkz/NBLFQ', '50000', '4', '2', '1024', '160']
[36m{MoStream} Starting pipeline execution with 2 stages and total parallelism of 8 nodes[0m
[36m{MoStream} Cooperative MoStream runtime is used[0m
[36m{MoStream} CPU pinning is disabled[0m
[36m{MoStream} Pipeline starts...[0m
[36m{MoStream} ...terminated successfully![0m
PIPE_COOP_MPMC_RESULT backend= NBLFQ  producers= 4  consumers= 4  workers= 2  capacity= 1024  work_iterations= 160  messages= 200000  time_ms= 661.623335  throughput_Mtransfer_s= 0.3022867988777935  count= 200000  checksum= 476513354054716080  valid= True

block=3 position=1 command=['/tmp/mostream-ms-bench-9v2x9dkz/SCQ', '50000', '4', '2', '1024', '160']
[36m{MoStream} Starting pipeline execution with 2 stages and total parallelism of 8 nodes[0m
[36m{MoStream} Cooperative MoStream runtime is used[0m
[36m{MoStream} CPU pinning is disabled[0m
[36m{MoStream} Pipeline starts...[0m
[36m{MoStream} ...terminated successfully![0m
PIPE_COOP_MPMC_RESULT backend= SCQ  producers= 4  consumers= 4  workers= 2  capacity= 1024  work_iterations= 160  messages= 200000  time_ms= 549.318683  throughput_Mtransfer_s= 0.3640873798570583  count= 200000  checksum= 476513354054716080  valid= True

block=3 position=2 command=['/tmp/mostream-ms-bench-9v2x9dkz/PADDEDFAA', '50000', '4', '2', '1024', '160']
[36m{MoStream} Starting pipeline execution with 2 stages and total parallelism of 8 nodes[0m
[36m{MoStream} Cooperative MoStream runtime is used[0m
[36m{MoStream} CPU pinning is disabled[0m
[36m{MoStream} Pipeline starts...[0m
[36m{MoStream} ...terminated successfully![0m
PIPE_COOP_MPMC_RESULT backend= PADDEDFAA  producers= 4  consumers= 4  workers= 2  capacity= 1024  work_iterations= 160  messages= 200000  time_ms= 465.092854  throughput_Mtransfer_s= 0.43002165756775956  count= 200000  checksum= 476513354054716080  valid= True

block=3 position=3 command=['/tmp/mostream-ms-bench-9v2x9dkz/MPMC', '50000', '4', '2', '1024', '160']
[36m{MoStream} Starting pipeline execution with 2 stages and total parallelism of 8 nodes[0m
[36m{MoStream} Cooperative MoStream runtime is used[0m
[36m{MoStream} CPU pinning is disabled[0m
[36m{MoStream} Pipeline starts...[0m
[36m{MoStream} ...terminated successfully![0m
PIPE_COOP_MPMC_RESULT backend= MPMC  producers= 4  consumers= 4  workers= 2  capacity= 1024  work_iterations= 160  messages= 200000  time_ms= 516.926939  throughput_Mtransfer_s= 0.38690187125264136  count= 200000  checksum= 476513354054716080  valid= True

block=3 position=4 command=['/tmp/mostream-ms-bench-9v2x9dkz/MICHAELSCOTT', '50000', '4', '2', '1024', '160']
[36m{MoStream} Starting pipeline execution with 2 stages and total parallelism of 8 nodes[0m
[36m{MoStream} Cooperative MoStream runtime is used[0m
[36m{MoStream} CPU pinning is disabled[0m
[36m{MoStream} Pipeline starts...[0m
[36m{MoStream} ...terminated successfully![0m
PIPE_COOP_MPMC_RESULT backend= MICHAELSCOTT  producers= 4  consumers= 4  workers= 2  capacity= 1024  work_iterations= 160  messages= 200000  time_ms= 506.172774  throughput_Mtransfer_s= 0.39512200235408157  count= 200000  checksum= 476513354054716080  valid= True

block=4 position=0 command=['/tmp/mostream-ms-bench-9v2x9dkz/PADDEDFAA', '50000', '4', '1', '1024', '0']
[36m{MoStream} Starting pipeline execution with 2 stages and total parallelism of 8 nodes[0m
[36m{MoStream} Cooperative MoStream runtime is used[0m
[36m{MoStream} CPU pinning is disabled[0m
[36m{MoStream} Pipeline starts...[0m
[36m{MoStream} ...terminated successfully![0m
PIPE_COOP_MPMC_RESULT backend= PADDEDFAA  producers= 4  consumers= 4  workers= 1  capacity= 1024  work_iterations= 0  messages= 200000  time_ms= 221.893375  throughput_Mtransfer_s= 0.9013338050313581  count= 200000  checksum= 5000100000  valid= True

block=4 position=1 command=['/tmp/mostream-ms-bench-9v2x9dkz/NBLFQ', '50000', '4', '1', '1024', '0']
[36m{MoStream} Starting pipeline execution with 2 stages and total parallelism of 8 nodes[0m
[36m{MoStream} Cooperative MoStream runtime is used[0m
[36m{MoStream} CPU pinning is disabled[0m
[36m{MoStream} Pipeline starts...[0m
[36m{MoStream} ...terminated successfully![0m
PIPE_COOP_MPMC_RESULT backend= NBLFQ  producers= 4  consumers= 4  workers= 1  capacity= 1024  work_iterations= 0  messages= 200000  time_ms= 321.039955  throughput_Mtransfer_s= 0.6229754174990462  count= 200000  checksum= 5000100000  valid= True

block=4 position=2 command=['/tmp/mostream-ms-bench-9v2x9dkz/SCQ', '50000', '4', '1', '1024', '0']
[36m{MoStream} Starting pipeline execution with 2 stages and total parallelism of 8 nodes[0m
[36m{MoStream} Cooperative MoStream runtime is used[0m
[36m{MoStream} CPU pinning is disabled[0m
[36m{MoStream} Pipeline starts...[0m
[36m{MoStream} ...terminated successfully![0m
PIPE_COOP_MPMC_RESULT backend= SCQ  producers= 4  consumers= 4  workers= 1  capacity= 1024  work_iterations= 0  messages= 200000  time_ms= 239.113877  throughput_Mtransfer_s= 0.8364215515605562  count= 200000  checksum= 5000100000  valid= True

block=4 position=3 command=['/tmp/mostream-ms-bench-9v2x9dkz/MICHAELSCOTT', '50000', '4', '1', '1024', '0']
[36m{MoStream} Starting pipeline execution with 2 stages and total parallelism of 8 nodes[0m
[36m{MoStream} Cooperative MoStream runtime is used[0m
[36m{MoStream} CPU pinning is disabled[0m
[36m{MoStream} Pipeline starts...[0m
[36m{MoStream} ...terminated successfully![0m
PIPE_COOP_MPMC_RESULT backend= MICHAELSCOTT  producers= 4  consumers= 4  workers= 1  capacity= 1024  work_iterations= 0  messages= 200000  time_ms= 234.342664  throughput_Mtransfer_s= 0.8534510813617788  count= 200000  checksum= 5000100000  valid= True

block=4 position=4 command=['/tmp/mostream-ms-bench-9v2x9dkz/MPMC', '50000', '4', '1', '1024', '0']
[36m{MoStream} Starting pipeline execution with 2 stages and total parallelism of 8 nodes[0m
[36m{MoStream} Cooperative MoStream runtime is used[0m
[36m{MoStream} CPU pinning is disabled[0m
[36m{MoStream} Pipeline starts...[0m
[36m{MoStream} ...terminated successfully![0m
PIPE_COOP_MPMC_RESULT backend= MPMC  producers= 4  consumers= 4  workers= 1  capacity= 1024  work_iterations= 0  messages= 200000  time_ms= 220.497817  throughput_Mtransfer_s= 0.9070384583444652  count= 200000  checksum= 5000100000  valid= True

block=4 position=0 command=['/tmp/mostream-ms-bench-9v2x9dkz/MICHAELSCOTT', '50000', '4', '4', '1024', '160']
[36m{MoStream} Starting pipeline execution with 2 stages and total parallelism of 8 nodes[0m
[36m{MoStream} Cooperative MoStream runtime is used[0m
[36m{MoStream} CPU pinning is disabled[0m
[36m{MoStream} Pipeline starts...[0m
[36m{MoStream} ...terminated successfully![0m
PIPE_COOP_MPMC_RESULT backend= MICHAELSCOTT  producers= 4  consumers= 4  workers= 4  capacity= 1024  work_iterations= 160  messages= 200000  time_ms= 505.017998  throughput_Mtransfer_s= 0.39602548976878243  count= 200000  checksum= 476513354054716080  valid= True

block=4 position=1 command=['/tmp/mostream-ms-bench-9v2x9dkz/NBLFQ', '50000', '4', '4', '1024', '160']
[36m{MoStream} Starting pipeline execution with 2 stages and total parallelism of 8 nodes[0m
[36m{MoStream} Cooperative MoStream runtime is used[0m
[36m{MoStream} CPU pinning is disabled[0m
[36m{MoStream} Pipeline starts...[0m
[36m{MoStream} ...terminated successfully![0m
PIPE_COOP_MPMC_RESULT backend= NBLFQ  producers= 4  consumers= 4  workers= 4  capacity= 1024  work_iterations= 160  messages= 200000  time_ms= 601.170354  throughput_Mtransfer_s= 0.33268440246472963  count= 200000  checksum= 476513354054716080  valid= True

block=4 position=2 command=['/tmp/mostream-ms-bench-9v2x9dkz/MPMC', '50000', '4', '4', '1024', '160']
[36m{MoStream} Starting pipeline execution with 2 stages and total parallelism of 8 nodes[0m
[36m{MoStream} Cooperative MoStream runtime is used[0m
[36m{MoStream} CPU pinning is disabled[0m
[36m{MoStream} Pipeline starts...[0m
[36m{MoStream} ...terminated successfully![0m
PIPE_COOP_MPMC_RESULT backend= MPMC  producers= 4  consumers= 4  workers= 4  capacity= 1024  work_iterations= 160  messages= 200000  time_ms= 464.161083  throughput_Mtransfer_s= 0.4308848960523474  count= 200000  checksum= 476513354054716080  valid= True

block=4 position=3 command=['/tmp/mostream-ms-bench-9v2x9dkz/PADDEDFAA', '50000', '4', '4', '1024', '160']
[36m{MoStream} Starting pipeline execution with 2 stages and total parallelism of 8 nodes[0m
[36m{MoStream} Cooperative MoStream runtime is used[0m
[36m{MoStream} CPU pinning is disabled[0m
[36m{MoStream} Pipeline starts...[0m
[36m{MoStream} ...terminated successfully![0m
PIPE_COOP_MPMC_RESULT backend= PADDEDFAA  producers= 4  consumers= 4  workers= 4  capacity= 1024  work_iterations= 160  messages= 200000  time_ms= 429.908699  throughput_Mtransfer_s= 0.46521505720915873  count= 200000  checksum= 476513354054716080  valid= True

block=4 position=4 command=['/tmp/mostream-ms-bench-9v2x9dkz/SCQ', '50000', '4', '4', '1024', '160']
[36m{MoStream} Starting pipeline execution with 2 stages and total parallelism of 8 nodes[0m
[36m{MoStream} Cooperative MoStream runtime is used[0m
[36m{MoStream} CPU pinning is disabled[0m
[36m{MoStream} Pipeline starts...[0m
[36m{MoStream} ...terminated successfully![0m
PIPE_COOP_MPMC_RESULT backend= SCQ  producers= 4  consumers= 4  workers= 4  capacity= 1024  work_iterations= 160  messages= 200000  time_ms= 527.899661  throughput_Mtransfer_s= 0.3788598757974956  count= 200000  checksum= 476513354054716080  valid= True

block=4 position=0 command=['/tmp/mostream-ms-bench-9v2x9dkz/MPMC', '50000', '4', '1', '1024', '160']
[36m{MoStream} Starting pipeline execution with 2 stages and total parallelism of 8 nodes[0m
[36m{MoStream} Cooperative MoStream runtime is used[0m
[36m{MoStream} CPU pinning is disabled[0m
[36m{MoStream} Pipeline starts...[0m
[36m{MoStream} ...terminated successfully![0m
PIPE_COOP_MPMC_RESULT backend= MPMC  producers= 4  consumers= 4  workers= 1  capacity= 1024  work_iterations= 160  messages= 200000  time_ms= 307.31833  throughput_Mtransfer_s= 0.650790989265105  count= 200000  checksum= 476513354054716080  valid= True

block=4 position=1 command=['/tmp/mostream-ms-bench-9v2x9dkz/NBLFQ', '50000', '4', '1', '1024', '160']
[36m{MoStream} Starting pipeline execution with 2 stages and total parallelism of 8 nodes[0m
[36m{MoStream} Cooperative MoStream runtime is used[0m
[36m{MoStream} CPU pinning is disabled[0m
[36m{MoStream} Pipeline starts...[0m
[36m{MoStream} ...terminated successfully![0m
PIPE_COOP_MPMC_RESULT backend= NBLFQ  producers= 4  consumers= 4  workers= 1  capacity= 1024  work_iterations= 160  messages= 200000  time_ms= 408.151795  throughput_Mtransfer_s= 0.49001377048948175  count= 200000  checksum= 476513354054716080  valid= True

block=4 position=2 command=['/tmp/mostream-ms-bench-9v2x9dkz/SCQ', '50000', '4', '1', '1024', '160']
[36m{MoStream} Starting pipeline execution with 2 stages and total parallelism of 8 nodes[0m
[36m{MoStream} Cooperative MoStream runtime is used[0m
[36m{MoStream} CPU pinning is disabled[0m
[36m{MoStream} Pipeline starts...[0m
[36m{MoStream} ...terminated successfully![0m
PIPE_COOP_MPMC_RESULT backend= SCQ  producers= 4  consumers= 4  workers= 1  capacity= 1024  work_iterations= 160  messages= 200000  time_ms= 328.619462  throughput_Mtransfer_s= 0.608606680757088  count= 200000  checksum= 476513354054716080  valid= True

block=4 position=3 command=['/tmp/mostream-ms-bench-9v2x9dkz/MICHAELSCOTT', '50000', '4', '1', '1024', '160']
[36m{MoStream} Starting pipeline execution with 2 stages and total parallelism of 8 nodes[0m
[36m{MoStream} Cooperative MoStream runtime is used[0m
[36m{MoStream} CPU pinning is disabled[0m
[36m{MoStream} Pipeline starts...[0m
[36m{MoStream} ...terminated successfully![0m
PIPE_COOP_MPMC_RESULT backend= MICHAELSCOTT  producers= 4  consumers= 4  workers= 1  capacity= 1024  work_iterations= 160  messages= 200000  time_ms= 314.802661  throughput_Mtransfer_s= 0.6353186449081509  count= 200000  checksum= 476513354054716080  valid= True

block=4 position=4 command=['/tmp/mostream-ms-bench-9v2x9dkz/PADDEDFAA', '50000', '4', '1', '1024', '160']
[36m{MoStream} Starting pipeline execution with 2 stages and total parallelism of 8 nodes[0m
[36m{MoStream} Cooperative MoStream runtime is used[0m
[36m{MoStream} CPU pinning is disabled[0m
[36m{MoStream} Pipeline starts...[0m
[36m{MoStream} ...terminated successfully![0m
PIPE_COOP_MPMC_RESULT backend= PADDEDFAA  producers= 4  consumers= 4  workers= 1  capacity= 1024  work_iterations= 160  messages= 200000  time_ms= 310.798402  throughput_Mtransfer_s= 0.6435039521213497  count= 200000  checksum= 476513354054716080  valid= True

block=4 position=0 command=['/tmp/mostream-ms-bench-9v2x9dkz/PADDEDFAA', '50000', '4', '8', '1024', '160']
[36m{MoStream} Starting pipeline execution with 2 stages and total parallelism of 8 nodes[0m
[36m{MoStream} Cooperative MoStream runtime is used[0m
[36m{MoStream} CPU pinning is disabled[0m
[36m{MoStream} Pipeline starts...[0m
[36m{MoStream} ...terminated successfully![0m
PIPE_COOP_MPMC_RESULT backend= PADDEDFAA  producers= 4  consumers= 4  workers= 8  capacity= 1024  work_iterations= 160  messages= 200000  time_ms= 437.369238  throughput_Mtransfer_s= 0.45727953093948503  count= 200000  checksum= 476513354054716080  valid= True

block=4 position=1 command=['/tmp/mostream-ms-bench-9v2x9dkz/MPMC', '50000', '4', '8', '1024', '160']
[36m{MoStream} Starting pipeline execution with 2 stages and total parallelism of 8 nodes[0m
[36m{MoStream} Cooperative MoStream runtime is used[0m
[36m{MoStream} CPU pinning is disabled[0m
[36m{MoStream} Pipeline starts...[0m
[36m{MoStream} ...terminated successfully![0m
PIPE_COOP_MPMC_RESULT backend= MPMC  producers= 4  consumers= 4  workers= 8  capacity= 1024  work_iterations= 160  messages= 200000  time_ms= 434.322308  throughput_Mtransfer_s= 0.4604875142632554  count= 200000  checksum= 476513354054716080  valid= True

block=4 position=2 command=['/tmp/mostream-ms-bench-9v2x9dkz/NBLFQ', '50000', '4', '8', '1024', '160']
[36m{MoStream} Starting pipeline execution with 2 stages and total parallelism of 8 nodes[0m
[36m{MoStream} Cooperative MoStream runtime is used[0m
[36m{MoStream} CPU pinning is disabled[0m
[36m{MoStream} Pipeline starts...[0m
[36m{MoStream} ...terminated successfully![0m
PIPE_COOP_MPMC_RESULT backend= NBLFQ  producers= 4  consumers= 4  workers= 8  capacity= 1024  work_iterations= 160  messages= 200000  time_ms= 485.357274  throughput_Mtransfer_s= 0.4120675854957929  count= 200000  checksum= 476513354054716080  valid= True

block=4 position=3 command=['/tmp/mostream-ms-bench-9v2x9dkz/SCQ', '50000', '4', '8', '1024', '160']
[36m{MoStream} Starting pipeline execution with 2 stages and total parallelism of 8 nodes[0m
[36m{MoStream} Cooperative MoStream runtime is used[0m
[36m{MoStream} CPU pinning is disabled[0m
[36m{MoStream} Pipeline starts...[0m
[36m{MoStream} ...terminated successfully![0m
PIPE_COOP_MPMC_RESULT backend= SCQ  producers= 4  consumers= 4  workers= 8  capacity= 1024  work_iterations= 160  messages= 200000  time_ms= 476.500975  throughput_Mtransfer_s= 0.4197263185033357  count= 200000  checksum= 476513354054716080  valid= True

block=4 position=4 command=['/tmp/mostream-ms-bench-9v2x9dkz/MICHAELSCOTT', '50000', '4', '8', '1024', '160']
[36m{MoStream} Starting pipeline execution with 2 stages and total parallelism of 8 nodes[0m
[36m{MoStream} Cooperative MoStream runtime is used[0m
[36m{MoStream} CPU pinning is disabled[0m
[36m{MoStream} Pipeline starts...[0m
[36m{MoStream} ...terminated successfully![0m
PIPE_COOP_MPMC_RESULT backend= MICHAELSCOTT  producers= 4  consumers= 4  workers= 8  capacity= 1024  work_iterations= 160  messages= 200000  time_ms= 443.765456  throughput_Mtransfer_s= 0.4506885276802618  count= 200000  checksum= 476513354054716080  valid= True

block=4 position=0 command=['/tmp/mostream-ms-bench-9v2x9dkz/MPMC', '50000', '4', '8', '1024', '0']
[36m{MoStream} Starting pipeline execution with 2 stages and total parallelism of 8 nodes[0m
[36m{MoStream} Cooperative MoStream runtime is used[0m
[36m{MoStream} CPU pinning is disabled[0m
[36m{MoStream} Pipeline starts...[0m
[36m{MoStream} ...terminated successfully![0m
PIPE_COOP_MPMC_RESULT backend= MPMC  producers= 4  consumers= 4  workers= 8  capacity= 1024  work_iterations= 0  messages= 200000  time_ms= 418.751523  throughput_Mtransfer_s= 0.47761020322306985  count= 200000  checksum= 5000100000  valid= True

block=4 position=1 command=['/tmp/mostream-ms-bench-9v2x9dkz/SCQ', '50000', '4', '8', '1024', '0']
[36m{MoStream} Starting pipeline execution with 2 stages and total parallelism of 8 nodes[0m
[36m{MoStream} Cooperative MoStream runtime is used[0m
[36m{MoStream} CPU pinning is disabled[0m
[36m{MoStream} Pipeline starts...[0m
[36m{MoStream} ...terminated successfully![0m
PIPE_COOP_MPMC_RESULT backend= SCQ  producers= 4  consumers= 4  workers= 8  capacity= 1024  work_iterations= 0  messages= 200000  time_ms= 402.349899  throughput_Mtransfer_s= 0.4970797817946016  count= 200000  checksum= 5000100000  valid= True

block=4 position=2 command=['/tmp/mostream-ms-bench-9v2x9dkz/PADDEDFAA', '50000', '4', '8', '1024', '0']
[36m{MoStream} Starting pipeline execution with 2 stages and total parallelism of 8 nodes[0m
[36m{MoStream} Cooperative MoStream runtime is used[0m
[36m{MoStream} CPU pinning is disabled[0m
[36m{MoStream} Pipeline starts...[0m
[36m{MoStream} ...terminated successfully![0m
PIPE_COOP_MPMC_RESULT backend= PADDEDFAA  producers= 4  consumers= 4  workers= 8  capacity= 1024  work_iterations= 0  messages= 200000  time_ms= 417.318856  throughput_Mtransfer_s= 0.4792498520603632  count= 200000  checksum= 5000100000  valid= True

block=4 position=3 command=['/tmp/mostream-ms-bench-9v2x9dkz/NBLFQ', '50000', '4', '8', '1024', '0']
[36m{MoStream} Starting pipeline execution with 2 stages and total parallelism of 8 nodes[0m
[36m{MoStream} Cooperative MoStream runtime is used[0m
[36m{MoStream} CPU pinning is disabled[0m
[36m{MoStream} Pipeline starts...[0m
[36m{MoStream} ...terminated successfully![0m
PIPE_COOP_MPMC_RESULT backend= NBLFQ  producers= 4  consumers= 4  workers= 8  capacity= 1024  work_iterations= 0  messages= 200000  time_ms= 445.207832  throughput_Mtransfer_s= 0.4492283954249933  count= 200000  checksum= 5000100000  valid= True

block=4 position=4 command=['/tmp/mostream-ms-bench-9v2x9dkz/MICHAELSCOTT', '50000', '4', '8', '1024', '0']
[36m{MoStream} Starting pipeline execution with 2 stages and total parallelism of 8 nodes[0m
[36m{MoStream} Cooperative MoStream runtime is used[0m
[36m{MoStream} CPU pinning is disabled[0m
[36m{MoStream} Pipeline starts...[0m
[36m{MoStream} ...terminated successfully![0m
PIPE_COOP_MPMC_RESULT backend= MICHAELSCOTT  producers= 4  consumers= 4  workers= 8  capacity= 1024  work_iterations= 0  messages= 200000  time_ms= 414.660834  throughput_Mtransfer_s= 0.48232189683967114  count= 200000  checksum= 5000100000  valid= True

block=4 position=0 command=['/tmp/mostream-ms-bench-9v2x9dkz/SCQ', '50000', '4', '2', '1024', '160']
[36m{MoStream} Starting pipeline execution with 2 stages and total parallelism of 8 nodes[0m
[36m{MoStream} Cooperative MoStream runtime is used[0m
[36m{MoStream} CPU pinning is disabled[0m
[36m{MoStream} Pipeline starts...[0m
[36m{MoStream} ...terminated successfully![0m
PIPE_COOP_MPMC_RESULT backend= SCQ  producers= 4  consumers= 4  workers= 2  capacity= 1024  work_iterations= 160  messages= 200000  time_ms= 553.901089  throughput_Mtransfer_s= 0.3610752966040838  count= 200000  checksum= 476513354054716080  valid= True

block=4 position=1 command=['/tmp/mostream-ms-bench-9v2x9dkz/PADDEDFAA', '50000', '4', '2', '1024', '160']
[36m{MoStream} Starting pipeline execution with 2 stages and total parallelism of 8 nodes[0m
[36m{MoStream} Cooperative MoStream runtime is used[0m
[36m{MoStream} CPU pinning is disabled[0m
[36m{MoStream} Pipeline starts...[0m
[36m{MoStream} ...terminated successfully![0m
PIPE_COOP_MPMC_RESULT backend= PADDEDFAA  producers= 4  consumers= 4  workers= 2  capacity= 1024  work_iterations= 160  messages= 200000  time_ms= 465.983593  throughput_Mtransfer_s= 0.42919966068419063  count= 200000  checksum= 476513354054716080  valid= True

block=4 position=2 command=['/tmp/mostream-ms-bench-9v2x9dkz/MPMC', '50000', '4', '2', '1024', '160']
[36m{MoStream} Starting pipeline execution with 2 stages and total parallelism of 8 nodes[0m
[36m{MoStream} Cooperative MoStream runtime is used[0m
[36m{MoStream} CPU pinning is disabled[0m
[36m{MoStream} Pipeline starts...[0m
[36m{MoStream} ...terminated successfully![0m
PIPE_COOP_MPMC_RESULT backend= MPMC  producers= 4  consumers= 4  workers= 2  capacity= 1024  work_iterations= 160  messages= 200000  time_ms= 488.455408  throughput_Mtransfer_s= 0.4094539577704911  count= 200000  checksum= 476513354054716080  valid= True

block=4 position=3 command=['/tmp/mostream-ms-bench-9v2x9dkz/MICHAELSCOTT', '50000', '4', '2', '1024', '160']
[36m{MoStream} Starting pipeline execution with 2 stages and total parallelism of 8 nodes[0m
[36m{MoStream} Cooperative MoStream runtime is used[0m
[36m{MoStream} CPU pinning is disabled[0m
[36m{MoStream} Pipeline starts...[0m
[36m{MoStream} ...terminated successfully![0m
PIPE_COOP_MPMC_RESULT backend= MICHAELSCOTT  producers= 4  consumers= 4  workers= 2  capacity= 1024  work_iterations= 160  messages= 200000  time_ms= 509.594895  throughput_Mtransfer_s= 0.39246860979641485  count= 200000  checksum= 476513354054716080  valid= True

block=4 position=4 command=['/tmp/mostream-ms-bench-9v2x9dkz/NBLFQ', '50000', '4', '2', '1024', '160']
[36m{MoStream} Starting pipeline execution with 2 stages and total parallelism of 8 nodes[0m
[36m{MoStream} Cooperative MoStream runtime is used[0m
[36m{MoStream} CPU pinning is disabled[0m
[36m{MoStream} Pipeline starts...[0m
[36m{MoStream} ...terminated successfully![0m
PIPE_COOP_MPMC_RESULT backend= NBLFQ  producers= 4  consumers= 4  workers= 2  capacity= 1024  work_iterations= 160  messages= 200000  time_ms= 702.849058  throughput_Mtransfer_s= 0.28455611873353326  count= 200000  checksum= 476513354054716080  valid= True

block=4 position=0 command=['/tmp/mostream-ms-bench-9v2x9dkz/MICHAELSCOTT', '50000', '4', '4', '1024', '0']
[36m{MoStream} Starting pipeline execution with 2 stages and total parallelism of 8 nodes[0m
[36m{MoStream} Cooperative MoStream runtime is used[0m
[36m{MoStream} CPU pinning is disabled[0m
[36m{MoStream} Pipeline starts...[0m
[36m{MoStream} ...terminated successfully![0m
PIPE_COOP_MPMC_RESULT backend= MICHAELSCOTT  producers= 4  consumers= 4  workers= 4  capacity= 1024  work_iterations= 0  messages= 200000  time_ms= 443.264638  throughput_Mtransfer_s= 0.45119773348579184  count= 200000  checksum= 5000100000  valid= True

block=4 position=1 command=['/tmp/mostream-ms-bench-9v2x9dkz/NBLFQ', '50000', '4', '4', '1024', '0']
[36m{MoStream} Starting pipeline execution with 2 stages and total parallelism of 8 nodes[0m
[36m{MoStream} Cooperative MoStream runtime is used[0m
[36m{MoStream} CPU pinning is disabled[0m
[36m{MoStream} Pipeline starts...[0m
[36m{MoStream} ...terminated successfully![0m
PIPE_COOP_MPMC_RESULT backend= NBLFQ  producers= 4  consumers= 4  workers= 4  capacity= 1024  work_iterations= 0  messages= 200000  time_ms= 546.264548  throughput_Mtransfer_s= 0.3661229723441617  count= 200000  checksum= 5000100000  valid= True

block=4 position=2 command=['/tmp/mostream-ms-bench-9v2x9dkz/SCQ', '50000', '4', '4', '1024', '0']
[36m{MoStream} Starting pipeline execution with 2 stages and total parallelism of 8 nodes[0m
[36m{MoStream} Cooperative MoStream runtime is used[0m
[36m{MoStream} CPU pinning is disabled[0m
[36m{MoStream} Pipeline starts...[0m
[36m{MoStream} ...terminated successfully![0m
PIPE_COOP_MPMC_RESULT backend= SCQ  producers= 4  consumers= 4  workers= 4  capacity= 1024  work_iterations= 0  messages= 200000  time_ms= 459.522371  throughput_Mtransfer_s= 0.4352345231087781  count= 200000  checksum= 5000100000  valid= True

block=4 position=3 command=['/tmp/mostream-ms-bench-9v2x9dkz/MPMC', '50000', '4', '4', '1024', '0']
[36m{MoStream} Starting pipeline execution with 2 stages and total parallelism of 8 nodes[0m
[36m{MoStream} Cooperative MoStream runtime is used[0m
[36m{MoStream} CPU pinning is disabled[0m
[36m{MoStream} Pipeline starts...[0m
[36m{MoStream} ...terminated successfully![0m
PIPE_COOP_MPMC_RESULT backend= MPMC  producers= 4  consumers= 4  workers= 4  capacity= 1024  work_iterations= 0  messages= 200000  time_ms= 424.668237  throughput_Mtransfer_s= 0.470955872313097  count= 200000  checksum= 5000100000  valid= True

block=4 position=4 command=['/tmp/mostream-ms-bench-9v2x9dkz/PADDEDFAA', '50000', '4', '4', '1024', '0']
[36m{MoStream} Starting pipeline execution with 2 stages and total parallelism of 8 nodes[0m
[36m{MoStream} Cooperative MoStream runtime is used[0m
[36m{MoStream} CPU pinning is disabled[0m
[36m{MoStream} Pipeline starts...[0m
[36m{MoStream} ...terminated successfully![0m
PIPE_COOP_MPMC_RESULT backend= PADDEDFAA  producers= 4  consumers= 4  workers= 4  capacity= 1024  work_iterations= 0  messages= 200000  time_ms= 429.001931  throughput_Mtransfer_s= 0.4661983677644565  count= 200000  checksum= 5000100000  valid= True

block=4 position=0 command=['/tmp/mostream-ms-bench-9v2x9dkz/PADDEDFAA', '50000', '4', '2', '1024', '0']
[36m{MoStream} Starting pipeline execution with 2 stages and total parallelism of 8 nodes[0m
[36m{MoStream} Cooperative MoStream runtime is used[0m
[36m{MoStream} CPU pinning is disabled[0m
[36m{MoStream} Pipeline starts...[0m
[36m{MoStream} ...terminated successfully![0m
PIPE_COOP_MPMC_RESULT backend= PADDEDFAA  producers= 4  consumers= 4  workers= 2  capacity= 1024  work_iterations= 0  messages= 200000  time_ms= 473.075787  throughput_Mtransfer_s= 0.4227652428975402  count= 200000  checksum= 5000100000  valid= True

block=4 position=1 command=['/tmp/mostream-ms-bench-9v2x9dkz/MICHAELSCOTT', '50000', '4', '2', '1024', '0']
[36m{MoStream} Starting pipeline execution with 2 stages and total parallelism of 8 nodes[0m
[36m{MoStream} Cooperative MoStream runtime is used[0m
[36m{MoStream} CPU pinning is disabled[0m
[36m{MoStream} Pipeline starts...[0m
[36m{MoStream} ...terminated successfully![0m
PIPE_COOP_MPMC_RESULT backend= MICHAELSCOTT  producers= 4  consumers= 4  workers= 2  capacity= 1024  work_iterations= 0  messages= 200000  time_ms= 468.564275  throughput_Mtransfer_s= 0.4268357846957069  count= 200000  checksum= 5000100000  valid= True

block=4 position=2 command=['/tmp/mostream-ms-bench-9v2x9dkz/MPMC', '50000', '4', '2', '1024', '0']
[36m{MoStream} Starting pipeline execution with 2 stages and total parallelism of 8 nodes[0m
[36m{MoStream} Cooperative MoStream runtime is used[0m
[36m{MoStream} CPU pinning is disabled[0m
[36m{MoStream} Pipeline starts...[0m
[36m{MoStream} ...terminated successfully![0m
PIPE_COOP_MPMC_RESULT backend= MPMC  producers= 4  consumers= 4  workers= 2  capacity= 1024  work_iterations= 0  messages= 200000  time_ms= 471.1296  throughput_Mtransfer_s= 0.4245116418072649  count= 200000  checksum= 5000100000  valid= True

block=4 position=3 command=['/tmp/mostream-ms-bench-9v2x9dkz/NBLFQ', '50000', '4', '2', '1024', '0']
[36m{MoStream} Starting pipeline execution with 2 stages and total parallelism of 8 nodes[0m
[36m{MoStream} Cooperative MoStream runtime is used[0m
[36m{MoStream} CPU pinning is disabled[0m
[36m{MoStream} Pipeline starts...[0m
[36m{MoStream} ...terminated successfully![0m
PIPE_COOP_MPMC_RESULT backend= NBLFQ  producers= 4  consumers= 4  workers= 2  capacity= 1024  work_iterations= 0  messages= 200000  time_ms= 600.993519  throughput_Mtransfer_s= 0.33278229078540195  count= 200000  checksum= 5000100000  valid= True

block=4 position=4 command=['/tmp/mostream-ms-bench-9v2x9dkz/SCQ', '50000', '4', '2', '1024', '0']
[36m{MoStream} Starting pipeline execution with 2 stages and total parallelism of 8 nodes[0m
[36m{MoStream} Cooperative MoStream runtime is used[0m
[36m{MoStream} CPU pinning is disabled[0m
[36m{MoStream} Pipeline starts...[0m
[36m{MoStream} ...terminated successfully![0m
PIPE_COOP_MPMC_RESULT backend= SCQ  producers= 4  consumers= 4  workers= 2  capacity= 1024  work_iterations= 0  messages= 200000  time_ms= 493.488645  throughput_Mtransfer_s= 0.40527781546017133  count= 200000  checksum= 5000100000  valid= True

block=5 position=0 command=['/tmp/mostream-ms-bench-9v2x9dkz/PADDEDFAA', '50000', '4', '2', '1024', '160']
[36m{MoStream} Starting pipeline execution with 2 stages and total parallelism of 8 nodes[0m
[36m{MoStream} Cooperative MoStream runtime is used[0m
[36m{MoStream} CPU pinning is disabled[0m
[36m{MoStream} Pipeline starts...[0m
[36m{MoStream} ...terminated successfully![0m
PIPE_COOP_MPMC_RESULT backend= PADDEDFAA  producers= 4  consumers= 4  workers= 2  capacity= 1024  work_iterations= 160  messages= 200000  time_ms= 479.107659  throughput_Mtransfer_s= 0.41744271092940305  count= 200000  checksum= 476513354054716080  valid= True

block=5 position=1 command=['/tmp/mostream-ms-bench-9v2x9dkz/MPMC', '50000', '4', '2', '1024', '160']
[36m{MoStream} Starting pipeline execution with 2 stages and total parallelism of 8 nodes[0m
[36m{MoStream} Cooperative MoStream runtime is used[0m
[36m{MoStream} CPU pinning is disabled[0m
[36m{MoStream} Pipeline starts...[0m
[36m{MoStream} ...terminated successfully![0m
PIPE_COOP_MPMC_RESULT backend= MPMC  producers= 4  consumers= 4  workers= 2  capacity= 1024  work_iterations= 160  messages= 200000  time_ms= 545.320572  throughput_Mtransfer_s= 0.3667567487257752  count= 200000  checksum= 476513354054716080  valid= True

block=5 position=2 command=['/tmp/mostream-ms-bench-9v2x9dkz/MICHAELSCOTT', '50000', '4', '2', '1024', '160']
[36m{MoStream} Starting pipeline execution with 2 stages and total parallelism of 8 nodes[0m
[36m{MoStream} Cooperative MoStream runtime is used[0m
[36m{MoStream} CPU pinning is disabled[0m
[36m{MoStream} Pipeline starts...[0m
[36m{MoStream} ...terminated successfully![0m
PIPE_COOP_MPMC_RESULT backend= MICHAELSCOTT  producers= 4  consumers= 4  workers= 2  capacity= 1024  work_iterations= 160  messages= 200000  time_ms= 513.822041  throughput_Mtransfer_s= 0.3892398224310506  count= 200000  checksum= 476513354054716080  valid= True

block=5 position=3 command=['/tmp/mostream-ms-bench-9v2x9dkz/NBLFQ', '50000', '4', '2', '1024', '160']
[36m{MoStream} Starting pipeline execution with 2 stages and total parallelism of 8 nodes[0m
[36m{MoStream} Cooperative MoStream runtime is used[0m
[36m{MoStream} CPU pinning is disabled[0m
[36m{MoStream} Pipeline starts...[0m
[36m{MoStream} ...terminated successfully![0m
PIPE_COOP_MPMC_RESULT backend= NBLFQ  producers= 4  consumers= 4  workers= 2  capacity= 1024  work_iterations= 160  messages= 200000  time_ms= 658.209198  throughput_Mtransfer_s= 0.30385476320858096  count= 200000  checksum= 476513354054716080  valid= True

block=5 position=4 command=['/tmp/mostream-ms-bench-9v2x9dkz/SCQ', '50000', '4', '2', '1024', '160']
[36m{MoStream} Starting pipeline execution with 2 stages and total parallelism of 8 nodes[0m
[36m{MoStream} Cooperative MoStream runtime is used[0m
[36m{MoStream} CPU pinning is disabled[0m
[36m{MoStream} Pipeline starts...[0m
[36m{MoStream} ...terminated successfully![0m
PIPE_COOP_MPMC_RESULT backend= SCQ  producers= 4  consumers= 4  workers= 2  capacity= 1024  work_iterations= 160  messages= 200000  time_ms= 614.612738  throughput_Mtransfer_s= 0.32540815969876624  count= 200000  checksum= 476513354054716080  valid= True

block=5 position=0 command=['/tmp/mostream-ms-bench-9v2x9dkz/MPMC', '50000', '4', '8', '1024', '160']
[36m{MoStream} Starting pipeline execution with 2 stages and total parallelism of 8 nodes[0m
[36m{MoStream} Cooperative MoStream runtime is used[0m
[36m{MoStream} CPU pinning is disabled[0m
[36m{MoStream} Pipeline starts...[0m
[36m{MoStream} ...terminated successfully![0m
PIPE_COOP_MPMC_RESULT backend= MPMC  producers= 4  consumers= 4  workers= 8  capacity= 1024  work_iterations= 160  messages= 200000  time_ms= 439.199818  throughput_Mtransfer_s= 0.4553735948952511  count= 200000  checksum= 476513354054716080  valid= True

block=5 position=1 command=['/tmp/mostream-ms-bench-9v2x9dkz/NBLFQ', '50000', '4', '8', '1024', '160']
[36m{MoStream} Starting pipeline execution with 2 stages and total parallelism of 8 nodes[0m
[36m{MoStream} Cooperative MoStream runtime is used[0m
[36m{MoStream} CPU pinning is disabled[0m
[36m{MoStream} Pipeline starts...[0m
[36m{MoStream} ...terminated successfully![0m
PIPE_COOP_MPMC_RESULT backend= NBLFQ  producers= 4  consumers= 4  workers= 8  capacity= 1024  work_iterations= 160  messages= 200000  time_ms= 486.355095  throughput_Mtransfer_s= 0.4112221750241971  count= 200000  checksum= 476513354054716080  valid= True

block=5 position=2 command=['/tmp/mostream-ms-bench-9v2x9dkz/SCQ', '50000', '4', '8', '1024', '160']
[36m{MoStream} Starting pipeline execution with 2 stages and total parallelism of 8 nodes[0m
[36m{MoStream} Cooperative MoStream runtime is used[0m
[36m{MoStream} CPU pinning is disabled[0m
[36m{MoStream} Pipeline starts...[0m
[36m{MoStream} ...terminated successfully![0m
PIPE_COOP_MPMC_RESULT backend= SCQ  producers= 4  consumers= 4  workers= 8  capacity= 1024  work_iterations= 160  messages= 200000  time_ms= 479.347443  throughput_Mtransfer_s= 0.4172338935372187  count= 200000  checksum= 476513354054716080  valid= True

block=5 position=3 command=['/tmp/mostream-ms-bench-9v2x9dkz/MICHAELSCOTT', '50000', '4', '8', '1024', '160']
[36m{MoStream} Starting pipeline execution with 2 stages and total parallelism of 8 nodes[0m
[36m{MoStream} Cooperative MoStream runtime is used[0m
[36m{MoStream} CPU pinning is disabled[0m
[36m{MoStream} Pipeline starts...[0m
[36m{MoStream} ...terminated successfully![0m
PIPE_COOP_MPMC_RESULT backend= MICHAELSCOTT  producers= 4  consumers= 4  workers= 8  capacity= 1024  work_iterations= 160  messages= 200000  time_ms= 448.360289  throughput_Mtransfer_s= 0.4460698346993884  count= 200000  checksum= 476513354054716080  valid= True

block=5 position=4 command=['/tmp/mostream-ms-bench-9v2x9dkz/PADDEDFAA', '50000', '4', '8', '1024', '160']
[36m{MoStream} Starting pipeline execution with 2 stages and total parallelism of 8 nodes[0m
[36m{MoStream} Cooperative MoStream runtime is used[0m
[36m{MoStream} CPU pinning is disabled[0m
[36m{MoStream} Pipeline starts...[0m
[36m{MoStream} ...terminated successfully![0m
PIPE_COOP_MPMC_RESULT backend= PADDEDFAA  producers= 4  consumers= 4  workers= 8  capacity= 1024  work_iterations= 160  messages= 200000  time_ms= 451.936657  throughput_Mtransfer_s= 0.44253989337271216  count= 200000  checksum= 476513354054716080  valid= True

block=5 position=0 command=['/tmp/mostream-ms-bench-9v2x9dkz/NBLFQ', '50000', '4', '4', '1024', '160']
[36m{MoStream} Starting pipeline execution with 2 stages and total parallelism of 8 nodes[0m
[36m{MoStream} Cooperative MoStream runtime is used[0m
[36m{MoStream} CPU pinning is disabled[0m
[36m{MoStream} Pipeline starts...[0m
[36m{MoStream} ...terminated successfully![0m
PIPE_COOP_MPMC_RESULT backend= NBLFQ  producers= 4  consumers= 4  workers= 4  capacity= 1024  work_iterations= 160  messages= 200000  time_ms= 593.587276  throughput_Mtransfer_s= 0.33693444601396744  count= 200000  checksum= 476513354054716080  valid= True

block=5 position=1 command=['/tmp/mostream-ms-bench-9v2x9dkz/MPMC', '50000', '4', '4', '1024', '160']
[36m{MoStream} Starting pipeline execution with 2 stages and total parallelism of 8 nodes[0m
[36m{MoStream} Cooperative MoStream runtime is used[0m
[36m{MoStream} CPU pinning is disabled[0m
[36m{MoStream} Pipeline starts...[0m
[36m{MoStream} ...terminated successfully![0m
PIPE_COOP_MPMC_RESULT backend= MPMC  producers= 4  consumers= 4  workers= 4  capacity= 1024  work_iterations= 160  messages= 200000  time_ms= 451.023972  throughput_Mtransfer_s= 0.4434354101249412  count= 200000  checksum= 476513354054716080  valid= True

block=5 position=2 command=['/tmp/mostream-ms-bench-9v2x9dkz/PADDEDFAA', '50000', '4', '4', '1024', '160']
[36m{MoStream} Starting pipeline execution with 2 stages and total parallelism of 8 nodes[0m
[36m{MoStream} Cooperative MoStream runtime is used[0m
[36m{MoStream} CPU pinning is disabled[0m
[36m{MoStream} Pipeline starts...[0m
[36m{MoStream} ...terminated successfully![0m
PIPE_COOP_MPMC_RESULT backend= PADDEDFAA  producers= 4  consumers= 4  workers= 4  capacity= 1024  work_iterations= 160  messages= 200000  time_ms= 441.168436  throughput_Mtransfer_s= 0.4533415894694697  count= 200000  checksum= 476513354054716080  valid= True

block=5 position=3 command=['/tmp/mostream-ms-bench-9v2x9dkz/SCQ', '50000', '4', '4', '1024', '160']
[36m{MoStream} Starting pipeline execution with 2 stages and total parallelism of 8 nodes[0m
[36m{MoStream} Cooperative MoStream runtime is used[0m
[36m{MoStream} CPU pinning is disabled[0m
[36m{MoStream} Pipeline starts...[0m
[36m{MoStream} ...terminated successfully![0m
PIPE_COOP_MPMC_RESULT backend= SCQ  producers= 4  consumers= 4  workers= 4  capacity= 1024  work_iterations= 160  messages= 200000  time_ms= 541.961735  throughput_Mtransfer_s= 0.3690297434006111  count= 200000  checksum= 476513354054716080  valid= True

block=5 position=4 command=['/tmp/mostream-ms-bench-9v2x9dkz/MICHAELSCOTT', '50000', '4', '4', '1024', '160']
[36m{MoStream} Starting pipeline execution with 2 stages and total parallelism of 8 nodes[0m
[36m{MoStream} Cooperative MoStream runtime is used[0m
[36m{MoStream} CPU pinning is disabled[0m
[36m{MoStream} Pipeline starts...[0m
[36m{MoStream} ...terminated successfully![0m
PIPE_COOP_MPMC_RESULT backend= MICHAELSCOTT  producers= 4  consumers= 4  workers= 4  capacity= 1024  work_iterations= 160  messages= 200000  time_ms= 512.519121  throughput_Mtransfer_s= 0.39022934326776076  count= 200000  checksum= 476513354054716080  valid= True

block=5 position=0 command=['/tmp/mostream-ms-bench-9v2x9dkz/NBLFQ', '50000', '4', '4', '1024', '0']
[36m{MoStream} Starting pipeline execution with 2 stages and total parallelism of 8 nodes[0m
[36m{MoStream} Cooperative MoStream runtime is used[0m
[36m{MoStream} CPU pinning is disabled[0m
[36m{MoStream} Pipeline starts...[0m
[36m{MoStream} ...terminated successfully![0m
PIPE_COOP_MPMC_RESULT backend= NBLFQ  producers= 4  consumers= 4  workers= 4  capacity= 1024  work_iterations= 0  messages= 200000  time_ms= 544.608  throughput_Mtransfer_s= 0.36723661789764384  count= 200000  checksum= 5000100000  valid= True

block=5 position=1 command=['/tmp/mostream-ms-bench-9v2x9dkz/SCQ', '50000', '4', '4', '1024', '0']
[36m{MoStream} Starting pipeline execution with 2 stages and total parallelism of 8 nodes[0m
[36m{MoStream} Cooperative MoStream runtime is used[0m
[36m{MoStream} CPU pinning is disabled[0m
[36m{MoStream} Pipeline starts...[0m
[36m{MoStream} ...terminated successfully![0m
PIPE_COOP_MPMC_RESULT backend= SCQ  producers= 4  consumers= 4  workers= 4  capacity= 1024  work_iterations= 0  messages= 200000  time_ms= 465.314253  throughput_Mtransfer_s= 0.42981705097264666  count= 200000  checksum= 5000100000  valid= True

block=5 position=2 command=['/tmp/mostream-ms-bench-9v2x9dkz/MPMC', '50000', '4', '4', '1024', '0']
[36m{MoStream} Starting pipeline execution with 2 stages and total parallelism of 8 nodes[0m
[36m{MoStream} Cooperative MoStream runtime is used[0m
[36m{MoStream} CPU pinning is disabled[0m
[36m{MoStream} Pipeline starts...[0m
[36m{MoStream} ...terminated successfully![0m
PIPE_COOP_MPMC_RESULT backend= MPMC  producers= 4  consumers= 4  workers= 4  capacity= 1024  work_iterations= 0  messages= 200000  time_ms= 431.294155  throughput_Mtransfer_s= 0.46372063632534044  count= 200000  checksum= 5000100000  valid= True

block=5 position=3 command=['/tmp/mostream-ms-bench-9v2x9dkz/PADDEDFAA', '50000', '4', '4', '1024', '0']
[36m{MoStream} Starting pipeline execution with 2 stages and total parallelism of 8 nodes[0m
[36m{MoStream} Cooperative MoStream runtime is used[0m
[36m{MoStream} CPU pinning is disabled[0m
[36m{MoStream} Pipeline starts...[0m
[36m{MoStream} ...terminated successfully![0m
PIPE_COOP_MPMC_RESULT backend= PADDEDFAA  producers= 4  consumers= 4  workers= 4  capacity= 1024  work_iterations= 0  messages= 200000  time_ms= 439.439961  throughput_Mtransfer_s= 0.45512474456095264  count= 200000  checksum= 5000100000  valid= True

block=5 position=4 command=['/tmp/mostream-ms-bench-9v2x9dkz/MICHAELSCOTT', '50000', '4', '4', '1024', '0']
[36m{MoStream} Starting pipeline execution with 2 stages and total parallelism of 8 nodes[0m
[36m{MoStream} Cooperative MoStream runtime is used[0m
[36m{MoStream} CPU pinning is disabled[0m
[36m{MoStream} Pipeline starts...[0m
[36m{MoStream} ...terminated successfully![0m
PIPE_COOP_MPMC_RESULT backend= MICHAELSCOTT  producers= 4  consumers= 4  workers= 4  capacity= 1024  work_iterations= 0  messages= 200000  time_ms= 436.21623  throughput_Mtransfer_s= 0.45848821351741087  count= 200000  checksum= 5000100000  valid= True

block=5 position=0 command=['/tmp/mostream-ms-bench-9v2x9dkz/NBLFQ', '50000', '4', '1', '1024', '160']
[36m{MoStream} Starting pipeline execution with 2 stages and total parallelism of 8 nodes[0m
[36m{MoStream} Cooperative MoStream runtime is used[0m
[36m{MoStream} CPU pinning is disabled[0m
[36m{MoStream} Pipeline starts...[0m
[36m{MoStream} ...terminated successfully![0m
PIPE_COOP_MPMC_RESULT backend= NBLFQ  producers= 4  consumers= 4  workers= 1  capacity= 1024  work_iterations= 160  messages= 200000  time_ms= 411.190792  throughput_Mtransfer_s= 0.48639221473617045  count= 200000  checksum= 476513354054716080  valid= True

block=5 position=1 command=['/tmp/mostream-ms-bench-9v2x9dkz/SCQ', '50000', '4', '1', '1024', '160']
[36m{MoStream} Starting pipeline execution with 2 stages and total parallelism of 8 nodes[0m
[36m{MoStream} Cooperative MoStream runtime is used[0m
[36m{MoStream} CPU pinning is disabled[0m
[36m{MoStream} Pipeline starts...[0m
[36m{MoStream} ...terminated successfully![0m
PIPE_COOP_MPMC_RESULT backend= SCQ  producers= 4  consumers= 4  workers= 1  capacity= 1024  work_iterations= 160  messages= 200000  time_ms= 325.176982  throughput_Mtransfer_s= 0.6150496839287352  count= 200000  checksum= 476513354054716080  valid= True

block=5 position=2 command=['/tmp/mostream-ms-bench-9v2x9dkz/MICHAELSCOTT', '50000', '4', '1', '1024', '160']
[36m{MoStream} Starting pipeline execution with 2 stages and total parallelism of 8 nodes[0m
[36m{MoStream} Cooperative MoStream runtime is used[0m
[36m{MoStream} CPU pinning is disabled[0m
[36m{MoStream} Pipeline starts...[0m
[36m{MoStream} ...terminated successfully![0m
PIPE_COOP_MPMC_RESULT backend= MICHAELSCOTT  producers= 4  consumers= 4  workers= 1  capacity= 1024  work_iterations= 160  messages= 200000  time_ms= 319.217017  throughput_Mtransfer_s= 0.6265330146857427  count= 200000  checksum= 476513354054716080  valid= True

block=5 position=3 command=['/tmp/mostream-ms-bench-9v2x9dkz/PADDEDFAA', '50000', '4', '1', '1024', '160']
[36m{MoStream} Starting pipeline execution with 2 stages and total parallelism of 8 nodes[0m
[36m{MoStream} Cooperative MoStream runtime is used[0m
[36m{MoStream} CPU pinning is disabled[0m
[36m{MoStream} Pipeline starts...[0m
[36m{MoStream} ...terminated successfully![0m
PIPE_COOP_MPMC_RESULT backend= PADDEDFAA  producers= 4  consumers= 4  workers= 1  capacity= 1024  work_iterations= 160  messages= 200000  time_ms= 309.652882  throughput_Mtransfer_s= 0.6458845101270526  count= 200000  checksum= 476513354054716080  valid= True

block=5 position=4 command=['/tmp/mostream-ms-bench-9v2x9dkz/MPMC', '50000', '4', '1', '1024', '160']
[36m{MoStream} Starting pipeline execution with 2 stages and total parallelism of 8 nodes[0m
[36m{MoStream} Cooperative MoStream runtime is used[0m
[36m{MoStream} CPU pinning is disabled[0m
[36m{MoStream} Pipeline starts...[0m
[36m{MoStream} ...terminated successfully![0m
PIPE_COOP_MPMC_RESULT backend= MPMC  producers= 4  consumers= 4  workers= 1  capacity= 1024  work_iterations= 160  messages= 200000  time_ms= 305.28376  throughput_Mtransfer_s= 0.6551281994168311  count= 200000  checksum= 476513354054716080  valid= True

block=5 position=0 command=['/tmp/mostream-ms-bench-9v2x9dkz/NBLFQ', '50000', '4', '1', '1024', '0']
[36m{MoStream} Starting pipeline execution with 2 stages and total parallelism of 8 nodes[0m
[36m{MoStream} Cooperative MoStream runtime is used[0m
[36m{MoStream} CPU pinning is disabled[0m
[36m{MoStream} Pipeline starts...[0m
[36m{MoStream} ...terminated successfully![0m
PIPE_COOP_MPMC_RESULT backend= NBLFQ  producers= 4  consumers= 4  workers= 1  capacity= 1024  work_iterations= 0  messages= 200000  time_ms= 324.928991  throughput_Mtransfer_s= 0.6155190996792281  count= 200000  checksum= 5000100000  valid= True

block=5 position=1 command=['/tmp/mostream-ms-bench-9v2x9dkz/SCQ', '50000', '4', '1', '1024', '0']
[36m{MoStream} Starting pipeline execution with 2 stages and total parallelism of 8 nodes[0m
[36m{MoStream} Cooperative MoStream runtime is used[0m
[36m{MoStream} CPU pinning is disabled[0m
[36m{MoStream} Pipeline starts...[0m
[36m{MoStream} ...terminated successfully![0m
PIPE_COOP_MPMC_RESULT backend= SCQ  producers= 4  consumers= 4  workers= 1  capacity= 1024  work_iterations= 0  messages= 200000  time_ms= 238.288336  throughput_Mtransfer_s= 0.8393193026451786  count= 200000  checksum= 5000100000  valid= True

block=5 position=2 command=['/tmp/mostream-ms-bench-9v2x9dkz/MICHAELSCOTT', '50000', '4', '1', '1024', '0']
[36m{MoStream} Starting pipeline execution with 2 stages and total parallelism of 8 nodes[0m
[36m{MoStream} Cooperative MoStream runtime is used[0m
[36m{MoStream} CPU pinning is disabled[0m
[36m{MoStream} Pipeline starts...[0m
[36m{MoStream} ...terminated successfully![0m
PIPE_COOP_MPMC_RESULT backend= MICHAELSCOTT  producers= 4  consumers= 4  workers= 1  capacity= 1024  work_iterations= 0  messages= 200000  time_ms= 234.037405  throughput_Mtransfer_s= 0.8545642522399358  count= 200000  checksum= 5000100000  valid= True

block=5 position=3 command=['/tmp/mostream-ms-bench-9v2x9dkz/MPMC', '50000', '4', '1', '1024', '0']
[36m{MoStream} Starting pipeline execution with 2 stages and total parallelism of 8 nodes[0m
[36m{MoStream} Cooperative MoStream runtime is used[0m
[36m{MoStream} CPU pinning is disabled[0m
[36m{MoStream} Pipeline starts...[0m
[36m{MoStream} ...terminated successfully![0m
PIPE_COOP_MPMC_RESULT backend= MPMC  producers= 4  consumers= 4  workers= 1  capacity= 1024  work_iterations= 0  messages= 200000  time_ms= 217.641049  throughput_Mtransfer_s= 0.9189442934544945  count= 200000  checksum= 5000100000  valid= True

block=5 position=4 command=['/tmp/mostream-ms-bench-9v2x9dkz/PADDEDFAA', '50000', '4', '1', '1024', '0']
[36m{MoStream} Starting pipeline execution with 2 stages and total parallelism of 8 nodes[0m
[36m{MoStream} Cooperative MoStream runtime is used[0m
[36m{MoStream} CPU pinning is disabled[0m
[36m{MoStream} Pipeline starts...[0m
[36m{MoStream} ...terminated successfully![0m
PIPE_COOP_MPMC_RESULT backend= PADDEDFAA  producers= 4  consumers= 4  workers= 1  capacity= 1024  work_iterations= 0  messages= 200000  time_ms= 218.733733  throughput_Mtransfer_s= 0.9143537087624248  count= 200000  checksum= 5000100000  valid= True

block=5 position=0 command=['/tmp/mostream-ms-bench-9v2x9dkz/SCQ', '50000', '4', '8', '1024', '0']
[36m{MoStream} Starting pipeline execution with 2 stages and total parallelism of 8 nodes[0m
[36m{MoStream} Cooperative MoStream runtime is used[0m
[36m{MoStream} CPU pinning is disabled[0m
[36m{MoStream} Pipeline starts...[0m
[36m{MoStream} ...terminated successfully![0m
PIPE_COOP_MPMC_RESULT backend= SCQ  producers= 4  consumers= 4  workers= 8  capacity= 1024  work_iterations= 0  messages= 200000  time_ms= 425.912988  throughput_Mtransfer_s= 0.46957948133762945  count= 200000  checksum= 5000100000  valid= True

block=5 position=1 command=['/tmp/mostream-ms-bench-9v2x9dkz/PADDEDFAA', '50000', '4', '8', '1024', '0']
[36m{MoStream} Starting pipeline execution with 2 stages and total parallelism of 8 nodes[0m
[36m{MoStream} Cooperative MoStream runtime is used[0m
[36m{MoStream} CPU pinning is disabled[0m
[36m{MoStream} Pipeline starts...[0m
[36m{MoStream} ...terminated successfully![0m
PIPE_COOP_MPMC_RESULT backend= PADDEDFAA  producers= 4  consumers= 4  workers= 8  capacity= 1024  work_iterations= 0  messages= 200000  time_ms= 404.746209  throughput_Mtransfer_s= 0.4941368085797192  count= 200000  checksum= 5000100000  valid= True

block=5 position=2 command=['/tmp/mostream-ms-bench-9v2x9dkz/NBLFQ', '50000', '4', '8', '1024', '0']
[36m{MoStream} Starting pipeline execution with 2 stages and total parallelism of 8 nodes[0m
[36m{MoStream} Cooperative MoStream runtime is used[0m
[36m{MoStream} CPU pinning is disabled[0m
[36m{MoStream} Pipeline starts...[0m
[36m{MoStream} ...terminated successfully![0m
PIPE_COOP_MPMC_RESULT backend= NBLFQ  producers= 4  consumers= 4  workers= 8  capacity= 1024  work_iterations= 0  messages= 200000  time_ms= 433.40965  throughput_Mtransfer_s= 0.4614571918276393  count= 200000  checksum= 5000100000  valid= True

block=5 position=3 command=['/tmp/mostream-ms-bench-9v2x9dkz/MICHAELSCOTT', '50000', '4', '8', '1024', '0']
[36m{MoStream} Starting pipeline execution with 2 stages and total parallelism of 8 nodes[0m
[36m{MoStream} Cooperative MoStream runtime is used[0m
[36m{MoStream} CPU pinning is disabled[0m
[36m{MoStream} Pipeline starts...[0m
[36m{MoStream} ...terminated successfully![0m
PIPE_COOP_MPMC_RESULT backend= MICHAELSCOTT  producers= 4  consumers= 4  workers= 8  capacity= 1024  work_iterations= 0  messages= 200000  time_ms= 412.965434  throughput_Mtransfer_s= 0.48430203482841616  count= 200000  checksum= 5000100000  valid= True

block=5 position=4 command=['/tmp/mostream-ms-bench-9v2x9dkz/MPMC', '50000', '4', '8', '1024', '0']
[36m{MoStream} Starting pipeline execution with 2 stages and total parallelism of 8 nodes[0m
[36m{MoStream} Cooperative MoStream runtime is used[0m
[36m{MoStream} CPU pinning is disabled[0m
[36m{MoStream} Pipeline starts...[0m
[36m{MoStream} ...terminated successfully![0m
PIPE_COOP_MPMC_RESULT backend= MPMC  producers= 4  consumers= 4  workers= 8  capacity= 1024  work_iterations= 0  messages= 200000  time_ms= 406.430188  throughput_Mtransfer_s= 0.4920894311128286  count= 200000  checksum= 5000100000  valid= True

block=5 position=0 command=['/tmp/mostream-ms-bench-9v2x9dkz/MICHAELSCOTT', '50000', '4', '2', '1024', '0']
[36m{MoStream} Starting pipeline execution with 2 stages and total parallelism of 8 nodes[0m
[36m{MoStream} Cooperative MoStream runtime is used[0m
[36m{MoStream} CPU pinning is disabled[0m
[36m{MoStream} Pipeline starts...[0m
[36m{MoStream} ...terminated successfully![0m
PIPE_COOP_MPMC_RESULT backend= MICHAELSCOTT  producers= 4  consumers= 4  workers= 2  capacity= 1024  work_iterations= 0  messages= 200000  time_ms= 481.129607  throughput_Mtransfer_s= 0.415688407219554  count= 200000  checksum= 5000100000  valid= True

block=5 position=1 command=['/tmp/mostream-ms-bench-9v2x9dkz/MPMC', '50000', '4', '2', '1024', '0']
[36m{MoStream} Starting pipeline execution with 2 stages and total parallelism of 8 nodes[0m
[36m{MoStream} Cooperative MoStream runtime is used[0m
[36m{MoStream} CPU pinning is disabled[0m
[36m{MoStream} Pipeline starts...[0m
[36m{MoStream} ...terminated successfully![0m
PIPE_COOP_MPMC_RESULT backend= MPMC  producers= 4  consumers= 4  workers= 2  capacity= 1024  work_iterations= 0  messages= 200000  time_ms= 450.60041  throughput_Mtransfer_s= 0.44385223706298893  count= 200000  checksum= 5000100000  valid= True

block=5 position=2 command=['/tmp/mostream-ms-bench-9v2x9dkz/NBLFQ', '50000', '4', '2', '1024', '0']
[36m{MoStream} Starting pipeline execution with 2 stages and total parallelism of 8 nodes[0m
[36m{MoStream} Cooperative MoStream runtime is used[0m
[36m{MoStream} CPU pinning is disabled[0m
[36m{MoStream} Pipeline starts...[0m
[36m{MoStream} ...terminated successfully![0m
PIPE_COOP_MPMC_RESULT backend= NBLFQ  producers= 4  consumers= 4  workers= 2  capacity= 1024  work_iterations= 0  messages= 200000  time_ms= 678.139985  throughput_Mtransfer_s= 0.29492435842726483  count= 200000  checksum= 5000100000  valid= True

block=5 position=3 command=['/tmp/mostream-ms-bench-9v2x9dkz/SCQ', '50000', '4', '2', '1024', '0']
[36m{MoStream} Starting pipeline execution with 2 stages and total parallelism of 8 nodes[0m
[36m{MoStream} Cooperative MoStream runtime is used[0m
[36m{MoStream} CPU pinning is disabled[0m
[36m{MoStream} Pipeline starts...[0m
[36m{MoStream} ...terminated successfully![0m
PIPE_COOP_MPMC_RESULT backend= SCQ  producers= 4  consumers= 4  workers= 2  capacity= 1024  work_iterations= 0  messages= 200000  time_ms= 509.039114  throughput_Mtransfer_s= 0.39289711635008073  count= 200000  checksum= 5000100000  valid= True

block=5 position=4 command=['/tmp/mostream-ms-bench-9v2x9dkz/PADDEDFAA', '50000', '4', '2', '1024', '0']
[36m{MoStream} Starting pipeline execution with 2 stages and total parallelism of 8 nodes[0m
[36m{MoStream} Cooperative MoStream runtime is used[0m
[36m{MoStream} CPU pinning is disabled[0m
[36m{MoStream} Pipeline starts...[0m
[36m{MoStream} ...terminated successfully![0m
PIPE_COOP_MPMC_RESULT backend= PADDEDFAA  producers= 4  consumers= 4  workers= 2  capacity= 1024  work_iterations= 0  messages= 200000  time_ms= 430.179194  throughput_Mtransfer_s= 0.464922531794971  count= 200000  checksum= 5000100000  valid= True

block=6 position=0 command=['/tmp/mostream-ms-bench-9v2x9dkz/PADDEDFAA', '50000', '4', '8', '1024', '0']
[36m{MoStream} Starting pipeline execution with 2 stages and total parallelism of 8 nodes[0m
[36m{MoStream} Cooperative MoStream runtime is used[0m
[36m{MoStream} CPU pinning is disabled[0m
[36m{MoStream} Pipeline starts...[0m
[36m{MoStream} ...terminated successfully![0m
PIPE_COOP_MPMC_RESULT backend= PADDEDFAA  producers= 4  consumers= 4  workers= 8  capacity= 1024  work_iterations= 0  messages= 200000  time_ms= 421.710923  throughput_Mtransfer_s= 0.47425852424505494  count= 200000  checksum= 5000100000  valid= True

block=6 position=1 command=['/tmp/mostream-ms-bench-9v2x9dkz/NBLFQ', '50000', '4', '8', '1024', '0']
[36m{MoStream} Starting pipeline execution with 2 stages and total parallelism of 8 nodes[0m
[36m{MoStream} Cooperative MoStream runtime is used[0m
[36m{MoStream} CPU pinning is disabled[0m
[36m{MoStream} Pipeline starts...[0m
[36m{MoStream} ...terminated successfully![0m
PIPE_COOP_MPMC_RESULT backend= NBLFQ  producers= 4  consumers= 4  workers= 8  capacity= 1024  work_iterations= 0  messages= 200000  time_ms= 437.655447  throughput_Mtransfer_s= 0.4569804885805523  count= 200000  checksum= 5000100000  valid= True

block=6 position=2 command=['/tmp/mostream-ms-bench-9v2x9dkz/MICHAELSCOTT', '50000', '4', '8', '1024', '0']
[36m{MoStream} Starting pipeline execution with 2 stages and total parallelism of 8 nodes[0m
[36m{MoStream} Cooperative MoStream runtime is used[0m
[36m{MoStream} CPU pinning is disabled[0m
[36m{MoStream} Pipeline starts...[0m
[36m{MoStream} ...terminated successfully![0m
PIPE_COOP_MPMC_RESULT backend= MICHAELSCOTT  producers= 4  consumers= 4  workers= 8  capacity= 1024  work_iterations= 0  messages= 200000  time_ms= 423.230189  throughput_Mtransfer_s= 0.4725560822410993  count= 200000  checksum= 5000100000  valid= True

block=6 position=3 command=['/tmp/mostream-ms-bench-9v2x9dkz/MPMC', '50000', '4', '8', '1024', '0']
[36m{MoStream} Starting pipeline execution with 2 stages and total parallelism of 8 nodes[0m
[36m{MoStream} Cooperative MoStream runtime is used[0m
[36m{MoStream} CPU pinning is disabled[0m
[36m{MoStream} Pipeline starts...[0m
[36m{MoStream} ...terminated successfully![0m
PIPE_COOP_MPMC_RESULT backend= MPMC  producers= 4  consumers= 4  workers= 8  capacity= 1024  work_iterations= 0  messages= 200000  time_ms= 432.58881  throughput_Mtransfer_s= 0.46233280976454294  count= 200000  checksum= 5000100000  valid= True

block=6 position=4 command=['/tmp/mostream-ms-bench-9v2x9dkz/SCQ', '50000', '4', '8', '1024', '0']
[36m{MoStream} Starting pipeline execution with 2 stages and total parallelism of 8 nodes[0m
[36m{MoStream} Cooperative MoStream runtime is used[0m
[36m{MoStream} CPU pinning is disabled[0m
[36m{MoStream} Pipeline starts...[0m
[36m{MoStream} ...terminated successfully![0m
PIPE_COOP_MPMC_RESULT backend= SCQ  producers= 4  consumers= 4  workers= 8  capacity= 1024  work_iterations= 0  messages= 200000  time_ms= 408.054923  throughput_Mtransfer_s= 0.49013009947192815  count= 200000  checksum= 5000100000  valid= True

block=6 position=0 command=['/tmp/mostream-ms-bench-9v2x9dkz/MPMC', '50000', '4', '2', '1024', '160']
[36m{MoStream} Starting pipeline execution with 2 stages and total parallelism of 8 nodes[0m
[36m{MoStream} Cooperative MoStream runtime is used[0m
[36m{MoStream} CPU pinning is disabled[0m
[36m{MoStream} Pipeline starts...[0m
[36m{MoStream} ...terminated successfully![0m
PIPE_COOP_MPMC_RESULT backend= MPMC  producers= 4  consumers= 4  workers= 2  capacity= 1024  work_iterations= 160  messages= 200000  time_ms= 491.06587  throughput_Mtransfer_s= 0.4072773373559845  count= 200000  checksum= 476513354054716080  valid= True

block=6 position=1 command=['/tmp/mostream-ms-bench-9v2x9dkz/MICHAELSCOTT', '50000', '4', '2', '1024', '160']
[36m{MoStream} Starting pipeline execution with 2 stages and total parallelism of 8 nodes[0m
[36m{MoStream} Cooperative MoStream runtime is used[0m
[36m{MoStream} CPU pinning is disabled[0m
[36m{MoStream} Pipeline starts...[0m
[36m{MoStream} ...terminated successfully![0m
PIPE_COOP_MPMC_RESULT backend= MICHAELSCOTT  producers= 4  consumers= 4  workers= 2  capacity= 1024  work_iterations= 160  messages= 200000  time_ms= 512.186688  throughput_Mtransfer_s= 0.3904826202745824  count= 200000  checksum= 476513354054716080  valid= True

block=6 position=2 command=['/tmp/mostream-ms-bench-9v2x9dkz/NBLFQ', '50000', '4', '2', '1024', '160']
[36m{MoStream} Starting pipeline execution with 2 stages and total parallelism of 8 nodes[0m
[36m{MoStream} Cooperative MoStream runtime is used[0m
[36m{MoStream} CPU pinning is disabled[0m
[36m{MoStream} Pipeline starts...[0m
[36m{MoStream} ...terminated successfully![0m
PIPE_COOP_MPMC_RESULT backend= NBLFQ  producers= 4  consumers= 4  workers= 2  capacity= 1024  work_iterations= 160  messages= 200000  time_ms= 634.77831  throughput_Mtransfer_s= 0.3150706267830733  count= 200000  checksum= 476513354054716080  valid= True

block=6 position=3 command=['/tmp/mostream-ms-bench-9v2x9dkz/SCQ', '50000', '4', '2', '1024', '160']
[36m{MoStream} Starting pipeline execution with 2 stages and total parallelism of 8 nodes[0m
[36m{MoStream} Cooperative MoStream runtime is used[0m
[36m{MoStream} CPU pinning is disabled[0m
[36m{MoStream} Pipeline starts...[0m
[36m{MoStream} ...terminated successfully![0m
PIPE_COOP_MPMC_RESULT backend= SCQ  producers= 4  consumers= 4  workers= 2  capacity= 1024  work_iterations= 160  messages= 200000  time_ms= 630.522396  throughput_Mtransfer_s= 0.3171972974612626  count= 200000  checksum= 476513354054716080  valid= True

block=6 position=4 command=['/tmp/mostream-ms-bench-9v2x9dkz/PADDEDFAA', '50000', '4', '2', '1024', '160']
[36m{MoStream} Starting pipeline execution with 2 stages and total parallelism of 8 nodes[0m
[36m{MoStream} Cooperative MoStream runtime is used[0m
[36m{MoStream} CPU pinning is disabled[0m
[36m{MoStream} Pipeline starts...[0m
[36m{MoStream} ...terminated successfully![0m
PIPE_COOP_MPMC_RESULT backend= PADDEDFAA  producers= 4  consumers= 4  workers= 2  capacity= 1024  work_iterations= 160  messages= 200000  time_ms= 473.644722  throughput_Mtransfer_s= 0.4222574235715858  count= 200000  checksum= 476513354054716080  valid= True

block=6 position=0 command=['/tmp/mostream-ms-bench-9v2x9dkz/SCQ', '50000', '4', '1', '1024', '160']
[36m{MoStream} Starting pipeline execution with 2 stages and total parallelism of 8 nodes[0m
[36m{MoStream} Cooperative MoStream runtime is used[0m
[36m{MoStream} CPU pinning is disabled[0m
[36m{MoStream} Pipeline starts...[0m
[36m{MoStream} ...terminated successfully![0m
PIPE_COOP_MPMC_RESULT backend= SCQ  producers= 4  consumers= 4  workers= 1  capacity= 1024  work_iterations= 160  messages= 200000  time_ms= 325.498014  throughput_Mtransfer_s= 0.6144430730689496  count= 200000  checksum= 476513354054716080  valid= True

block=6 position=1 command=['/tmp/mostream-ms-bench-9v2x9dkz/MICHAELSCOTT', '50000', '4', '1', '1024', '160']
[36m{MoStream} Starting pipeline execution with 2 stages and total parallelism of 8 nodes[0m
[36m{MoStream} Cooperative MoStream runtime is used[0m
[36m{MoStream} CPU pinning is disabled[0m
[36m{MoStream} Pipeline starts...[0m
[36m{MoStream} ...terminated successfully![0m
PIPE_COOP_MPMC_RESULT backend= MICHAELSCOTT  producers= 4  consumers= 4  workers= 1  capacity= 1024  work_iterations= 160  messages= 200000  time_ms= 315.436987  throughput_Mtransfer_s= 0.6340410549254961  count= 200000  checksum= 476513354054716080  valid= True

block=6 position=2 command=['/tmp/mostream-ms-bench-9v2x9dkz/PADDEDFAA', '50000', '4', '1', '1024', '160']
[36m{MoStream} Starting pipeline execution with 2 stages and total parallelism of 8 nodes[0m
[36m{MoStream} Cooperative MoStream runtime is used[0m
[36m{MoStream} CPU pinning is disabled[0m
[36m{MoStream} Pipeline starts...[0m
[36m{MoStream} ...terminated successfully![0m
PIPE_COOP_MPMC_RESULT backend= PADDEDFAA  producers= 4  consumers= 4  workers= 1  capacity= 1024  work_iterations= 160  messages= 200000  time_ms= 311.217037  throughput_Mtransfer_s= 0.6426383398798312  count= 200000  checksum= 476513354054716080  valid= True

block=6 position=3 command=['/tmp/mostream-ms-bench-9v2x9dkz/MPMC', '50000', '4', '1', '1024', '160']
[36m{MoStream} Starting pipeline execution with 2 stages and total parallelism of 8 nodes[0m
[36m{MoStream} Cooperative MoStream runtime is used[0m
[36m{MoStream} CPU pinning is disabled[0m
[36m{MoStream} Pipeline starts...[0m
[36m{MoStream} ...terminated successfully![0m
PIPE_COOP_MPMC_RESULT backend= MPMC  producers= 4  consumers= 4  workers= 1  capacity= 1024  work_iterations= 160  messages= 200000  time_ms= 308.073492  throughput_Mtransfer_s= 0.6491957445011206  count= 200000  checksum= 476513354054716080  valid= True

block=6 position=4 command=['/tmp/mostream-ms-bench-9v2x9dkz/NBLFQ', '50000', '4', '1', '1024', '160']
[36m{MoStream} Starting pipeline execution with 2 stages and total parallelism of 8 nodes[0m
[36m{MoStream} Cooperative MoStream runtime is used[0m
[36m{MoStream} CPU pinning is disabled[0m
[36m{MoStream} Pipeline starts...[0m
[36m{MoStream} ...terminated successfully![0m
PIPE_COOP_MPMC_RESULT backend= NBLFQ  producers= 4  consumers= 4  workers= 1  capacity= 1024  work_iterations= 160  messages= 200000  time_ms= 383.862068  throughput_Mtransfer_s= 0.5210204828052977  count= 200000  checksum= 476513354054716080  valid= True

block=6 position=0 command=['/tmp/mostream-ms-bench-9v2x9dkz/MPMC', '50000', '4', '2', '1024', '0']
[36m{MoStream} Starting pipeline execution with 2 stages and total parallelism of 8 nodes[0m
[36m{MoStream} Cooperative MoStream runtime is used[0m
[36m{MoStream} CPU pinning is disabled[0m
[36m{MoStream} Pipeline starts...[0m
[36m{MoStream} ...terminated successfully![0m
PIPE_COOP_MPMC_RESULT backend= MPMC  producers= 4  consumers= 4  workers= 2  capacity= 1024  work_iterations= 0  messages= 200000  time_ms= 457.668693  throughput_Mtransfer_s= 0.4369973368486448  count= 200000  checksum= 5000100000  valid= True

block=6 position=1 command=['/tmp/mostream-ms-bench-9v2x9dkz/NBLFQ', '50000', '4', '2', '1024', '0']
[36m{MoStream} Starting pipeline execution with 2 stages and total parallelism of 8 nodes[0m
[36m{MoStream} Cooperative MoStream runtime is used[0m
[36m{MoStream} CPU pinning is disabled[0m
[36m{MoStream} Pipeline starts...[0m
[36m{MoStream} ...terminated successfully![0m
PIPE_COOP_MPMC_RESULT backend= NBLFQ  producers= 4  consumers= 4  workers= 2  capacity= 1024  work_iterations= 0  messages= 200000  time_ms= 690.971208  throughput_Mtransfer_s= 0.2894476610377085  count= 200000  checksum= 5000100000  valid= True

block=6 position=2 command=['/tmp/mostream-ms-bench-9v2x9dkz/SCQ', '50000', '4', '2', '1024', '0']
[36m{MoStream} Starting pipeline execution with 2 stages and total parallelism of 8 nodes[0m
[36m{MoStream} Cooperative MoStream runtime is used[0m
[36m{MoStream} CPU pinning is disabled[0m
[36m{MoStream} Pipeline starts...[0m
[36m{MoStream} ...terminated successfully![0m
PIPE_COOP_MPMC_RESULT backend= SCQ  producers= 4  consumers= 4  workers= 2  capacity= 1024  work_iterations= 0  messages= 200000  time_ms= 496.362975  throughput_Mtransfer_s= 0.40293093980267164  count= 200000  checksum= 5000100000  valid= True

block=6 position=3 command=['/tmp/mostream-ms-bench-9v2x9dkz/PADDEDFAA', '50000', '4', '2', '1024', '0']
[36m{MoStream} Starting pipeline execution with 2 stages and total parallelism of 8 nodes[0m
[36m{MoStream} Cooperative MoStream runtime is used[0m
[36m{MoStream} CPU pinning is disabled[0m
[36m{MoStream} Pipeline starts...[0m
[36m{MoStream} ...terminated successfully![0m
PIPE_COOP_MPMC_RESULT backend= PADDEDFAA  producers= 4  consumers= 4  workers= 2  capacity= 1024  work_iterations= 0  messages= 200000  time_ms= 428.694062  throughput_Mtransfer_s= 0.46653317068805117  count= 200000  checksum= 5000100000  valid= True

block=6 position=4 command=['/tmp/mostream-ms-bench-9v2x9dkz/MICHAELSCOTT', '50000', '4', '2', '1024', '0']
[36m{MoStream} Starting pipeline execution with 2 stages and total parallelism of 8 nodes[0m
[36m{MoStream} Cooperative MoStream runtime is used[0m
[36m{MoStream} CPU pinning is disabled[0m
[36m{MoStream} Pipeline starts...[0m
[36m{MoStream} ...terminated successfully![0m
PIPE_COOP_MPMC_RESULT backend= MICHAELSCOTT  producers= 4  consumers= 4  workers= 2  capacity= 1024  work_iterations= 0  messages= 200000  time_ms= 488.868202  throughput_Mtransfer_s= 0.4091082201333275  count= 200000  checksum= 5000100000  valid= True

block=6 position=0 command=['/tmp/mostream-ms-bench-9v2x9dkz/SCQ', '50000', '4', '4', '1024', '0']
[36m{MoStream} Starting pipeline execution with 2 stages and total parallelism of 8 nodes[0m
[36m{MoStream} Cooperative MoStream runtime is used[0m
[36m{MoStream} CPU pinning is disabled[0m
[36m{MoStream} Pipeline starts...[0m
[36m{MoStream} ...terminated successfully![0m
PIPE_COOP_MPMC_RESULT backend= SCQ  producers= 4  consumers= 4  workers= 4  capacity= 1024  work_iterations= 0  messages= 200000  time_ms= 469.355727  throughput_Mtransfer_s= 0.42611603203043474  count= 200000  checksum= 5000100000  valid= True

block=6 position=1 command=['/tmp/mostream-ms-bench-9v2x9dkz/MPMC', '50000', '4', '4', '1024', '0']
[36m{MoStream} Starting pipeline execution with 2 stages and total parallelism of 8 nodes[0m
[36m{MoStream} Cooperative MoStream runtime is used[0m
[36m{MoStream} CPU pinning is disabled[0m
[36m{MoStream} Pipeline starts...[0m
[36m{MoStream} ...terminated successfully![0m
PIPE_COOP_MPMC_RESULT backend= MPMC  producers= 4  consumers= 4  workers= 4  capacity= 1024  work_iterations= 0  messages= 200000  time_ms= 428.14736  throughput_Mtransfer_s= 0.46712888758674115  count= 200000  checksum= 5000100000  valid= True

block=6 position=2 command=['/tmp/mostream-ms-bench-9v2x9dkz/PADDEDFAA', '50000', '4', '4', '1024', '0']
[36m{MoStream} Starting pipeline execution with 2 stages and total parallelism of 8 nodes[0m
[36m{MoStream} Cooperative MoStream runtime is used[0m
[36m{MoStream} CPU pinning is disabled[0m
[36m{MoStream} Pipeline starts...[0m
[36m{MoStream} ...terminated successfully![0m
PIPE_COOP_MPMC_RESULT backend= PADDEDFAA  producers= 4  consumers= 4  workers= 4  capacity= 1024  work_iterations= 0  messages= 200000  time_ms= 429.188194  throughput_Mtransfer_s= 0.46599604275228507  count= 200000  checksum= 5000100000  valid= True

block=6 position=3 command=['/tmp/mostream-ms-bench-9v2x9dkz/MICHAELSCOTT', '50000', '4', '4', '1024', '0']
[36m{MoStream} Starting pipeline execution with 2 stages and total parallelism of 8 nodes[0m
[36m{MoStream} Cooperative MoStream runtime is used[0m
[36m{MoStream} CPU pinning is disabled[0m
[36m{MoStream} Pipeline starts...[0m
[36m{MoStream} ...terminated successfully![0m
PIPE_COOP_MPMC_RESULT backend= MICHAELSCOTT  producers= 4  consumers= 4  workers= 4  capacity= 1024  work_iterations= 0  messages= 200000  time_ms= 429.637297  throughput_Mtransfer_s= 0.46550893369017726  count= 200000  checksum= 5000100000  valid= True

block=6 position=4 command=['/tmp/mostream-ms-bench-9v2x9dkz/NBLFQ', '50000', '4', '4', '1024', '0']
[36m{MoStream} Starting pipeline execution with 2 stages and total parallelism of 8 nodes[0m
[36m{MoStream} Cooperative MoStream runtime is used[0m
[36m{MoStream} CPU pinning is disabled[0m
[36m{MoStream} Pipeline starts...[0m
[36m{MoStream} ...terminated successfully![0m
PIPE_COOP_MPMC_RESULT backend= NBLFQ  producers= 4  consumers= 4  workers= 4  capacity= 1024  work_iterations= 0  messages= 200000  time_ms= 536.636823  throughput_Mtransfer_s= 0.37269153257490867  count= 200000  checksum= 5000100000  valid= True

block=6 position=0 command=['/tmp/mostream-ms-bench-9v2x9dkz/NBLFQ', '50000', '4', '8', '1024', '160']
[36m{MoStream} Starting pipeline execution with 2 stages and total parallelism of 8 nodes[0m
[36m{MoStream} Cooperative MoStream runtime is used[0m
[36m{MoStream} CPU pinning is disabled[0m
[36m{MoStream} Pipeline starts...[0m
[36m{MoStream} ...terminated successfully![0m
PIPE_COOP_MPMC_RESULT backend= NBLFQ  producers= 4  consumers= 4  workers= 8  capacity= 1024  work_iterations= 160  messages= 200000  time_ms= 475.182666  throughput_Mtransfer_s= 0.42089077382296597  count= 200000  checksum= 476513354054716080  valid= True

block=6 position=1 command=['/tmp/mostream-ms-bench-9v2x9dkz/SCQ', '50000', '4', '8', '1024', '160']
[36m{MoStream} Starting pipeline execution with 2 stages and total parallelism of 8 nodes[0m
[36m{MoStream} Cooperative MoStream runtime is used[0m
[36m{MoStream} CPU pinning is disabled[0m
[36m{MoStream} Pipeline starts...[0m
[36m{MoStream} ...terminated successfully![0m
PIPE_COOP_MPMC_RESULT backend= SCQ  producers= 4  consumers= 4  workers= 8  capacity= 1024  work_iterations= 160  messages= 200000  time_ms= 465.964183  throughput_Mtransfer_s= 0.42921753923734524  count= 200000  checksum= 476513354054716080  valid= True

block=6 position=2 command=['/tmp/mostream-ms-bench-9v2x9dkz/MICHAELSCOTT', '50000', '4', '8', '1024', '160']
[36m{MoStream} Starting pipeline execution with 2 stages and total parallelism of 8 nodes[0m
[36m{MoStream} Cooperative MoStream runtime is used[0m
[36m{MoStream} CPU pinning is disabled[0m
[36m{MoStream} Pipeline starts...[0m
[36m{MoStream} ...terminated successfully![0m
PIPE_COOP_MPMC_RESULT backend= MICHAELSCOTT  producers= 4  consumers= 4  workers= 8  capacity= 1024  work_iterations= 160  messages= 200000  time_ms= 457.711159  throughput_Mtransfer_s= 0.4369567926570914  count= 200000  checksum= 476513354054716080  valid= True

block=6 position=3 command=['/tmp/mostream-ms-bench-9v2x9dkz/PADDEDFAA', '50000', '4', '8', '1024', '160']
[36m{MoStream} Starting pipeline execution with 2 stages and total parallelism of 8 nodes[0m
[36m{MoStream} Cooperative MoStream runtime is used[0m
[36m{MoStream} CPU pinning is disabled[0m
[36m{MoStream} Pipeline starts...[0m
[36m{MoStream} ...terminated successfully![0m
PIPE_COOP_MPMC_RESULT backend= PADDEDFAA  producers= 4  consumers= 4  workers= 8  capacity= 1024  work_iterations= 160  messages= 200000  time_ms= 442.488785  throughput_Mtransfer_s= 0.45198885662152993  count= 200000  checksum= 476513354054716080  valid= True

block=6 position=4 command=['/tmp/mostream-ms-bench-9v2x9dkz/MPMC', '50000', '4', '8', '1024', '160']
[36m{MoStream} Starting pipeline execution with 2 stages and total parallelism of 8 nodes[0m
[36m{MoStream} Cooperative MoStream runtime is used[0m
[36m{MoStream} CPU pinning is disabled[0m
[36m{MoStream} Pipeline starts...[0m
[36m{MoStream} ...terminated successfully![0m
PIPE_COOP_MPMC_RESULT backend= MPMC  producers= 4  consumers= 4  workers= 8  capacity= 1024  work_iterations= 160  messages= 200000  time_ms= 432.652109  throughput_Mtransfer_s= 0.46226516834106085  count= 200000  checksum= 476513354054716080  valid= True

block=6 position=0 command=['/tmp/mostream-ms-bench-9v2x9dkz/SCQ', '50000', '4', '1', '1024', '0']
[36m{MoStream} Starting pipeline execution with 2 stages and total parallelism of 8 nodes[0m
[36m{MoStream} Cooperative MoStream runtime is used[0m
[36m{MoStream} CPU pinning is disabled[0m
[36m{MoStream} Pipeline starts...[0m
[36m{MoStream} ...terminated successfully![0m
PIPE_COOP_MPMC_RESULT backend= SCQ  producers= 4  consumers= 4  workers= 1  capacity= 1024  work_iterations= 0  messages= 200000  time_ms= 239.441802  throughput_Mtransfer_s= 0.8352760392272691  count= 200000  checksum= 5000100000  valid= True

block=6 position=1 command=['/tmp/mostream-ms-bench-9v2x9dkz/MICHAELSCOTT', '50000', '4', '1', '1024', '0']
[36m{MoStream} Starting pipeline execution with 2 stages and total parallelism of 8 nodes[0m
[36m{MoStream} Cooperative MoStream runtime is used[0m
[36m{MoStream} CPU pinning is disabled[0m
[36m{MoStream} Pipeline starts...[0m
[36m{MoStream} ...terminated successfully![0m
PIPE_COOP_MPMC_RESULT backend= MICHAELSCOTT  producers= 4  consumers= 4  workers= 1  capacity= 1024  work_iterations= 0  messages= 200000  time_ms= 238.525341  throughput_Mtransfer_s= 0.8384853330950693  count= 200000  checksum= 5000100000  valid= True

block=6 position=2 command=['/tmp/mostream-ms-bench-9v2x9dkz/MPMC', '50000', '4', '1', '1024', '0']
[36m{MoStream} Starting pipeline execution with 2 stages and total parallelism of 8 nodes[0m
[36m{MoStream} Cooperative MoStream runtime is used[0m
[36m{MoStream} CPU pinning is disabled[0m
[36m{MoStream} Pipeline starts...[0m
[36m{MoStream} ...terminated successfully![0m
PIPE_COOP_MPMC_RESULT backend= MPMC  producers= 4  consumers= 4  workers= 1  capacity= 1024  work_iterations= 0  messages= 200000  time_ms= 221.085976  throughput_Mtransfer_s= 0.9046254476131946  count= 200000  checksum= 5000100000  valid= True

block=6 position=3 command=['/tmp/mostream-ms-bench-9v2x9dkz/PADDEDFAA', '50000', '4', '1', '1024', '0']
[36m{MoStream} Starting pipeline execution with 2 stages and total parallelism of 8 nodes[0m
[36m{MoStream} Cooperative MoStream runtime is used[0m
[36m{MoStream} CPU pinning is disabled[0m
[36m{MoStream} Pipeline starts...[0m
[36m{MoStream} ...terminated successfully![0m
PIPE_COOP_MPMC_RESULT backend= PADDEDFAA  producers= 4  consumers= 4  workers= 1  capacity= 1024  work_iterations= 0  messages= 200000  time_ms= 227.906048  throughput_Mtransfer_s= 0.8775545965326905  count= 200000  checksum= 5000100000  valid= True

block=6 position=4 command=['/tmp/mostream-ms-bench-9v2x9dkz/NBLFQ', '50000', '4', '1', '1024', '0']
[36m{MoStream} Starting pipeline execution with 2 stages and total parallelism of 8 nodes[0m
[36m{MoStream} Cooperative MoStream runtime is used[0m
[36m{MoStream} CPU pinning is disabled[0m
[36m{MoStream} Pipeline starts...[0m
[36m{MoStream} ...terminated successfully![0m
PIPE_COOP_MPMC_RESULT backend= NBLFQ  producers= 4  consumers= 4  workers= 1  capacity= 1024  work_iterations= 0  messages= 200000  time_ms= 324.963033  throughput_Mtransfer_s= 0.6154546200336577  count= 200000  checksum= 5000100000  valid= True

block=6 position=0 command=['/tmp/mostream-ms-bench-9v2x9dkz/MPMC', '50000', '4', '4', '1024', '160']
[36m{MoStream} Starting pipeline execution with 2 stages and total parallelism of 8 nodes[0m
[36m{MoStream} Cooperative MoStream runtime is used[0m
[36m{MoStream} CPU pinning is disabled[0m
[36m{MoStream} Pipeline starts...[0m
[36m{MoStream} ...terminated successfully![0m
PIPE_COOP_MPMC_RESULT backend= MPMC  producers= 4  consumers= 4  workers= 4  capacity= 1024  work_iterations= 160  messages= 200000  time_ms= 462.682281  throughput_Mtransfer_s= 0.43226206883855145  count= 200000  checksum= 476513354054716080  valid= True

block=6 position=1 command=['/tmp/mostream-ms-bench-9v2x9dkz/PADDEDFAA', '50000', '4', '4', '1024', '160']
[36m{MoStream} Starting pipeline execution with 2 stages and total parallelism of 8 nodes[0m
[36m{MoStream} Cooperative MoStream runtime is used[0m
[36m{MoStream} CPU pinning is disabled[0m
[36m{MoStream} Pipeline starts...[0m
[36m{MoStream} ...terminated successfully![0m
PIPE_COOP_MPMC_RESULT backend= PADDEDFAA  producers= 4  consumers= 4  workers= 4  capacity= 1024  work_iterations= 160  messages= 200000  time_ms= 452.690981  throughput_Mtransfer_s= 0.44180248424255664  count= 200000  checksum= 476513354054716080  valid= True

block=6 position=2 command=['/tmp/mostream-ms-bench-9v2x9dkz/SCQ', '50000', '4', '4', '1024', '160']
[36m{MoStream} Starting pipeline execution with 2 stages and total parallelism of 8 nodes[0m
[36m{MoStream} Cooperative MoStream runtime is used[0m
[36m{MoStream} CPU pinning is disabled[0m
[36m{MoStream} Pipeline starts...[0m
[36m{MoStream} ...terminated successfully![0m
PIPE_COOP_MPMC_RESULT backend= SCQ  producers= 4  consumers= 4  workers= 4  capacity= 1024  work_iterations= 160  messages= 200000  time_ms= 541.092534  throughput_Mtransfer_s= 0.36962254592853055  count= 200000  checksum= 476513354054716080  valid= True

block=6 position=3 command=['/tmp/mostream-ms-bench-9v2x9dkz/MICHAELSCOTT', '50000', '4', '4', '1024', '160']
[36m{MoStream} Starting pipeline execution with 2 stages and total parallelism of 8 nodes[0m
[36m{MoStream} Cooperative MoStream runtime is used[0m
[36m{MoStream} CPU pinning is disabled[0m
[36m{MoStream} Pipeline starts...[0m
[36m{MoStream} ...terminated successfully![0m
PIPE_COOP_MPMC_RESULT backend= MICHAELSCOTT  producers= 4  consumers= 4  workers= 4  capacity= 1024  work_iterations= 160  messages= 200000  time_ms= 498.310976  throughput_Mtransfer_s= 0.40135579915462266  count= 200000  checksum= 476513354054716080  valid= True

block=6 position=4 command=['/tmp/mostream-ms-bench-9v2x9dkz/NBLFQ', '50000', '4', '4', '1024', '160']
[36m{MoStream} Starting pipeline execution with 2 stages and total parallelism of 8 nodes[0m
[36m{MoStream} Cooperative MoStream runtime is used[0m
[36m{MoStream} CPU pinning is disabled[0m
[36m{MoStream} Pipeline starts...[0m
[36m{MoStream} ...terminated successfully![0m
PIPE_COOP_MPMC_RESULT backend= NBLFQ  producers= 4  consumers= 4  workers= 4  capacity= 1024  work_iterations= 160  messages= 200000  time_ms= 599.219861  throughput_Mtransfer_s= 0.33376730815669675  count= 200000  checksum= 476513354054716080  valid= True

block=7 position=0 command=['/tmp/mostream-ms-bench-9v2x9dkz/MICHAELSCOTT', '50000', '4', '1', '1024', '160']
[36m{MoStream} Starting pipeline execution with 2 stages and total parallelism of 8 nodes[0m
[36m{MoStream} Cooperative MoStream runtime is used[0m
[36m{MoStream} CPU pinning is disabled[0m
[36m{MoStream} Pipeline starts...[0m
[36m{MoStream} ...terminated successfully![0m
PIPE_COOP_MPMC_RESULT backend= MICHAELSCOTT  producers= 4  consumers= 4  workers= 1  capacity= 1024  work_iterations= 160  messages= 200000  time_ms= 302.608217  throughput_Mtransfer_s= 0.6609205856429207  count= 200000  checksum= 476513354054716080  valid= True

block=7 position=1 command=['/tmp/mostream-ms-bench-9v2x9dkz/PADDEDFAA', '50000', '4', '1', '1024', '160']
[36m{MoStream} Starting pipeline execution with 2 stages and total parallelism of 8 nodes[0m
[36m{MoStream} Cooperative MoStream runtime is used[0m
[36m{MoStream} CPU pinning is disabled[0m
[36m{MoStream} Pipeline starts...[0m
[36m{MoStream} ...terminated successfully![0m
PIPE_COOP_MPMC_RESULT backend= PADDEDFAA  producers= 4  consumers= 4  workers= 1  capacity= 1024  work_iterations= 160  messages= 200000  time_ms= 309.952889  throughput_Mtransfer_s= 0.6452593510105982  count= 200000  checksum= 476513354054716080  valid= True

block=7 position=2 command=['/tmp/mostream-ms-bench-9v2x9dkz/MPMC', '50000', '4', '1', '1024', '160']
[36m{MoStream} Starting pipeline execution with 2 stages and total parallelism of 8 nodes[0m
[36m{MoStream} Cooperative MoStream runtime is used[0m
[36m{MoStream} CPU pinning is disabled[0m
[36m{MoStream} Pipeline starts...[0m
[36m{MoStream} ...terminated successfully![0m
PIPE_COOP_MPMC_RESULT backend= MPMC  producers= 4  consumers= 4  workers= 1  capacity= 1024  work_iterations= 160  messages= 200000  time_ms= 307.091696  throughput_Mtransfer_s= 0.6512712737110286  count= 200000  checksum= 476513354054716080  valid= True

block=7 position=3 command=['/tmp/mostream-ms-bench-9v2x9dkz/NBLFQ', '50000', '4', '1', '1024', '160']
[36m{MoStream} Starting pipeline execution with 2 stages and total parallelism of 8 nodes[0m
[36m{MoStream} Cooperative MoStream runtime is used[0m
[36m{MoStream} CPU pinning is disabled[0m
[36m{MoStream} Pipeline starts...[0m
[36m{MoStream} ...terminated successfully![0m
PIPE_COOP_MPMC_RESULT backend= NBLFQ  producers= 4  consumers= 4  workers= 1  capacity= 1024  work_iterations= 160  messages= 200000  time_ms= 410.193485  throughput_Mtransfer_s= 0.4875747843727942  count= 200000  checksum= 476513354054716080  valid= True

block=7 position=4 command=['/tmp/mostream-ms-bench-9v2x9dkz/SCQ', '50000', '4', '1', '1024', '160']
[36m{MoStream} Starting pipeline execution with 2 stages and total parallelism of 8 nodes[0m
[36m{MoStream} Cooperative MoStream runtime is used[0m
[36m{MoStream} CPU pinning is disabled[0m
[36m{MoStream} Pipeline starts...[0m
[36m{MoStream} ...terminated successfully![0m
PIPE_COOP_MPMC_RESULT backend= SCQ  producers= 4  consumers= 4  workers= 1  capacity= 1024  work_iterations= 160  messages= 200000  time_ms= 326.019993  throughput_Mtransfer_s= 0.6134593101472768  count= 200000  checksum= 476513354054716080  valid= True

block=7 position=0 command=['/tmp/mostream-ms-bench-9v2x9dkz/MICHAELSCOTT', '50000', '4', '1', '1024', '0']
[36m{MoStream} Starting pipeline execution with 2 stages and total parallelism of 8 nodes[0m
[36m{MoStream} Cooperative MoStream runtime is used[0m
[36m{MoStream} CPU pinning is disabled[0m
[36m{MoStream} Pipeline starts...[0m
[36m{MoStream} ...terminated successfully![0m
PIPE_COOP_MPMC_RESULT backend= MICHAELSCOTT  producers= 4  consumers= 4  workers= 1  capacity= 1024  work_iterations= 0  messages= 200000  time_ms= 235.914905  throughput_Mtransfer_s= 0.8477633068584624  count= 200000  checksum= 5000100000  valid= True

block=7 position=1 command=['/tmp/mostream-ms-bench-9v2x9dkz/MPMC', '50000', '4', '1', '1024', '0']
[36m{MoStream} Starting pipeline execution with 2 stages and total parallelism of 8 nodes[0m
[36m{MoStream} Cooperative MoStream runtime is used[0m
[36m{MoStream} CPU pinning is disabled[0m
[36m{MoStream} Pipeline starts...[0m
[36m{MoStream} ...terminated successfully![0m
PIPE_COOP_MPMC_RESULT backend= MPMC  producers= 4  consumers= 4  workers= 1  capacity= 1024  work_iterations= 0  messages= 200000  time_ms= 224.865021  throughput_Mtransfer_s= 0.889422459351737  count= 200000  checksum= 5000100000  valid= True

block=7 position=2 command=['/tmp/mostream-ms-bench-9v2x9dkz/PADDEDFAA', '50000', '4', '1', '1024', '0']
[36m{MoStream} Starting pipeline execution with 2 stages and total parallelism of 8 nodes[0m
[36m{MoStream} Cooperative MoStream runtime is used[0m
[36m{MoStream} CPU pinning is disabled[0m
[36m{MoStream} Pipeline starts...[0m
[36m{MoStream} ...terminated successfully![0m
PIPE_COOP_MPMC_RESULT backend= PADDEDFAA  producers= 4  consumers= 4  workers= 1  capacity= 1024  work_iterations= 0  messages= 200000  time_ms= 221.118507  throughput_Mtransfer_s= 0.9044923589322172  count= 200000  checksum= 5000100000  valid= True

block=7 position=3 command=['/tmp/mostream-ms-bench-9v2x9dkz/NBLFQ', '50000', '4', '1', '1024', '0']
[36m{MoStream} Starting pipeline execution with 2 stages and total parallelism of 8 nodes[0m
[36m{MoStream} Cooperative MoStream runtime is used[0m
[36m{MoStream} CPU pinning is disabled[0m
[36m{MoStream} Pipeline starts...[0m
[36m{MoStream} ...terminated successfully![0m
PIPE_COOP_MPMC_RESULT backend= NBLFQ  producers= 4  consumers= 4  workers= 1  capacity= 1024  work_iterations= 0  messages= 200000  time_ms= 323.934474  throughput_Mtransfer_s= 0.6174088158335379  count= 200000  checksum= 5000100000  valid= True

block=7 position=4 command=['/tmp/mostream-ms-bench-9v2x9dkz/SCQ', '50000', '4', '1', '1024', '0']
[36m{MoStream} Starting pipeline execution with 2 stages and total parallelism of 8 nodes[0m
[36m{MoStream} Cooperative MoStream runtime is used[0m
[36m{MoStream} CPU pinning is disabled[0m
[36m{MoStream} Pipeline starts...[0m
[36m{MoStream} ...terminated successfully![0m
PIPE_COOP_MPMC_RESULT backend= SCQ  producers= 4  consumers= 4  workers= 1  capacity= 1024  work_iterations= 0  messages= 200000  time_ms= 244.398638  throughput_Mtransfer_s= 0.8183351660085766  count= 200000  checksum= 5000100000  valid= True

block=7 position=0 command=['/tmp/mostream-ms-bench-9v2x9dkz/MICHAELSCOTT', '50000', '4', '2', '1024', '160']
[36m{MoStream} Starting pipeline execution with 2 stages and total parallelism of 8 nodes[0m
[36m{MoStream} Cooperative MoStream runtime is used[0m
[36m{MoStream} CPU pinning is disabled[0m
[36m{MoStream} Pipeline starts...[0m
[36m{MoStream} ...terminated successfully![0m
PIPE_COOP_MPMC_RESULT backend= MICHAELSCOTT  producers= 4  consumers= 4  workers= 2  capacity= 1024  work_iterations= 160  messages= 200000  time_ms= 556.542771  throughput_Mtransfer_s= 0.3593614191423933  count= 200000  checksum= 476513354054716080  valid= True

block=7 position=1 command=['/tmp/mostream-ms-bench-9v2x9dkz/NBLFQ', '50000', '4', '2', '1024', '160']
[36m{MoStream} Starting pipeline execution with 2 stages and total parallelism of 8 nodes[0m
[36m{MoStream} Cooperative MoStream runtime is used[0m
[36m{MoStream} CPU pinning is disabled[0m
[36m{MoStream} Pipeline starts...[0m
[36m{MoStream} ...terminated successfully![0m
PIPE_COOP_MPMC_RESULT backend= NBLFQ  producers= 4  consumers= 4  workers= 2  capacity= 1024  work_iterations= 160  messages= 200000  time_ms= 632.337295  throughput_Mtransfer_s= 0.31628689558789985  count= 200000  checksum= 476513354054716080  valid= True

block=7 position=2 command=['/tmp/mostream-ms-bench-9v2x9dkz/SCQ', '50000', '4', '2', '1024', '160']
[36m{MoStream} Starting pipeline execution with 2 stages and total parallelism of 8 nodes[0m
[36m{MoStream} Cooperative MoStream runtime is used[0m
[36m{MoStream} CPU pinning is disabled[0m
[36m{MoStream} Pipeline starts...[0m
[36m{MoStream} ...terminated successfully![0m
PIPE_COOP_MPMC_RESULT backend= SCQ  producers= 4  consumers= 4  workers= 2  capacity= 1024  work_iterations= 160  messages= 200000  time_ms= 604.678087  throughput_Mtransfer_s= 0.3307545027673543  count= 200000  checksum= 476513354054716080  valid= True

block=7 position=3 command=['/tmp/mostream-ms-bench-9v2x9dkz/PADDEDFAA', '50000', '4', '2', '1024', '160']
[36m{MoStream} Starting pipeline execution with 2 stages and total parallelism of 8 nodes[0m
[36m{MoStream} Cooperative MoStream runtime is used[0m
[36m{MoStream} CPU pinning is disabled[0m
[36m{MoStream} Pipeline starts...[0m
[36m{MoStream} ...terminated successfully![0m
PIPE_COOP_MPMC_RESULT backend= PADDEDFAA  producers= 4  consumers= 4  workers= 2  capacity= 1024  work_iterations= 160  messages= 200000  time_ms= 508.944434  throughput_Mtransfer_s= 0.39297020782429853  count= 200000  checksum= 476513354054716080  valid= True

block=7 position=4 command=['/tmp/mostream-ms-bench-9v2x9dkz/MPMC', '50000', '4', '2', '1024', '160']
[36m{MoStream} Starting pipeline execution with 2 stages and total parallelism of 8 nodes[0m
[36m{MoStream} Cooperative MoStream runtime is used[0m
[36m{MoStream} CPU pinning is disabled[0m
[36m{MoStream} Pipeline starts...[0m
[36m{MoStream} ...terminated successfully![0m
PIPE_COOP_MPMC_RESULT backend= MPMC  producers= 4  consumers= 4  workers= 2  capacity= 1024  work_iterations= 160  messages= 200000  time_ms= 482.969026  throughput_Mtransfer_s= 0.41410523083937895  count= 200000  checksum= 476513354054716080  valid= True

block=7 position=0 command=['/tmp/mostream-ms-bench-9v2x9dkz/NBLFQ', '50000', '4', '2', '1024', '0']
[36m{MoStream} Starting pipeline execution with 2 stages and total parallelism of 8 nodes[0m
[36m{MoStream} Cooperative MoStream runtime is used[0m
[36m{MoStream} CPU pinning is disabled[0m
[36m{MoStream} Pipeline starts...[0m
[36m{MoStream} ...terminated successfully![0m
PIPE_COOP_MPMC_RESULT backend= NBLFQ  producers= 4  consumers= 4  workers= 2  capacity= 1024  work_iterations= 0  messages= 200000  time_ms= 655.367571  throughput_Mtransfer_s= 0.3051722557691217  count= 200000  checksum= 5000100000  valid= True

block=7 position=1 command=['/tmp/mostream-ms-bench-9v2x9dkz/SCQ', '50000', '4', '2', '1024', '0']
[36m{MoStream} Starting pipeline execution with 2 stages and total parallelism of 8 nodes[0m
[36m{MoStream} Cooperative MoStream runtime is used[0m
[36m{MoStream} CPU pinning is disabled[0m
[36m{MoStream} Pipeline starts...[0m
[36m{MoStream} ...terminated successfully![0m
PIPE_COOP_MPMC_RESULT backend= SCQ  producers= 4  consumers= 4  workers= 2  capacity= 1024  work_iterations= 0  messages= 200000  time_ms= 500.582543  throughput_Mtransfer_s= 0.3995345079382842  count= 200000  checksum= 5000100000  valid= True

block=7 position=2 command=['/tmp/mostream-ms-bench-9v2x9dkz/PADDEDFAA', '50000', '4', '2', '1024', '0']
[36m{MoStream} Starting pipeline execution with 2 stages and total parallelism of 8 nodes[0m
[36m{MoStream} Cooperative MoStream runtime is used[0m
[36m{MoStream} CPU pinning is disabled[0m
[36m{MoStream} Pipeline starts...[0m
[36m{MoStream} ...terminated successfully![0m
PIPE_COOP_MPMC_RESULT backend= PADDEDFAA  producers= 4  consumers= 4  workers= 2  capacity= 1024  work_iterations= 0  messages= 200000  time_ms= 433.719749  throughput_Mtransfer_s= 0.4611272612352268  count= 200000  checksum= 5000100000  valid= True

block=7 position=3 command=['/tmp/mostream-ms-bench-9v2x9dkz/MICHAELSCOTT', '50000', '4', '2', '1024', '0']
[36m{MoStream} Starting pipeline execution with 2 stages and total parallelism of 8 nodes[0m
[36m{MoStream} Cooperative MoStream runtime is used[0m
[36m{MoStream} CPU pinning is disabled[0m
[36m{MoStream} Pipeline starts...[0m
[36m{MoStream} ...terminated successfully![0m
PIPE_COOP_MPMC_RESULT backend= MICHAELSCOTT  producers= 4  consumers= 4  workers= 2  capacity= 1024  work_iterations= 0  messages= 200000  time_ms= 487.463394  throughput_Mtransfer_s= 0.41028721840803495  count= 200000  checksum= 5000100000  valid= True

block=7 position=4 command=['/tmp/mostream-ms-bench-9v2x9dkz/MPMC', '50000', '4', '2', '1024', '0']
[36m{MoStream} Starting pipeline execution with 2 stages and total parallelism of 8 nodes[0m
[36m{MoStream} Cooperative MoStream runtime is used[0m
[36m{MoStream} CPU pinning is disabled[0m
[36m{MoStream} Pipeline starts...[0m
[36m{MoStream} ...terminated successfully![0m
PIPE_COOP_MPMC_RESULT backend= MPMC  producers= 4  consumers= 4  workers= 2  capacity= 1024  work_iterations= 0  messages= 200000  time_ms= 452.711211  throughput_Mtransfer_s= 0.4417827417134585  count= 200000  checksum= 5000100000  valid= True

block=7 position=0 command=['/tmp/mostream-ms-bench-9v2x9dkz/PADDEDFAA', '50000', '4', '4', '1024', '160']
[36m{MoStream} Starting pipeline execution with 2 stages and total parallelism of 8 nodes[0m
[36m{MoStream} Cooperative MoStream runtime is used[0m
[36m{MoStream} CPU pinning is disabled[0m
[36m{MoStream} Pipeline starts...[0m
[36m{MoStream} ...terminated successfully![0m
PIPE_COOP_MPMC_RESULT backend= PADDEDFAA  producers= 4  consumers= 4  workers= 4  capacity= 1024  work_iterations= 160  messages= 200000  time_ms= 462.229323  throughput_Mtransfer_s= 0.43268566066285674  count= 200000  checksum= 476513354054716080  valid= True

block=7 position=1 command=['/tmp/mostream-ms-bench-9v2x9dkz/SCQ', '50000', '4', '4', '1024', '160']
[36m{MoStream} Starting pipeline execution with 2 stages and total parallelism of 8 nodes[0m
[36m{MoStream} Cooperative MoStream runtime is used[0m
[36m{MoStream} CPU pinning is disabled[0m
[36m{MoStream} Pipeline starts...[0m
[36m{MoStream} ...terminated successfully![0m
PIPE_COOP_MPMC_RESULT backend= SCQ  producers= 4  consumers= 4  workers= 4  capacity= 1024  work_iterations= 160  messages= 200000  time_ms= 524.699883  throughput_Mtransfer_s= 0.3811702774860348  count= 200000  checksum= 476513354054716080  valid= True

block=7 position=2 command=['/tmp/mostream-ms-bench-9v2x9dkz/MICHAELSCOTT', '50000', '4', '4', '1024', '160']
[36m{MoStream} Starting pipeline execution with 2 stages and total parallelism of 8 nodes[0m
[36m{MoStream} Cooperative MoStream runtime is used[0m
[36m{MoStream} CPU pinning is disabled[0m
[36m{MoStream} Pipeline starts...[0m
[36m{MoStream} ...terminated successfully![0m
PIPE_COOP_MPMC_RESULT backend= MICHAELSCOTT  producers= 4  consumers= 4  workers= 4  capacity= 1024  work_iterations= 160  messages= 200000  time_ms= 507.986298  throughput_Mtransfer_s= 0.39371140675924293  count= 200000  checksum= 476513354054716080  valid= True

block=7 position=3 command=['/tmp/mostream-ms-bench-9v2x9dkz/NBLFQ', '50000', '4', '4', '1024', '160']
[36m{MoStream} Starting pipeline execution with 2 stages and total parallelism of 8 nodes[0m
[36m{MoStream} Cooperative MoStream runtime is used[0m
[36m{MoStream} CPU pinning is disabled[0m
[36m{MoStream} Pipeline starts...[0m
[36m{MoStream} ...terminated successfully![0m
PIPE_COOP_MPMC_RESULT backend= NBLFQ  producers= 4  consumers= 4  workers= 4  capacity= 1024  work_iterations= 160  messages= 200000  time_ms= 605.150639  throughput_Mtransfer_s= 0.33049622211503604  count= 200000  checksum= 476513354054716080  valid= True

block=7 position=4 command=['/tmp/mostream-ms-bench-9v2x9dkz/MPMC', '50000', '4', '4', '1024', '160']
[36m{MoStream} Starting pipeline execution with 2 stages and total parallelism of 8 nodes[0m
[36m{MoStream} Cooperative MoStream runtime is used[0m
[36m{MoStream} CPU pinning is disabled[0m
[36m{MoStream} Pipeline starts...[0m
[36m{MoStream} ...terminated successfully![0m
PIPE_COOP_MPMC_RESULT backend= MPMC  producers= 4  consumers= 4  workers= 4  capacity= 1024  work_iterations= 160  messages= 200000  time_ms= 454.862818  throughput_Mtransfer_s= 0.43969300651872584  count= 200000  checksum= 476513354054716080  valid= True

block=7 position=0 command=['/tmp/mostream-ms-bench-9v2x9dkz/MPMC', '50000', '4', '4', '1024', '0']
[36m{MoStream} Starting pipeline execution with 2 stages and total parallelism of 8 nodes[0m
[36m{MoStream} Cooperative MoStream runtime is used[0m
[36m{MoStream} CPU pinning is disabled[0m
[36m{MoStream} Pipeline starts...[0m
[36m{MoStream} ...terminated successfully![0m
PIPE_COOP_MPMC_RESULT backend= MPMC  producers= 4  consumers= 4  workers= 4  capacity= 1024  work_iterations= 0  messages= 200000  time_ms= 444.777076  throughput_Mtransfer_s= 0.4496634624217908  count= 200000  checksum= 5000100000  valid= True

block=7 position=1 command=['/tmp/mostream-ms-bench-9v2x9dkz/PADDEDFAA', '50000', '4', '4', '1024', '0']
[36m{MoStream} Starting pipeline execution with 2 stages and total parallelism of 8 nodes[0m
[36m{MoStream} Cooperative MoStream runtime is used[0m
[36m{MoStream} CPU pinning is disabled[0m
[36m{MoStream} Pipeline starts...[0m
[36m{MoStream} ...terminated successfully![0m
PIPE_COOP_MPMC_RESULT backend= PADDEDFAA  producers= 4  consumers= 4  workers= 4  capacity= 1024  work_iterations= 0  messages= 200000  time_ms= 437.311123  throughput_Mtransfer_s= 0.4573402995743147  count= 200000  checksum= 5000100000  valid= True

block=7 position=2 command=['/tmp/mostream-ms-bench-9v2x9dkz/MICHAELSCOTT', '50000', '4', '4', '1024', '0']
[36m{MoStream} Starting pipeline execution with 2 stages and total parallelism of 8 nodes[0m
[36m{MoStream} Cooperative MoStream runtime is used[0m
[36m{MoStream} CPU pinning is disabled[0m
[36m{MoStream} Pipeline starts...[0m
[36m{MoStream} ...terminated successfully![0m
PIPE_COOP_MPMC_RESULT backend= MICHAELSCOTT  producers= 4  consumers= 4  workers= 4  capacity= 1024  work_iterations= 0  messages= 200000  time_ms= 439.774183  throughput_Mtransfer_s= 0.4547788563568317  count= 200000  checksum= 5000100000  valid= True

block=7 position=3 command=['/tmp/mostream-ms-bench-9v2x9dkz/NBLFQ', '50000', '4', '4', '1024', '0']
[36m{MoStream} Starting pipeline execution with 2 stages and total parallelism of 8 nodes[0m
[36m{MoStream} Cooperative MoStream runtime is used[0m
[36m{MoStream} CPU pinning is disabled[0m
[36m{MoStream} Pipeline starts...[0m
[36m{MoStream} ...terminated successfully![0m
PIPE_COOP_MPMC_RESULT backend= NBLFQ  producers= 4  consumers= 4  workers= 4  capacity= 1024  work_iterations= 0  messages= 200000  time_ms= 544.718107  throughput_Mtransfer_s= 0.36716238625054554  count= 200000  checksum= 5000100000  valid= True

block=7 position=4 command=['/tmp/mostream-ms-bench-9v2x9dkz/SCQ', '50000', '4', '4', '1024', '0']
[36m{MoStream} Starting pipeline execution with 2 stages and total parallelism of 8 nodes[0m
[36m{MoStream} Cooperative MoStream runtime is used[0m
[36m{MoStream} CPU pinning is disabled[0m
[36m{MoStream} Pipeline starts...[0m
[36m{MoStream} ...terminated successfully![0m
PIPE_COOP_MPMC_RESULT backend= SCQ  producers= 4  consumers= 4  workers= 4  capacity= 1024  work_iterations= 0  messages= 200000  time_ms= 460.933012  throughput_Mtransfer_s= 0.4339025298539476  count= 200000  checksum= 5000100000  valid= True

block=7 position=0 command=['/tmp/mostream-ms-bench-9v2x9dkz/NBLFQ', '50000', '4', '8', '1024', '0']
[36m{MoStream} Starting pipeline execution with 2 stages and total parallelism of 8 nodes[0m
[36m{MoStream} Cooperative MoStream runtime is used[0m
[36m{MoStream} CPU pinning is disabled[0m
[36m{MoStream} Pipeline starts...[0m
[36m{MoStream} ...terminated successfully![0m
PIPE_COOP_MPMC_RESULT backend= NBLFQ  producers= 4  consumers= 4  workers= 8  capacity= 1024  work_iterations= 0  messages= 200000  time_ms= 460.586364  throughput_Mtransfer_s= 0.4342290949803282  count= 200000  checksum= 5000100000  valid= True

block=7 position=1 command=['/tmp/mostream-ms-bench-9v2x9dkz/MICHAELSCOTT', '50000', '4', '8', '1024', '0']
[36m{MoStream} Starting pipeline execution with 2 stages and total parallelism of 8 nodes[0m
[36m{MoStream} Cooperative MoStream runtime is used[0m
[36m{MoStream} CPU pinning is disabled[0m
[36m{MoStream} Pipeline starts...[0m
[36m{MoStream} ...terminated successfully![0m
PIPE_COOP_MPMC_RESULT backend= MICHAELSCOTT  producers= 4  consumers= 4  workers= 8  capacity= 1024  work_iterations= 0  messages= 200000  time_ms= 405.766385  throughput_Mtransfer_s= 0.4928944520626074  count= 200000  checksum= 5000100000  valid= True

block=7 position=2 command=['/tmp/mostream-ms-bench-9v2x9dkz/MPMC', '50000', '4', '8', '1024', '0']
[36m{MoStream} Starting pipeline execution with 2 stages and total parallelism of 8 nodes[0m
[36m{MoStream} Cooperative MoStream runtime is used[0m
[36m{MoStream} CPU pinning is disabled[0m
[36m{MoStream} Pipeline starts...[0m
[36m{MoStream} ...terminated successfully![0m
PIPE_COOP_MPMC_RESULT backend= MPMC  producers= 4  consumers= 4  workers= 8  capacity= 1024  work_iterations= 0  messages= 200000  time_ms= 424.40862  throughput_Mtransfer_s= 0.4712439629524961  count= 200000  checksum= 5000100000  valid= True

block=7 position=3 command=['/tmp/mostream-ms-bench-9v2x9dkz/SCQ', '50000', '4', '8', '1024', '0']
[36m{MoStream} Starting pipeline execution with 2 stages and total parallelism of 8 nodes[0m
[36m{MoStream} Cooperative MoStream runtime is used[0m
[36m{MoStream} CPU pinning is disabled[0m
[36m{MoStream} Pipeline starts...[0m
[36m{MoStream} ...terminated successfully![0m
PIPE_COOP_MPMC_RESULT backend= SCQ  producers= 4  consumers= 4  workers= 8  capacity= 1024  work_iterations= 0  messages= 200000  time_ms= 409.77393  throughput_Mtransfer_s= 0.4880739972891882  count= 200000  checksum= 5000100000  valid= True

block=7 position=4 command=['/tmp/mostream-ms-bench-9v2x9dkz/PADDEDFAA', '50000', '4', '8', '1024', '0']
[36m{MoStream} Starting pipeline execution with 2 stages and total parallelism of 8 nodes[0m
[36m{MoStream} Cooperative MoStream runtime is used[0m
[36m{MoStream} CPU pinning is disabled[0m
[36m{MoStream} Pipeline starts...[0m
[36m{MoStream} ...terminated successfully![0m
PIPE_COOP_MPMC_RESULT backend= PADDEDFAA  producers= 4  consumers= 4  workers= 8  capacity= 1024  work_iterations= 0  messages= 200000  time_ms= 431.240714  throughput_Mtransfer_s= 0.46377810236164296  count= 200000  checksum= 5000100000  valid= True

block=7 position=0 command=['/tmp/mostream-ms-bench-9v2x9dkz/SCQ', '50000', '4', '8', '1024', '160']
[36m{MoStream} Starting pipeline execution with 2 stages and total parallelism of 8 nodes[0m
[36m{MoStream} Cooperative MoStream runtime is used[0m
[36m{MoStream} CPU pinning is disabled[0m
[36m{MoStream} Pipeline starts...[0m
[36m{MoStream} ...terminated successfully![0m
PIPE_COOP_MPMC_RESULT backend= SCQ  producers= 4  consumers= 4  workers= 8  capacity= 1024  work_iterations= 160  messages= 200000  time_ms= 477.769318  throughput_Mtransfer_s= 0.4186120633221575  count= 200000  checksum= 476513354054716080  valid= True

block=7 position=1 command=['/tmp/mostream-ms-bench-9v2x9dkz/MICHAELSCOTT', '50000', '4', '8', '1024', '160']
[36m{MoStream} Starting pipeline execution with 2 stages and total parallelism of 8 nodes[0m
[36m{MoStream} Cooperative MoStream runtime is used[0m
[36m{MoStream} CPU pinning is disabled[0m
[36m{MoStream} Pipeline starts...[0m
[36m{MoStream} ...terminated successfully![0m
PIPE_COOP_MPMC_RESULT backend= MICHAELSCOTT  producers= 4  consumers= 4  workers= 8  capacity= 1024  work_iterations= 160  messages= 200000  time_ms= 438.025826  throughput_Mtransfer_s= 0.45659408219459646  count= 200000  checksum= 476513354054716080  valid= True

block=7 position=2 command=['/tmp/mostream-ms-bench-9v2x9dkz/PADDEDFAA', '50000', '4', '8', '1024', '160']
[36m{MoStream} Starting pipeline execution with 2 stages and total parallelism of 8 nodes[0m
[36m{MoStream} Cooperative MoStream runtime is used[0m
[36m{MoStream} CPU pinning is disabled[0m
[36m{MoStream} Pipeline starts...[0m
[36m{MoStream} ...terminated successfully![0m
PIPE_COOP_MPMC_RESULT backend= PADDEDFAA  producers= 4  consumers= 4  workers= 8  capacity= 1024  work_iterations= 160  messages= 200000  time_ms= 430.193659  throughput_Mtransfer_s= 0.4649068990577567  count= 200000  checksum= 476513354054716080  valid= True

block=7 position=3 command=['/tmp/mostream-ms-bench-9v2x9dkz/MPMC', '50000', '4', '8', '1024', '160']
[36m{MoStream} Starting pipeline execution with 2 stages and total parallelism of 8 nodes[0m
[36m{MoStream} Cooperative MoStream runtime is used[0m
[36m{MoStream} CPU pinning is disabled[0m
[36m{MoStream} Pipeline starts...[0m
[36m{MoStream} ...terminated successfully![0m
PIPE_COOP_MPMC_RESULT backend= MPMC  producers= 4  consumers= 4  workers= 8  capacity= 1024  work_iterations= 160  messages= 200000  time_ms= 448.182919  throughput_Mtransfer_s= 0.44624636843868654  count= 200000  checksum= 476513354054716080  valid= True

block=7 position=4 command=['/tmp/mostream-ms-bench-9v2x9dkz/NBLFQ', '50000', '4', '8', '1024', '160']
[36m{MoStream} Starting pipeline execution with 2 stages and total parallelism of 8 nodes[0m
[36m{MoStream} Cooperative MoStream runtime is used[0m
[36m{MoStream} CPU pinning is disabled[0m
[36m{MoStream} Pipeline starts...[0m
[36m{MoStream} ...terminated successfully![0m
PIPE_COOP_MPMC_RESULT backend= NBLFQ  producers= 4  consumers= 4  workers= 8  capacity= 1024  work_iterations= 160  messages= 200000  time_ms= 485.575536  throughput_Mtransfer_s= 0.4118823646832158  count= 200000  checksum= 476513354054716080  valid= True

block=8 position=0 command=['/tmp/mostream-ms-bench-9v2x9dkz/SCQ', '50000', '4', '2', '1024', '0']
[36m{MoStream} Starting pipeline execution with 2 stages and total parallelism of 8 nodes[0m
[36m{MoStream} Cooperative MoStream runtime is used[0m
[36m{MoStream} CPU pinning is disabled[0m
[36m{MoStream} Pipeline starts...[0m
[36m{MoStream} ...terminated successfully![0m
PIPE_COOP_MPMC_RESULT backend= SCQ  producers= 4  consumers= 4  workers= 2  capacity= 1024  work_iterations= 0  messages= 200000  time_ms= 525.470795  throughput_Mtransfer_s= 0.3806110670717675  count= 200000  checksum= 5000100000  valid= True

block=8 position=1 command=['/tmp/mostream-ms-bench-9v2x9dkz/PADDEDFAA', '50000', '4', '2', '1024', '0']
[36m{MoStream} Starting pipeline execution with 2 stages and total parallelism of 8 nodes[0m
[36m{MoStream} Cooperative MoStream runtime is used[0m
[36m{MoStream} CPU pinning is disabled[0m
[36m{MoStream} Pipeline starts...[0m
[36m{MoStream} ...terminated successfully![0m
PIPE_COOP_MPMC_RESULT backend= PADDEDFAA  producers= 4  consumers= 4  workers= 2  capacity= 1024  work_iterations= 0  messages= 200000  time_ms= 460.484224  throughput_Mtransfer_s= 0.43432541133048674  count= 200000  checksum= 5000100000  valid= True

block=8 position=2 command=['/tmp/mostream-ms-bench-9v2x9dkz/MICHAELSCOTT', '50000', '4', '2', '1024', '0']
[36m{MoStream} Starting pipeline execution with 2 stages and total parallelism of 8 nodes[0m
[36m{MoStream} Cooperative MoStream runtime is used[0m
[36m{MoStream} CPU pinning is disabled[0m
[36m{MoStream} Pipeline starts...[0m
[36m{MoStream} ...terminated successfully![0m
PIPE_COOP_MPMC_RESULT backend= MICHAELSCOTT  producers= 4  consumers= 4  workers= 2  capacity= 1024  work_iterations= 0  messages= 200000  time_ms= 467.630708  throughput_Mtransfer_s= 0.4276879096656757  count= 200000  checksum= 5000100000  valid= True

block=8 position=3 command=['/tmp/mostream-ms-bench-9v2x9dkz/MPMC', '50000', '4', '2', '1024', '0']
[36m{MoStream} Starting pipeline execution with 2 stages and total parallelism of 8 nodes[0m
[36m{MoStream} Cooperative MoStream runtime is used[0m
[36m{MoStream} CPU pinning is disabled[0m
[36m{MoStream} Pipeline starts...[0m
[36m{MoStream} ...terminated successfully![0m
PIPE_COOP_MPMC_RESULT backend= MPMC  producers= 4  consumers= 4  workers= 2  capacity= 1024  work_iterations= 0  messages= 200000  time_ms= 484.687396  throughput_Mtransfer_s= 0.4126370969217446  count= 200000  checksum= 5000100000  valid= True

block=8 position=4 command=['/tmp/mostream-ms-bench-9v2x9dkz/NBLFQ', '50000', '4', '2', '1024', '0']
[36m{MoStream} Starting pipeline execution with 2 stages and total parallelism of 8 nodes[0m
[36m{MoStream} Cooperative MoStream runtime is used[0m
[36m{MoStream} CPU pinning is disabled[0m
[36m{MoStream} Pipeline starts...[0m
[36m{MoStream} ...terminated successfully![0m
PIPE_COOP_MPMC_RESULT backend= NBLFQ  producers= 4  consumers= 4  workers= 2  capacity= 1024  work_iterations= 0  messages= 200000  time_ms= 649.813541  throughput_Mtransfer_s= 0.3077805976345452  count= 200000  checksum= 5000100000  valid= True

block=8 position=0 command=['/tmp/mostream-ms-bench-9v2x9dkz/MICHAELSCOTT', '50000', '4', '8', '1024', '0']
[36m{MoStream} Starting pipeline execution with 2 stages and total parallelism of 8 nodes[0m
[36m{MoStream} Cooperative MoStream runtime is used[0m
[36m{MoStream} CPU pinning is disabled[0m
[36m{MoStream} Pipeline starts...[0m
[36m{MoStream} ...terminated successfully![0m
PIPE_COOP_MPMC_RESULT backend= MICHAELSCOTT  producers= 4  consumers= 4  workers= 8  capacity= 1024  work_iterations= 0  messages= 200000  time_ms= 409.153577  throughput_Mtransfer_s= 0.48881400833995403  count= 200000  checksum= 5000100000  valid= True

block=8 position=1 command=['/tmp/mostream-ms-bench-9v2x9dkz/MPMC', '50000', '4', '8', '1024', '0']
[36m{MoStream} Starting pipeline execution with 2 stages and total parallelism of 8 nodes[0m
[36m{MoStream} Cooperative MoStream runtime is used[0m
[36m{MoStream} CPU pinning is disabled[0m
[36m{MoStream} Pipeline starts...[0m
[36m{MoStream} ...terminated successfully![0m
PIPE_COOP_MPMC_RESULT backend= MPMC  producers= 4  consumers= 4  workers= 8  capacity= 1024  work_iterations= 0  messages= 200000  time_ms= 412.70722  throughput_Mtransfer_s= 0.48460504277099875  count= 200000  checksum= 5000100000  valid= True

block=8 position=2 command=['/tmp/mostream-ms-bench-9v2x9dkz/SCQ', '50000', '4', '8', '1024', '0']
[36m{MoStream} Starting pipeline execution with 2 stages and total parallelism of 8 nodes[0m
[36m{MoStream} Cooperative MoStream runtime is used[0m
[36m{MoStream} CPU pinning is disabled[0m
[36m{MoStream} Pipeline starts...[0m
[36m{MoStream} ...terminated successfully![0m
PIPE_COOP_MPMC_RESULT backend= SCQ  producers= 4  consumers= 4  workers= 8  capacity= 1024  work_iterations= 0  messages= 200000  time_ms= 421.975388  throughput_Mtransfer_s= 0.47396129178984253  count= 200000  checksum= 5000100000  valid= True

block=8 position=3 command=['/tmp/mostream-ms-bench-9v2x9dkz/PADDEDFAA', '50000', '4', '8', '1024', '0']
[36m{MoStream} Starting pipeline execution with 2 stages and total parallelism of 8 nodes[0m
[36m{MoStream} Cooperative MoStream runtime is used[0m
[36m{MoStream} CPU pinning is disabled[0m
[36m{MoStream} Pipeline starts...[0m
[36m{MoStream} ...terminated successfully![0m
PIPE_COOP_MPMC_RESULT backend= PADDEDFAA  producers= 4  consumers= 4  workers= 8  capacity= 1024  work_iterations= 0  messages= 200000  time_ms= 438.561744  throughput_Mtransfer_s= 0.4560361288603413  count= 200000  checksum= 5000100000  valid= True

block=8 position=4 command=['/tmp/mostream-ms-bench-9v2x9dkz/NBLFQ', '50000', '4', '8', '1024', '0']
[36m{MoStream} Starting pipeline execution with 2 stages and total parallelism of 8 nodes[0m
[36m{MoStream} Cooperative MoStream runtime is used[0m
[36m{MoStream} CPU pinning is disabled[0m
[36m{MoStream} Pipeline starts...[0m
[36m{MoStream} ...terminated successfully![0m
PIPE_COOP_MPMC_RESULT backend= NBLFQ  producers= 4  consumers= 4  workers= 8  capacity= 1024  work_iterations= 0  messages= 200000  time_ms= 427.952798  throughput_Mtransfer_s= 0.4673412603789075  count= 200000  checksum= 5000100000  valid= True

block=8 position=0 command=['/tmp/mostream-ms-bench-9v2x9dkz/PADDEDFAA', '50000', '4', '1', '1024', '160']
[36m{MoStream} Starting pipeline execution with 2 stages and total parallelism of 8 nodes[0m
[36m{MoStream} Cooperative MoStream runtime is used[0m
[36m{MoStream} CPU pinning is disabled[0m
[36m{MoStream} Pipeline starts...[0m
[36m{MoStream} ...terminated successfully![0m
PIPE_COOP_MPMC_RESULT backend= PADDEDFAA  producers= 4  consumers= 4  workers= 1  capacity= 1024  work_iterations= 160  messages= 200000  time_ms= 309.489775  throughput_Mtransfer_s= 0.6462249035529526  count= 200000  checksum= 476513354054716080  valid= True

block=8 position=1 command=['/tmp/mostream-ms-bench-9v2x9dkz/MPMC', '50000', '4', '1', '1024', '160']
[36m{MoStream} Starting pipeline execution with 2 stages and total parallelism of 8 nodes[0m
[36m{MoStream} Cooperative MoStream runtime is used[0m
[36m{MoStream} CPU pinning is disabled[0m
[36m{MoStream} Pipeline starts...[0m
[36m{MoStream} ...terminated successfully![0m
PIPE_COOP_MPMC_RESULT backend= MPMC  producers= 4  consumers= 4  workers= 1  capacity= 1024  work_iterations= 160  messages= 200000  time_ms= 282.610116  throughput_Mtransfer_s= 0.7076887509575206  count= 200000  checksum= 476513354054716080  valid= True

block=8 position=2 command=['/tmp/mostream-ms-bench-9v2x9dkz/NBLFQ', '50000', '4', '1', '1024', '160']
[36m{MoStream} Starting pipeline execution with 2 stages and total parallelism of 8 nodes[0m
[36m{MoStream} Cooperative MoStream runtime is used[0m
[36m{MoStream} CPU pinning is disabled[0m
[36m{MoStream} Pipeline starts...[0m
[36m{MoStream} ...terminated successfully![0m
PIPE_COOP_MPMC_RESULT backend= NBLFQ  producers= 4  consumers= 4  workers= 1  capacity= 1024  work_iterations= 160  messages= 200000  time_ms= 413.493135  throughput_Mtransfer_s= 0.4836839673287442  count= 200000  checksum= 476513354054716080  valid= True

block=8 position=3 command=['/tmp/mostream-ms-bench-9v2x9dkz/SCQ', '50000', '4', '1', '1024', '160']
[36m{MoStream} Starting pipeline execution with 2 stages and total parallelism of 8 nodes[0m
[36m{MoStream} Cooperative MoStream runtime is used[0m
[36m{MoStream} CPU pinning is disabled[0m
[36m{MoStream} Pipeline starts...[0m
[36m{MoStream} ...terminated successfully![0m
PIPE_COOP_MPMC_RESULT backend= SCQ  producers= 4  consumers= 4  workers= 1  capacity= 1024  work_iterations= 160  messages= 200000  time_ms= 325.20507  throughput_Mtransfer_s= 0.6149965620154693  count= 200000  checksum= 476513354054716080  valid= True

block=8 position=4 command=['/tmp/mostream-ms-bench-9v2x9dkz/MICHAELSCOTT', '50000', '4', '1', '1024', '160']
[36m{MoStream} Starting pipeline execution with 2 stages and total parallelism of 8 nodes[0m
[36m{MoStream} Cooperative MoStream runtime is used[0m
[36m{MoStream} CPU pinning is disabled[0m
[36m{MoStream} Pipeline starts...[0m
[36m{MoStream} ...terminated successfully![0m
PIPE_COOP_MPMC_RESULT backend= MICHAELSCOTT  producers= 4  consumers= 4  workers= 1  capacity= 1024  work_iterations= 160  messages= 200000  time_ms= 315.628653  throughput_Mtransfer_s= 0.633656032489547  count= 200000  checksum= 476513354054716080  valid= True

block=8 position=0 command=['/tmp/mostream-ms-bench-9v2x9dkz/PADDEDFAA', '50000', '4', '4', '1024', '0']
[36m{MoStream} Starting pipeline execution with 2 stages and total parallelism of 8 nodes[0m
[36m{MoStream} Cooperative MoStream runtime is used[0m
[36m{MoStream} CPU pinning is disabled[0m
[36m{MoStream} Pipeline starts...[0m
[36m{MoStream} ...terminated successfully![0m
PIPE_COOP_MPMC_RESULT backend= PADDEDFAA  producers= 4  consumers= 4  workers= 4  capacity= 1024  work_iterations= 0  messages= 200000  time_ms= 436.834094  throughput_Mtransfer_s= 0.4578397216404084  count= 200000  checksum= 5000100000  valid= True

block=8 position=1 command=['/tmp/mostream-ms-bench-9v2x9dkz/MICHAELSCOTT', '50000', '4', '4', '1024', '0']
[36m{MoStream} Starting pipeline execution with 2 stages and total parallelism of 8 nodes[0m
[36m{MoStream} Cooperative MoStream runtime is used[0m
[36m{MoStream} CPU pinning is disabled[0m
[36m{MoStream} Pipeline starts...[0m
[36m{MoStream} ...terminated successfully![0m
PIPE_COOP_MPMC_RESULT backend= MICHAELSCOTT  producers= 4  consumers= 4  workers= 4  capacity= 1024  work_iterations= 0  messages= 200000  time_ms= 431.726421  throughput_Mtransfer_s= 0.4632563361231024  count= 200000  checksum= 5000100000  valid= True

block=8 position=2 command=['/tmp/mostream-ms-bench-9v2x9dkz/NBLFQ', '50000', '4', '4', '1024', '0']
[36m{MoStream} Starting pipeline execution with 2 stages and total parallelism of 8 nodes[0m
[36m{MoStream} Cooperative MoStream runtime is used[0m
[36m{MoStream} CPU pinning is disabled[0m
[36m{MoStream} Pipeline starts...[0m
[36m{MoStream} ...terminated successfully![0m
PIPE_COOP_MPMC_RESULT backend= NBLFQ  producers= 4  consumers= 4  workers= 4  capacity= 1024  work_iterations= 0  messages= 200000  time_ms= 532.159651  throughput_Mtransfer_s= 0.3758270654758829  count= 200000  checksum= 5000100000  valid= True

block=8 position=3 command=['/tmp/mostream-ms-bench-9v2x9dkz/SCQ', '50000', '4', '4', '1024', '0']
[36m{MoStream} Starting pipeline execution with 2 stages and total parallelism of 8 nodes[0m
[36m{MoStream} Cooperative MoStream runtime is used[0m
[36m{MoStream} CPU pinning is disabled[0m
[36m{MoStream} Pipeline starts...[0m
[36m{MoStream} ...terminated successfully![0m
PIPE_COOP_MPMC_RESULT backend= SCQ  producers= 4  consumers= 4  workers= 4  capacity= 1024  work_iterations= 0  messages= 200000  time_ms= 453.938822  throughput_Mtransfer_s= 0.44058800505060125  count= 200000  checksum= 5000100000  valid= True

block=8 position=4 command=['/tmp/mostream-ms-bench-9v2x9dkz/MPMC', '50000', '4', '4', '1024', '0']
[36m{MoStream} Starting pipeline execution with 2 stages and total parallelism of 8 nodes[0m
[36m{MoStream} Cooperative MoStream runtime is used[0m
[36m{MoStream} CPU pinning is disabled[0m
[36m{MoStream} Pipeline starts...[0m
[36m{MoStream} ...terminated successfully![0m
PIPE_COOP_MPMC_RESULT backend= MPMC  producers= 4  consumers= 4  workers= 4  capacity= 1024  work_iterations= 0  messages= 200000  time_ms= 458.835474  throughput_Mtransfer_s= 0.4358860884413658  count= 200000  checksum= 5000100000  valid= True

block=8 position=0 command=['/tmp/mostream-ms-bench-9v2x9dkz/MICHAELSCOTT', '50000', '4', '8', '1024', '160']
[36m{MoStream} Starting pipeline execution with 2 stages and total parallelism of 8 nodes[0m
[36m{MoStream} Cooperative MoStream runtime is used[0m
[36m{MoStream} CPU pinning is disabled[0m
[36m{MoStream} Pipeline starts...[0m
[36m{MoStream} ...terminated successfully![0m
PIPE_COOP_MPMC_RESULT backend= MICHAELSCOTT  producers= 4  consumers= 4  workers= 8  capacity= 1024  work_iterations= 160  messages= 200000  time_ms= 455.409587  throughput_Mtransfer_s= 0.4391651069919176  count= 200000  checksum= 476513354054716080  valid= True

block=8 position=1 command=['/tmp/mostream-ms-bench-9v2x9dkz/PADDEDFAA', '50000', '4', '8', '1024', '160']
[36m{MoStream} Starting pipeline execution with 2 stages and total parallelism of 8 nodes[0m
[36m{MoStream} Cooperative MoStream runtime is used[0m
[36m{MoStream} CPU pinning is disabled[0m
[36m{MoStream} Pipeline starts...[0m
[36m{MoStream} ...terminated successfully![0m
PIPE_COOP_MPMC_RESULT backend= PADDEDFAA  producers= 4  consumers= 4  workers= 8  capacity= 1024  work_iterations= 160  messages= 200000  time_ms= 413.647137  throughput_Mtransfer_s= 0.48350389041856223  count= 200000  checksum= 476513354054716080  valid= True

block=8 position=2 command=['/tmp/mostream-ms-bench-9v2x9dkz/MPMC', '50000', '4', '8', '1024', '160']
[36m{MoStream} Starting pipeline execution with 2 stages and total parallelism of 8 nodes[0m
[36m{MoStream} Cooperative MoStream runtime is used[0m
[36m{MoStream} CPU pinning is disabled[0m
[36m{MoStream} Pipeline starts...[0m
[36m{MoStream} ...terminated successfully![0m
PIPE_COOP_MPMC_RESULT backend= MPMC  producers= 4  consumers= 4  workers= 8  capacity= 1024  work_iterations= 160  messages= 200000  time_ms= 429.375836  throughput_Mtransfer_s= 0.46579239731599614  count= 200000  checksum= 476513354054716080  valid= True

block=8 position=3 command=['/tmp/mostream-ms-bench-9v2x9dkz/NBLFQ', '50000', '4', '8', '1024', '160']
[36m{MoStream} Starting pipeline execution with 2 stages and total parallelism of 8 nodes[0m
[36m{MoStream} Cooperative MoStream runtime is used[0m
[36m{MoStream} CPU pinning is disabled[0m
[36m{MoStream} Pipeline starts...[0m
[36m{MoStream} ...terminated successfully![0m
PIPE_COOP_MPMC_RESULT backend= NBLFQ  producers= 4  consumers= 4  workers= 8  capacity= 1024  work_iterations= 160  messages= 200000  time_ms= 487.211094  throughput_Mtransfer_s= 0.41049968373667617  count= 200000  checksum= 476513354054716080  valid= True

block=8 position=4 command=['/tmp/mostream-ms-bench-9v2x9dkz/SCQ', '50000', '4', '8', '1024', '160']
[36m{MoStream} Starting pipeline execution with 2 stages and total parallelism of 8 nodes[0m
[36m{MoStream} Cooperative MoStream runtime is used[0m
[36m{MoStream} CPU pinning is disabled[0m
[36m{MoStream} Pipeline starts...[0m
[36m{MoStream} ...terminated successfully![0m
PIPE_COOP_MPMC_RESULT backend= SCQ  producers= 4  consumers= 4  workers= 8  capacity= 1024  work_iterations= 160  messages= 200000  time_ms= 478.421017  throughput_Mtransfer_s= 0.41804183531510697  count= 200000  checksum= 476513354054716080  valid= True

block=8 position=0 command=['/tmp/mostream-ms-bench-9v2x9dkz/MPMC', '50000', '4', '1', '1024', '0']
[36m{MoStream} Starting pipeline execution with 2 stages and total parallelism of 8 nodes[0m
[36m{MoStream} Cooperative MoStream runtime is used[0m
[36m{MoStream} CPU pinning is disabled[0m
[36m{MoStream} Pipeline starts...[0m
[36m{MoStream} ...terminated successfully![0m
PIPE_COOP_MPMC_RESULT backend= MPMC  producers= 4  consumers= 4  workers= 1  capacity= 1024  work_iterations= 0  messages= 200000  time_ms= 227.364924  throughput_Mtransfer_s= 0.8796431590301061  count= 200000  checksum= 5000100000  valid= True

block=8 position=1 command=['/tmp/mostream-ms-bench-9v2x9dkz/PADDEDFAA', '50000', '4', '1', '1024', '0']
[36m{MoStream} Starting pipeline execution with 2 stages and total parallelism of 8 nodes[0m
[36m{MoStream} Cooperative MoStream runtime is used[0m
[36m{MoStream} CPU pinning is disabled[0m
[36m{MoStream} Pipeline starts...[0m
[36m{MoStream} ...terminated successfully![0m
PIPE_COOP_MPMC_RESULT backend= PADDEDFAA  producers= 4  consumers= 4  workers= 1  capacity= 1024  work_iterations= 0  messages= 200000  time_ms= 221.702325  throughput_Mtransfer_s= 0.9021105213939458  count= 200000  checksum= 5000100000  valid= True

block=8 position=2 command=['/tmp/mostream-ms-bench-9v2x9dkz/NBLFQ', '50000', '4', '1', '1024', '0']
[36m{MoStream} Starting pipeline execution with 2 stages and total parallelism of 8 nodes[0m
[36m{MoStream} Cooperative MoStream runtime is used[0m
[36m{MoStream} CPU pinning is disabled[0m
[36m{MoStream} Pipeline starts...[0m
[36m{MoStream} ...terminated successfully![0m
PIPE_COOP_MPMC_RESULT backend= NBLFQ  producers= 4  consumers= 4  workers= 1  capacity= 1024  work_iterations= 0  messages= 200000  time_ms= 321.999551  throughput_Mtransfer_s= 0.621118878516697  count= 200000  checksum= 5000100000  valid= True

block=8 position=3 command=['/tmp/mostream-ms-bench-9v2x9dkz/SCQ', '50000', '4', '1', '1024', '0']
[36m{MoStream} Starting pipeline execution with 2 stages and total parallelism of 8 nodes[0m
[36m{MoStream} Cooperative MoStream runtime is used[0m
[36m{MoStream} CPU pinning is disabled[0m
[36m{MoStream} Pipeline starts...[0m
[36m{MoStream} ...terminated successfully![0m
PIPE_COOP_MPMC_RESULT backend= SCQ  producers= 4  consumers= 4  workers= 1  capacity= 1024  work_iterations= 0  messages= 200000  time_ms= 240.843073  throughput_Mtransfer_s= 0.830416243692423  count= 200000  checksum= 5000100000  valid= True

block=8 position=4 command=['/tmp/mostream-ms-bench-9v2x9dkz/MICHAELSCOTT', '50000', '4', '1', '1024', '0']
[36m{MoStream} Starting pipeline execution with 2 stages and total parallelism of 8 nodes[0m
[36m{MoStream} Cooperative MoStream runtime is used[0m
[36m{MoStream} CPU pinning is disabled[0m
[36m{MoStream} Pipeline starts...[0m
[36m{MoStream} ...terminated successfully![0m
PIPE_COOP_MPMC_RESULT backend= MICHAELSCOTT  producers= 4  consumers= 4  workers= 1  capacity= 1024  work_iterations= 0  messages= 200000  time_ms= 234.870253  throughput_Mtransfer_s= 0.8515339743769084  count= 200000  checksum= 5000100000  valid= True

block=8 position=0 command=['/tmp/mostream-ms-bench-9v2x9dkz/SCQ', '50000', '4', '4', '1024', '160']
[36m{MoStream} Starting pipeline execution with 2 stages and total parallelism of 8 nodes[0m
[36m{MoStream} Cooperative MoStream runtime is used[0m
[36m{MoStream} CPU pinning is disabled[0m
[36m{MoStream} Pipeline starts...[0m
[36m{MoStream} ...terminated successfully![0m
PIPE_COOP_MPMC_RESULT backend= SCQ  producers= 4  consumers= 4  workers= 4  capacity= 1024  work_iterations= 160  messages= 200000  time_ms= 544.978616  throughput_Mtransfer_s= 0.366986876417184  count= 200000  checksum= 476513354054716080  valid= True

block=8 position=1 command=['/tmp/mostream-ms-bench-9v2x9dkz/MICHAELSCOTT', '50000', '4', '4', '1024', '160']
[36m{MoStream} Starting pipeline execution with 2 stages and total parallelism of 8 nodes[0m
[36m{MoStream} Cooperative MoStream runtime is used[0m
[36m{MoStream} CPU pinning is disabled[0m
[36m{MoStream} Pipeline starts...[0m
[36m{MoStream} ...terminated successfully![0m
PIPE_COOP_MPMC_RESULT backend= MICHAELSCOTT  producers= 4  consumers= 4  workers= 4  capacity= 1024  work_iterations= 160  messages= 200000  time_ms= 496.041061  throughput_Mtransfer_s= 0.40319242845906256  count= 200000  checksum= 476513354054716080  valid= True

block=8 position=2 command=['/tmp/mostream-ms-bench-9v2x9dkz/NBLFQ', '50000', '4', '4', '1024', '160']
[36m{MoStream} Starting pipeline execution with 2 stages and total parallelism of 8 nodes[0m
[36m{MoStream} Cooperative MoStream runtime is used[0m
[36m{MoStream} CPU pinning is disabled[0m
[36m{MoStream} Pipeline starts...[0m
[36m{MoStream} ...terminated successfully![0m
PIPE_COOP_MPMC_RESULT backend= NBLFQ  producers= 4  consumers= 4  workers= 4  capacity= 1024  work_iterations= 160  messages= 200000  time_ms= 603.648012  throughput_Mtransfer_s= 0.3313189077478483  count= 200000  checksum= 476513354054716080  valid= True

block=8 position=3 command=['/tmp/mostream-ms-bench-9v2x9dkz/MPMC', '50000', '4', '4', '1024', '160']
[36m{MoStream} Starting pipeline execution with 2 stages and total parallelism of 8 nodes[0m
[36m{MoStream} Cooperative MoStream runtime is used[0m
[36m{MoStream} CPU pinning is disabled[0m
[36m{MoStream} Pipeline starts...[0m
[36m{MoStream} ...terminated successfully![0m
PIPE_COOP_MPMC_RESULT backend= MPMC  producers= 4  consumers= 4  workers= 4  capacity= 1024  work_iterations= 160  messages= 200000  time_ms= 461.529888  throughput_Mtransfer_s= 0.43334138308286546  count= 200000  checksum= 476513354054716080  valid= True

block=8 position=4 command=['/tmp/mostream-ms-bench-9v2x9dkz/PADDEDFAA', '50000', '4', '4', '1024', '160']
[36m{MoStream} Starting pipeline execution with 2 stages and total parallelism of 8 nodes[0m
[36m{MoStream} Cooperative MoStream runtime is used[0m
[36m{MoStream} CPU pinning is disabled[0m
[36m{MoStream} Pipeline starts...[0m
[36m{MoStream} ...terminated successfully![0m
PIPE_COOP_MPMC_RESULT backend= PADDEDFAA  producers= 4  consumers= 4  workers= 4  capacity= 1024  work_iterations= 160  messages= 200000  time_ms= 440.869512  throughput_Mtransfer_s= 0.45364896994737075  count= 200000  checksum= 476513354054716080  valid= True

block=8 position=0 command=['/tmp/mostream-ms-bench-9v2x9dkz/NBLFQ', '50000', '4', '2', '1024', '160']
[36m{MoStream} Starting pipeline execution with 2 stages and total parallelism of 8 nodes[0m
[36m{MoStream} Cooperative MoStream runtime is used[0m
[36m{MoStream} CPU pinning is disabled[0m
[36m{MoStream} Pipeline starts...[0m
[36m{MoStream} ...terminated successfully![0m
PIPE_COOP_MPMC_RESULT backend= NBLFQ  producers= 4  consumers= 4  workers= 2  capacity= 1024  work_iterations= 160  messages= 200000  time_ms= 655.216475  throughput_Mtransfer_s= 0.30524262992623924  count= 200000  checksum= 476513354054716080  valid= True

block=8 position=1 command=['/tmp/mostream-ms-bench-9v2x9dkz/SCQ', '50000', '4', '2', '1024', '160']
[36m{MoStream} Starting pipeline execution with 2 stages and total parallelism of 8 nodes[0m
[36m{MoStream} Cooperative MoStream runtime is used[0m
[36m{MoStream} CPU pinning is disabled[0m
[36m{MoStream} Pipeline starts...[0m
[36m{MoStream} ...terminated successfully![0m
PIPE_COOP_MPMC_RESULT backend= SCQ  producers= 4  consumers= 4  workers= 2  capacity= 1024  work_iterations= 160  messages= 200000  time_ms= 659.994393  throughput_Mtransfer_s= 0.30303287743233903  count= 200000  checksum= 476513354054716080  valid= True

block=8 position=2 command=['/tmp/mostream-ms-bench-9v2x9dkz/PADDEDFAA', '50000', '4', '2', '1024', '160']
[36m{MoStream} Starting pipeline execution with 2 stages and total parallelism of 8 nodes[0m
[36m{MoStream} Cooperative MoStream runtime is used[0m
[36m{MoStream} CPU pinning is disabled[0m
[36m{MoStream} Pipeline starts...[0m
[36m{MoStream} ...terminated successfully![0m
PIPE_COOP_MPMC_RESULT backend= PADDEDFAA  producers= 4  consumers= 4  workers= 2  capacity= 1024  work_iterations= 160  messages= 200000  time_ms= 480.433549  throughput_Mtransfer_s= 0.41629066166651074  count= 200000  checksum= 476513354054716080  valid= True

block=8 position=3 command=['/tmp/mostream-ms-bench-9v2x9dkz/MPMC', '50000', '4', '2', '1024', '160']
[36m{MoStream} Starting pipeline execution with 2 stages and total parallelism of 8 nodes[0m
[36m{MoStream} Cooperative MoStream runtime is used[0m
[36m{MoStream} CPU pinning is disabled[0m
[36m{MoStream} Pipeline starts...[0m
[36m{MoStream} ...terminated successfully![0m
PIPE_COOP_MPMC_RESULT backend= MPMC  producers= 4  consumers= 4  workers= 2  capacity= 1024  work_iterations= 160  messages= 200000  time_ms= 479.276497  throughput_Mtransfer_s= 0.41729565553889447  count= 200000  checksum= 476513354054716080  valid= True

block=8 position=4 command=['/tmp/mostream-ms-bench-9v2x9dkz/MICHAELSCOTT', '50000', '4', '2', '1024', '160']
[36m{MoStream} Starting pipeline execution with 2 stages and total parallelism of 8 nodes[0m
[36m{MoStream} Cooperative MoStream runtime is used[0m
[36m{MoStream} CPU pinning is disabled[0m
[36m{MoStream} Pipeline starts...[0m
[36m{MoStream} ...terminated successfully![0m
PIPE_COOP_MPMC_RESULT backend= MICHAELSCOTT  producers= 4  consumers= 4  workers= 2  capacity= 1024  work_iterations= 160  messages= 200000  time_ms= 534.606477  throughput_Mtransfer_s= 0.3741069526922324  count= 200000  checksum= 476513354054716080  valid= True

block=9 position=0 command=['/tmp/mostream-ms-bench-9v2x9dkz/SCQ', '50000', '4', '2', '1024', '160']
[36m{MoStream} Starting pipeline execution with 2 stages and total parallelism of 8 nodes[0m
[36m{MoStream} Cooperative MoStream runtime is used[0m
[36m{MoStream} CPU pinning is disabled[0m
[36m{MoStream} Pipeline starts...[0m
[36m{MoStream} ...terminated successfully![0m
PIPE_COOP_MPMC_RESULT backend= SCQ  producers= 4  consumers= 4  workers= 2  capacity= 1024  work_iterations= 160  messages= 200000  time_ms= 580.661218  throughput_Mtransfer_s= 0.34443491970906864  count= 200000  checksum= 476513354054716080  valid= True

block=9 position=1 command=['/tmp/mostream-ms-bench-9v2x9dkz/PADDEDFAA', '50000', '4', '2', '1024', '160']
[36m{MoStream} Starting pipeline execution with 2 stages and total parallelism of 8 nodes[0m
[36m{MoStream} Cooperative MoStream runtime is used[0m
[36m{MoStream} CPU pinning is disabled[0m
[36m{MoStream} Pipeline starts...[0m
[36m{MoStream} ...terminated successfully![0m
PIPE_COOP_MPMC_RESULT backend= PADDEDFAA  producers= 4  consumers= 4  workers= 2  capacity= 1024  work_iterations= 160  messages= 200000  time_ms= 470.567608  throughput_Mtransfer_s= 0.4250186298416018  count= 200000  checksum= 476513354054716080  valid= True

block=9 position=2 command=['/tmp/mostream-ms-bench-9v2x9dkz/MPMC', '50000', '4', '2', '1024', '160']
[36m{MoStream} Starting pipeline execution with 2 stages and total parallelism of 8 nodes[0m
[36m{MoStream} Cooperative MoStream runtime is used[0m
[36m{MoStream} CPU pinning is disabled[0m
[36m{MoStream} Pipeline starts...[0m
[36m{MoStream} ...terminated successfully![0m
PIPE_COOP_MPMC_RESULT backend= MPMC  producers= 4  consumers= 4  workers= 2  capacity= 1024  work_iterations= 160  messages= 200000  time_ms= 494.812067  throughput_Mtransfer_s= 0.4041938613433209  count= 200000  checksum= 476513354054716080  valid= True

block=9 position=3 command=['/tmp/mostream-ms-bench-9v2x9dkz/MICHAELSCOTT', '50000', '4', '2', '1024', '160']
[36m{MoStream} Starting pipeline execution with 2 stages and total parallelism of 8 nodes[0m
[36m{MoStream} Cooperative MoStream runtime is used[0m
[36m{MoStream} CPU pinning is disabled[0m
[36m{MoStream} Pipeline starts...[0m
[36m{MoStream} ...terminated successfully![0m
PIPE_COOP_MPMC_RESULT backend= MICHAELSCOTT  producers= 4  consumers= 4  workers= 2  capacity= 1024  work_iterations= 160  messages= 200000  time_ms= 548.442848  throughput_Mtransfer_s= 0.36466880866317725  count= 200000  checksum= 476513354054716080  valid= True

block=9 position=4 command=['/tmp/mostream-ms-bench-9v2x9dkz/NBLFQ', '50000', '4', '2', '1024', '160']
[36m{MoStream} Starting pipeline execution with 2 stages and total parallelism of 8 nodes[0m
[36m{MoStream} Cooperative MoStream runtime is used[0m
[36m{MoStream} CPU pinning is disabled[0m
[36m{MoStream} Pipeline starts...[0m
[36m{MoStream} ...terminated successfully![0m
PIPE_COOP_MPMC_RESULT backend= NBLFQ  producers= 4  consumers= 4  workers= 2  capacity= 1024  work_iterations= 160  messages= 200000  time_ms= 672.075277  throughput_Mtransfer_s= 0.29758571226240776  count= 200000  checksum= 476513354054716080  valid= True

block=9 position=0 command=['/tmp/mostream-ms-bench-9v2x9dkz/PADDEDFAA', '50000', '4', '1', '1024', '0']
[36m{MoStream} Starting pipeline execution with 2 stages and total parallelism of 8 nodes[0m
[36m{MoStream} Cooperative MoStream runtime is used[0m
[36m{MoStream} CPU pinning is disabled[0m
[36m{MoStream} Pipeline starts...[0m
[36m{MoStream} ...terminated successfully![0m
PIPE_COOP_MPMC_RESULT backend= PADDEDFAA  producers= 4  consumers= 4  workers= 1  capacity= 1024  work_iterations= 0  messages= 200000  time_ms= 222.690594  throughput_Mtransfer_s= 0.898107083948054  count= 200000  checksum= 5000100000  valid= True

block=9 position=1 command=['/tmp/mostream-ms-bench-9v2x9dkz/NBLFQ', '50000', '4', '1', '1024', '0']
[36m{MoStream} Starting pipeline execution with 2 stages and total parallelism of 8 nodes[0m
[36m{MoStream} Cooperative MoStream runtime is used[0m
[36m{MoStream} CPU pinning is disabled[0m
[36m{MoStream} Pipeline starts...[0m
[36m{MoStream} ...terminated successfully![0m
PIPE_COOP_MPMC_RESULT backend= NBLFQ  producers= 4  consumers= 4  workers= 1  capacity= 1024  work_iterations= 0  messages= 200000  time_ms= 324.970718  throughput_Mtransfer_s= 0.615440065587694  count= 200000  checksum= 5000100000  valid= True

block=9 position=2 command=['/tmp/mostream-ms-bench-9v2x9dkz/SCQ', '50000', '4', '1', '1024', '0']
[36m{MoStream} Starting pipeline execution with 2 stages and total parallelism of 8 nodes[0m
[36m{MoStream} Cooperative MoStream runtime is used[0m
[36m{MoStream} CPU pinning is disabled[0m
[36m{MoStream} Pipeline starts...[0m
[36m{MoStream} ...terminated successfully![0m
PIPE_COOP_MPMC_RESULT backend= SCQ  producers= 4  consumers= 4  workers= 1  capacity= 1024  work_iterations= 0  messages= 200000  time_ms= 240.669948  throughput_Mtransfer_s= 0.8310136004184452  count= 200000  checksum= 5000100000  valid= True

block=9 position=3 command=['/tmp/mostream-ms-bench-9v2x9dkz/MICHAELSCOTT', '50000', '4', '1', '1024', '0']
[36m{MoStream} Starting pipeline execution with 2 stages and total parallelism of 8 nodes[0m
[36m{MoStream} Cooperative MoStream runtime is used[0m
[36m{MoStream} CPU pinning is disabled[0m
[36m{MoStream} Pipeline starts...[0m
[36m{MoStream} ...terminated successfully![0m
PIPE_COOP_MPMC_RESULT backend= MICHAELSCOTT  producers= 4  consumers= 4  workers= 1  capacity= 1024  work_iterations= 0  messages= 200000  time_ms= 234.36245  throughput_Mtransfer_s= 0.8533790289357361  count= 200000  checksum= 5000100000  valid= True

block=9 position=4 command=['/tmp/mostream-ms-bench-9v2x9dkz/MPMC', '50000', '4', '1', '1024', '0']
[36m{MoStream} Starting pipeline execution with 2 stages and total parallelism of 8 nodes[0m
[36m{MoStream} Cooperative MoStream runtime is used[0m
[36m{MoStream} CPU pinning is disabled[0m
[36m{MoStream} Pipeline starts...[0m
[36m{MoStream} ...terminated successfully![0m
PIPE_COOP_MPMC_RESULT backend= MPMC  producers= 4  consumers= 4  workers= 1  capacity= 1024  work_iterations= 0  messages= 200000  time_ms= 221.604047  throughput_Mtransfer_s= 0.9025105935903779  count= 200000  checksum= 5000100000  valid= True

block=9 position=0 command=['/tmp/mostream-ms-bench-9v2x9dkz/MICHAELSCOTT', '50000', '4', '4', '1024', '160']
[36m{MoStream} Starting pipeline execution with 2 stages and total parallelism of 8 nodes[0m
[36m{MoStream} Cooperative MoStream runtime is used[0m
[36m{MoStream} CPU pinning is disabled[0m
[36m{MoStream} Pipeline starts...[0m
[36m{MoStream} ...terminated successfully![0m
PIPE_COOP_MPMC_RESULT backend= MICHAELSCOTT  producers= 4  consumers= 4  workers= 4  capacity= 1024  work_iterations= 160  messages= 200000  time_ms= 506.126895  throughput_Mtransfer_s= 0.39515781906827935  count= 200000  checksum= 476513354054716080  valid= True

block=9 position=1 command=['/tmp/mostream-ms-bench-9v2x9dkz/NBLFQ', '50000', '4', '4', '1024', '160']
[36m{MoStream} Starting pipeline execution with 2 stages and total parallelism of 8 nodes[0m
[36m{MoStream} Cooperative MoStream runtime is used[0m
[36m{MoStream} CPU pinning is disabled[0m
[36m{MoStream} Pipeline starts...[0m
[36m{MoStream} ...terminated successfully![0m
PIPE_COOP_MPMC_RESULT backend= NBLFQ  producers= 4  consumers= 4  workers= 4  capacity= 1024  work_iterations= 160  messages= 200000  time_ms= 601.875963  throughput_Mtransfer_s= 0.332294380063156  count= 200000  checksum= 476513354054716080  valid= True

block=9 position=2 command=['/tmp/mostream-ms-bench-9v2x9dkz/MPMC', '50000', '4', '4', '1024', '160']
[36m{MoStream} Starting pipeline execution with 2 stages and total parallelism of 8 nodes[0m
[36m{MoStream} Cooperative MoStream runtime is used[0m
[36m{MoStream} CPU pinning is disabled[0m
[36m{MoStream} Pipeline starts...[0m
[36m{MoStream} ...terminated successfully![0m
PIPE_COOP_MPMC_RESULT backend= MPMC  producers= 4  consumers= 4  workers= 4  capacity= 1024  work_iterations= 160  messages= 200000  time_ms= 450.856875  throughput_Mtransfer_s= 0.4435997565746336  count= 200000  checksum= 476513354054716080  valid= True

block=9 position=3 command=['/tmp/mostream-ms-bench-9v2x9dkz/PADDEDFAA', '50000', '4', '4', '1024', '160']
[36m{MoStream} Starting pipeline execution with 2 stages and total parallelism of 8 nodes[0m
[36m{MoStream} Cooperative MoStream runtime is used[0m
[36m{MoStream} CPU pinning is disabled[0m
[36m{MoStream} Pipeline starts...[0m
[36m{MoStream} ...terminated successfully![0m
PIPE_COOP_MPMC_RESULT backend= PADDEDFAA  producers= 4  consumers= 4  workers= 4  capacity= 1024  work_iterations= 160  messages= 200000  time_ms= 451.949654  throughput_Mtransfer_s= 0.44252716697510736  count= 200000  checksum= 476513354054716080  valid= True

block=9 position=4 command=['/tmp/mostream-ms-bench-9v2x9dkz/SCQ', '50000', '4', '4', '1024', '160']
[36m{MoStream} Starting pipeline execution with 2 stages and total parallelism of 8 nodes[0m
[36m{MoStream} Cooperative MoStream runtime is used[0m
[36m{MoStream} CPU pinning is disabled[0m
[36m{MoStream} Pipeline starts...[0m
[36m{MoStream} ...terminated successfully![0m
PIPE_COOP_MPMC_RESULT backend= SCQ  producers= 4  consumers= 4  workers= 4  capacity= 1024  work_iterations= 160  messages= 200000  time_ms= 548.820266  throughput_Mtransfer_s= 0.3644180297088373  count= 200000  checksum= 476513354054716080  valid= True

block=9 position=0 command=['/tmp/mostream-ms-bench-9v2x9dkz/MPMC', '50000', '4', '1', '1024', '160']
[36m{MoStream} Starting pipeline execution with 2 stages and total parallelism of 8 nodes[0m
[36m{MoStream} Cooperative MoStream runtime is used[0m
[36m{MoStream} CPU pinning is disabled[0m
[36m{MoStream} Pipeline starts...[0m
[36m{MoStream} ...terminated successfully![0m
PIPE_COOP_MPMC_RESULT backend= MPMC  producers= 4  consumers= 4  workers= 1  capacity= 1024  work_iterations= 160  messages= 200000  time_ms= 306.918205  throughput_Mtransfer_s= 0.6516394164367018  count= 200000  checksum= 476513354054716080  valid= True

block=9 position=1 command=['/tmp/mostream-ms-bench-9v2x9dkz/NBLFQ', '50000', '4', '1', '1024', '160']
[36m{MoStream} Starting pipeline execution with 2 stages and total parallelism of 8 nodes[0m
[36m{MoStream} Cooperative MoStream runtime is used[0m
[36m{MoStream} CPU pinning is disabled[0m
[36m{MoStream} Pipeline starts...[0m
[36m{MoStream} ...terminated successfully![0m
PIPE_COOP_MPMC_RESULT backend= NBLFQ  producers= 4  consumers= 4  workers= 1  capacity= 1024  work_iterations= 160  messages= 200000  time_ms= 412.385282  throughput_Mtransfer_s= 0.48498336077862253  count= 200000  checksum= 476513354054716080  valid= True

block=9 position=2 command=['/tmp/mostream-ms-bench-9v2x9dkz/SCQ', '50000', '4', '1', '1024', '160']
[36m{MoStream} Starting pipeline execution with 2 stages and total parallelism of 8 nodes[0m
[36m{MoStream} Cooperative MoStream runtime is used[0m
[36m{MoStream} CPU pinning is disabled[0m
[36m{MoStream} Pipeline starts...[0m
[36m{MoStream} ...terminated successfully![0m
PIPE_COOP_MPMC_RESULT backend= SCQ  producers= 4  consumers= 4  workers= 1  capacity= 1024  work_iterations= 160  messages= 200000  time_ms= 328.538158  throughput_Mtransfer_s= 0.6087572938787829  count= 200000  checksum= 476513354054716080  valid= True

block=9 position=3 command=['/tmp/mostream-ms-bench-9v2x9dkz/MICHAELSCOTT', '50000', '4', '1', '1024', '160']
[36m{MoStream} Starting pipeline execution with 2 stages and total parallelism of 8 nodes[0m
[36m{MoStream} Cooperative MoStream runtime is used[0m
[36m{MoStream} CPU pinning is disabled[0m
[36m{MoStream} Pipeline starts...[0m
[36m{MoStream} ...terminated successfully![0m
PIPE_COOP_MPMC_RESULT backend= MICHAELSCOTT  producers= 4  consumers= 4  workers= 1  capacity= 1024  work_iterations= 160  messages= 200000  time_ms= 315.549657  throughput_Mtransfer_s= 0.6338146645489778  count= 200000  checksum= 476513354054716080  valid= True

block=9 position=4 command=['/tmp/mostream-ms-bench-9v2x9dkz/PADDEDFAA', '50000', '4', '1', '1024', '160']
[36m{MoStream} Starting pipeline execution with 2 stages and total parallelism of 8 nodes[0m
[36m{MoStream} Cooperative MoStream runtime is used[0m
[36m{MoStream} CPU pinning is disabled[0m
[36m{MoStream} Pipeline starts...[0m
[36m{MoStream} ...terminated successfully![0m
PIPE_COOP_MPMC_RESULT backend= PADDEDFAA  producers= 4  consumers= 4  workers= 1  capacity= 1024  work_iterations= 160  messages= 200000  time_ms= 305.702858  throughput_Mtransfer_s= 0.6542300628409565  count= 200000  checksum= 476513354054716080  valid= True

block=9 position=0 command=['/tmp/mostream-ms-bench-9v2x9dkz/PADDEDFAA', '50000', '4', '2', '1024', '0']
[36m{MoStream} Starting pipeline execution with 2 stages and total parallelism of 8 nodes[0m
[36m{MoStream} Cooperative MoStream runtime is used[0m
[36m{MoStream} CPU pinning is disabled[0m
[36m{MoStream} Pipeline starts...[0m
[36m{MoStream} ...terminated successfully![0m
PIPE_COOP_MPMC_RESULT backend= PADDEDFAA  producers= 4  consumers= 4  workers= 2  capacity= 1024  work_iterations= 0  messages= 200000  time_ms= 460.835391  throughput_Mtransfer_s= 0.43399444553510863  count= 200000  checksum= 5000100000  valid= True

block=9 position=1 command=['/tmp/mostream-ms-bench-9v2x9dkz/MICHAELSCOTT', '50000', '4', '2', '1024', '0']
[36m{MoStream} Starting pipeline execution with 2 stages and total parallelism of 8 nodes[0m
[36m{MoStream} Cooperative MoStream runtime is used[0m
[36m{MoStream} CPU pinning is disabled[0m
[36m{MoStream} Pipeline starts...[0m
[36m{MoStream} ...terminated successfully![0m
PIPE_COOP_MPMC_RESULT backend= MICHAELSCOTT  producers= 4  consumers= 4  workers= 2  capacity= 1024  work_iterations= 0  messages= 200000  time_ms= 486.126505  throughput_Mtransfer_s= 0.41141554295625166  count= 200000  checksum= 5000100000  valid= True

block=9 position=2 command=['/tmp/mostream-ms-bench-9v2x9dkz/MPMC', '50000', '4', '2', '1024', '0']
[36m{MoStream} Starting pipeline execution with 2 stages and total parallelism of 8 nodes[0m
[36m{MoStream} Cooperative MoStream runtime is used[0m
[36m{MoStream} CPU pinning is disabled[0m
[36m{MoStream} Pipeline starts...[0m
[36m{MoStream} ...terminated successfully![0m
PIPE_COOP_MPMC_RESULT backend= MPMC  producers= 4  consumers= 4  workers= 2  capacity= 1024  work_iterations= 0  messages= 200000  time_ms= 431.842892  throughput_Mtransfer_s= 0.4631313927010288  count= 200000  checksum= 5000100000  valid= True

block=9 position=3 command=['/tmp/mostream-ms-bench-9v2x9dkz/NBLFQ', '50000', '4', '2', '1024', '0']
[36m{MoStream} Starting pipeline execution with 2 stages and total parallelism of 8 nodes[0m
[36m{MoStream} Cooperative MoStream runtime is used[0m
[36m{MoStream} CPU pinning is disabled[0m
[36m{MoStream} Pipeline starts...[0m
[36m{MoStream} ...terminated successfully![0m
PIPE_COOP_MPMC_RESULT backend= NBLFQ  producers= 4  consumers= 4  workers= 2  capacity= 1024  work_iterations= 0  messages= 200000  time_ms= 659.495313  throughput_Mtransfer_s= 0.30326220074288834  count= 200000  checksum= 5000100000  valid= True

block=9 position=4 command=['/tmp/mostream-ms-bench-9v2x9dkz/SCQ', '50000', '4', '2', '1024', '0']
[36m{MoStream} Starting pipeline execution with 2 stages and total parallelism of 8 nodes[0m
[36m{MoStream} Cooperative MoStream runtime is used[0m
[36m{MoStream} CPU pinning is disabled[0m
[36m{MoStream} Pipeline starts...[0m
[36m{MoStream} ...terminated successfully![0m
PIPE_COOP_MPMC_RESULT backend= SCQ  producers= 4  consumers= 4  workers= 2  capacity= 1024  work_iterations= 0  messages= 200000  time_ms= 512.747179  throughput_Mtransfer_s= 0.39005577834685656  count= 200000  checksum= 5000100000  valid= True

block=9 position=0 command=['/tmp/mostream-ms-bench-9v2x9dkz/PADDEDFAA', '50000', '4', '8', '1024', '160']
[36m{MoStream} Starting pipeline execution with 2 stages and total parallelism of 8 nodes[0m
[36m{MoStream} Cooperative MoStream runtime is used[0m
[36m{MoStream} CPU pinning is disabled[0m
[36m{MoStream} Pipeline starts...[0m
[36m{MoStream} ...terminated successfully![0m
PIPE_COOP_MPMC_RESULT backend= PADDEDFAA  producers= 4  consumers= 4  workers= 8  capacity= 1024  work_iterations= 160  messages= 200000  time_ms= 435.833714  throughput_Mtransfer_s= 0.4588906125789066  count= 200000  checksum= 476513354054716080  valid= True

block=9 position=1 command=['/tmp/mostream-ms-bench-9v2x9dkz/MPMC', '50000', '4', '8', '1024', '160']
[36m{MoStream} Starting pipeline execution with 2 stages and total parallelism of 8 nodes[0m
[36m{MoStream} Cooperative MoStream runtime is used[0m
[36m{MoStream} CPU pinning is disabled[0m
[36m{MoStream} Pipeline starts...[0m
[36m{MoStream} ...terminated successfully![0m
PIPE_COOP_MPMC_RESULT backend= MPMC  producers= 4  consumers= 4  workers= 8  capacity= 1024  work_iterations= 160  messages= 200000  time_ms= 424.264907  throughput_Mtransfer_s= 0.47140358936168153  count= 200000  checksum= 476513354054716080  valid= True

block=9 position=2 command=['/tmp/mostream-ms-bench-9v2x9dkz/NBLFQ', '50000', '4', '8', '1024', '160']
[36m{MoStream} Starting pipeline execution with 2 stages and total parallelism of 8 nodes[0m
[36m{MoStream} Cooperative MoStream runtime is used[0m
[36m{MoStream} CPU pinning is disabled[0m
[36m{MoStream} Pipeline starts...[0m
[36m{MoStream} ...terminated successfully![0m
PIPE_COOP_MPMC_RESULT backend= NBLFQ  producers= 4  consumers= 4  workers= 8  capacity= 1024  work_iterations= 160  messages= 200000  time_ms= 482.006086  throughput_Mtransfer_s= 0.4149325201673906  count= 200000  checksum= 476513354054716080  valid= True

block=9 position=3 command=['/tmp/mostream-ms-bench-9v2x9dkz/SCQ', '50000', '4', '8', '1024', '160']
[36m{MoStream} Starting pipeline execution with 2 stages and total parallelism of 8 nodes[0m
[36m{MoStream} Cooperative MoStream runtime is used[0m
[36m{MoStream} CPU pinning is disabled[0m
[36m{MoStream} Pipeline starts...[0m
[36m{MoStream} ...terminated successfully![0m
PIPE_COOP_MPMC_RESULT backend= SCQ  producers= 4  consumers= 4  workers= 8  capacity= 1024  work_iterations= 160  messages= 200000  time_ms= 480.842975  throughput_Mtransfer_s= 0.41593620037809637  count= 200000  checksum= 476513354054716080  valid= True

block=9 position=4 command=['/tmp/mostream-ms-bench-9v2x9dkz/MICHAELSCOTT', '50000', '4', '8', '1024', '160']
[36m{MoStream} Starting pipeline execution with 2 stages and total parallelism of 8 nodes[0m
[36m{MoStream} Cooperative MoStream runtime is used[0m
[36m{MoStream} CPU pinning is disabled[0m
[36m{MoStream} Pipeline starts...[0m
[36m{MoStream} ...terminated successfully![0m
PIPE_COOP_MPMC_RESULT backend= MICHAELSCOTT  producers= 4  consumers= 4  workers= 8  capacity= 1024  work_iterations= 160  messages= 200000  time_ms= 458.839967  throughput_Mtransfer_s= 0.43588182020769783  count= 200000  checksum= 476513354054716080  valid= True

block=9 position=0 command=['/tmp/mostream-ms-bench-9v2x9dkz/MPMC', '50000', '4', '8', '1024', '0']
[36m{MoStream} Starting pipeline execution with 2 stages and total parallelism of 8 nodes[0m
[36m{MoStream} Cooperative MoStream runtime is used[0m
[36m{MoStream} CPU pinning is disabled[0m
[36m{MoStream} Pipeline starts...[0m
[36m{MoStream} ...terminated successfully![0m
PIPE_COOP_MPMC_RESULT backend= MPMC  producers= 4  consumers= 4  workers= 8  capacity= 1024  work_iterations= 0  messages= 200000  time_ms= 454.968109  throughput_Mtransfer_s= 0.439591250559498  count= 200000  checksum= 5000100000  valid= True

block=9 position=1 command=['/tmp/mostream-ms-bench-9v2x9dkz/SCQ', '50000', '4', '8', '1024', '0']
[36m{MoStream} Starting pipeline execution with 2 stages and total parallelism of 8 nodes[0m
[36m{MoStream} Cooperative MoStream runtime is used[0m
[36m{MoStream} CPU pinning is disabled[0m
[36m{MoStream} Pipeline starts...[0m
[36m{MoStream} ...terminated successfully![0m
PIPE_COOP_MPMC_RESULT backend= SCQ  producers= 4  consumers= 4  workers= 8  capacity= 1024  work_iterations= 0  messages= 200000  time_ms= 402.220567  throughput_Mtransfer_s= 0.49723961529794175  count= 200000  checksum= 5000100000  valid= True

block=9 position=2 command=['/tmp/mostream-ms-bench-9v2x9dkz/PADDEDFAA', '50000', '4', '8', '1024', '0']
[36m{MoStream} Starting pipeline execution with 2 stages and total parallelism of 8 nodes[0m
[36m{MoStream} Cooperative MoStream runtime is used[0m
[36m{MoStream} CPU pinning is disabled[0m
[36m{MoStream} Pipeline starts...[0m
[36m{MoStream} ...terminated successfully![0m
PIPE_COOP_MPMC_RESULT backend= PADDEDFAA  producers= 4  consumers= 4  workers= 8  capacity= 1024  work_iterations= 0  messages= 200000  time_ms= 430.662757  throughput_Mtransfer_s= 0.46440050073798234  count= 200000  checksum= 5000100000  valid= True

block=9 position=3 command=['/tmp/mostream-ms-bench-9v2x9dkz/NBLFQ', '50000', '4', '8', '1024', '0']
[36m{MoStream} Starting pipeline execution with 2 stages and total parallelism of 8 nodes[0m
[36m{MoStream} Cooperative MoStream runtime is used[0m
[36m{MoStream} CPU pinning is disabled[0m
[36m{MoStream} Pipeline starts...[0m
[36m{MoStream} ...terminated successfully![0m
PIPE_COOP_MPMC_RESULT backend= NBLFQ  producers= 4  consumers= 4  workers= 8  capacity= 1024  work_iterations= 0  messages= 200000  time_ms= 440.619296  throughput_Mtransfer_s= 0.4539065851532748  count= 200000  checksum= 5000100000  valid= True

block=9 position=4 command=['/tmp/mostream-ms-bench-9v2x9dkz/MICHAELSCOTT', '50000', '4', '8', '1024', '0']
[36m{MoStream} Starting pipeline execution with 2 stages and total parallelism of 8 nodes[0m
[36m{MoStream} Cooperative MoStream runtime is used[0m
[36m{MoStream} CPU pinning is disabled[0m
[36m{MoStream} Pipeline starts...[0m
[36m{MoStream} ...terminated successfully![0m
PIPE_COOP_MPMC_RESULT backend= MICHAELSCOTT  producers= 4  consumers= 4  workers= 8  capacity= 1024  work_iterations= 0  messages= 200000  time_ms= 414.445066  throughput_Mtransfer_s= 0.4825730028114269  count= 200000  checksum= 5000100000  valid= True

block=9 position=0 command=['/tmp/mostream-ms-bench-9v2x9dkz/MICHAELSCOTT', '50000', '4', '4', '1024', '0']
[36m{MoStream} Starting pipeline execution with 2 stages and total parallelism of 8 nodes[0m
[36m{MoStream} Cooperative MoStream runtime is used[0m
[36m{MoStream} CPU pinning is disabled[0m
[36m{MoStream} Pipeline starts...[0m
[36m{MoStream} ...terminated successfully![0m
PIPE_COOP_MPMC_RESULT backend= MICHAELSCOTT  producers= 4  consumers= 4  workers= 4  capacity= 1024  work_iterations= 0  messages= 200000  time_ms= 445.500626  throughput_Mtransfer_s= 0.44893315144297913  count= 200000  checksum= 5000100000  valid= True

block=9 position=1 command=['/tmp/mostream-ms-bench-9v2x9dkz/NBLFQ', '50000', '4', '4', '1024', '0']
[36m{MoStream} Starting pipeline execution with 2 stages and total parallelism of 8 nodes[0m
[36m{MoStream} Cooperative MoStream runtime is used[0m
[36m{MoStream} CPU pinning is disabled[0m
[36m{MoStream} Pipeline starts...[0m
[36m{MoStream} ...terminated successfully![0m
PIPE_COOP_MPMC_RESULT backend= NBLFQ  producers= 4  consumers= 4  workers= 4  capacity= 1024  work_iterations= 0  messages= 200000  time_ms= 564.463651  throughput_Mtransfer_s= 0.3543186521323053  count= 200000  checksum= 5000100000  valid= True

block=9 position=2 command=['/tmp/mostream-ms-bench-9v2x9dkz/SCQ', '50000', '4', '4', '1024', '0']
[36m{MoStream} Starting pipeline execution with 2 stages and total parallelism of 8 nodes[0m
[36m{MoStream} Cooperative MoStream runtime is used[0m
[36m{MoStream} CPU pinning is disabled[0m
[36m{MoStream} Pipeline starts...[0m
[36m{MoStream} ...terminated successfully![0m
PIPE_COOP_MPMC_RESULT backend= SCQ  producers= 4  consumers= 4  workers= 4  capacity= 1024  work_iterations= 0  messages= 200000  time_ms= 442.789955  throughput_Mtransfer_s= 0.45168142985538146  count= 200000  checksum= 5000100000  valid= True

block=9 position=3 command=['/tmp/mostream-ms-bench-9v2x9dkz/MPMC', '50000', '4', '4', '1024', '0']
[36m{MoStream} Starting pipeline execution with 2 stages and total parallelism of 8 nodes[0m
[36m{MoStream} Cooperative MoStream runtime is used[0m
[36m{MoStream} CPU pinning is disabled[0m
[36m{MoStream} Pipeline starts...[0m
[36m{MoStream} ...terminated successfully![0m
PIPE_COOP_MPMC_RESULT backend= MPMC  producers= 4  consumers= 4  workers= 4  capacity= 1024  work_iterations= 0  messages= 200000  time_ms= 400.24049  throughput_Mtransfer_s= 0.49969956812715277  count= 200000  checksum= 5000100000  valid= True

block=9 position=4 command=['/tmp/mostream-ms-bench-9v2x9dkz/PADDEDFAA', '50000', '4', '4', '1024', '0']
[36m{MoStream} Starting pipeline execution with 2 stages and total parallelism of 8 nodes[0m
[36m{MoStream} Cooperative MoStream runtime is used[0m
[36m{MoStream} CPU pinning is disabled[0m
[36m{MoStream} Pipeline starts...[0m
[36m{MoStream} ...terminated successfully![0m
PIPE_COOP_MPMC_RESULT backend= PADDEDFAA  producers= 4  consumers= 4  workers= 4  capacity= 1024  work_iterations= 0  messages= 200000  time_ms= 441.128618  throughput_Mtransfer_s= 0.4533825098601968  count= 200000  checksum= 5000100000  valid= True

